/*
Navicat MySQL Data Transfer

Source Server         : Localhost
Source Server Version : 50540
Source Host           : localhost:3306
Source Database       : activity

Target Server Type    : MYSQL
Target Server Version : 50540
File Encoding         : 65001

Date: 2014-12-19 18:03:50
*/

SET FOREIGN_KEY_CHECKS=0;

-- ----------------------------
-- Table structure for core_attachments
-- ----------------------------
DROP TABLE IF EXISTS `core_attachments`;
CREATE TABLE `core_attachments` (
  `id` int(11) unsigned NOT NULL AUTO_INCREMENT,
  `module` varchar(32) DEFAULT NULL,
  `userId` int(11) unsigned NOT NULL,
  `nickname` varchar(90) DEFAULT NULL,
  `dir` varchar(64) DEFAULT NULL,
  `path` varchar(255) DEFAULT NULL,
  `thumbPath` varchar(255) DEFAULT NULL,
  `name` varchar(128) DEFAULT NULL,
  `size` bigint(20) NOT NULL DEFAULT '0',
  `type` varchar(90) DEFAULT NULL,
  `isImage` tinyint(4) NOT NULL DEFAULT '0',
  `width` int(11) DEFAULT NULL,
  `height` int(11) DEFAULT NULL,
  `createTime` int(10) NOT NULL,
  `updateTime` int(10) NOT NULL,
  PRIMARY KEY (`id`)
) ENGINE=InnoDB AUTO_INCREMENT=8 DEFAULT CHARSET=utf8;

-- ----------------------------
-- Records of core_attachments
-- ----------------------------
INSERT INTO `core_attachments` VALUES ('1', 'x5tour', '1', 'vivo冯永杰', '2014/10-18/', '2014/10-18/14136256325442372036cf9.jpg', '2014/10-18/14136256325442372036cf9.jpg', '火狐截图_2014-04-28T02-29-29.jpg', '130960', 'image/jpeg', '1', '450', '300', '1413625632', '1413625632');
INSERT INTO `core_attachments` VALUES ('2', 'x5tour', '1', 'vivo冯永杰', '2014/10-18/', '2014/10-18/1413625819544237db4f28f.png', '2014/10-18/1413625819544237db4f28f.png', '火狐截图_2014-04-28T02-29-40.png', '27565', 'image/png', '1', '330', '247', '1413625819', '1413625819');
INSERT INTO `core_attachments` VALUES ('3', 'x5tour', '1', 'vivo冯永杰', '2014/10-18/', '2014/10-18/141362647554423a6b78888.jpg', '2014/10-18/141362647554423a6b78888.jpg', 'IMG_20141012_120423.jpg', '4435801', 'image/jpeg', '1', '4208', '3120', '1413626475', '1413626475');
INSERT INTO `core_attachments` VALUES ('4', 'x5tour', '1', 'vivo冯永杰', '2014/10-18/', '2014/10-18/141362656454423ac442983.jpg', '2014/10-18/141362656454423ac442983.jpg', '1413626369237.jpg', '3675372', 'image/jpeg', '1', '3120', '4208', '1413626564', '1413626564');
INSERT INTO `core_attachments` VALUES ('5', 'x5tour', '1', 'vivo冯永杰', '2014/10-18/', '2014/10-18/1413628363544241cb87f75.jpg', '2014/10-18/1413628363544241cb87f75.jpg', '火狐截图_2014-04-28T02-29-29.jpg', '130960', 'image/jpeg', '1', '450', '300', '1413628363', '1413628363');
INSERT INTO `core_attachments` VALUES ('6', 'x5tour', '1', 'vivo冯永杰', '2014/10-18/', '2014/10-18/1413628383544241df40bb5.png', '2014/10-18/1413628383544241df40bb5.png', '火狐截图_2014-04-28T02-29-49.486Z.png', '2589435', 'image/png', '1', '1125', '1180', '1413628383', '1413628383');
INSERT INTO `core_attachments` VALUES ('7', 'x5tour', '1', '神圣的测试员', '2014/11-03/', '2014/11-03/14149843855456f2c111996.png', '2014/11-03/14149843855456f2c111996.png', '001.png', '368964', 'image/png', '1', '760', '739', '1414984384', '1414984384');

-- ----------------------------
-- Table structure for core_data_bag
-- ----------------------------
DROP TABLE IF EXISTS `core_data_bag`;
CREATE TABLE `core_data_bag` (
  `module` varchar(32) NOT NULL DEFAULT 'core',
  `name` varchar(32) NOT NULL,
  `value` text,
  `createTime` int(10) NOT NULL,
  `updateTime` int(10) NOT NULL,
  PRIMARY KEY (`module`,`name`)
) ENGINE=InnoDB DEFAULT CHARSET=utf8;

-- ----------------------------
-- Records of core_data_bag
-- ----------------------------
INSERT INTO `core_data_bag` VALUES ('karaoke', 'sinceId', '\"3759806260866343\"', '1411890956', '1411891821');
INSERT INTO `core_data_bag` VALUES ('xshot', 'lastUpdate', '1414400107', '1414037804', '1414400107');
INSERT INTO `core_data_bag` VALUES ('xshot', 'photoList', '[{\"filename\":\"032.jpg\",\"intro\":\"@jeep\\u6768\"},{\"filename\":\"012.jpg\",\"intro\":\"@B-NUT\\u5927\\u82b1\\u751f\"},{\"filename\":\"017.jpg\",\"intro\":\"@\\u641c\\u864e\"},{\"filename\":\"034.jpg\",\"intro\":\"@jeep\\u6768\"},{\"filename\":\"035.jpg\",\"intro\":\"@jeep\\u6768\"},{\"filename\":\"003.jpg\",\"intro\":\"@\\u7537\\u4e01\\u6615\"},{\"filename\":\"031.jpg\",\"intro\":\"@jeep\\u6768\"},{\"filename\":\"005.jpg\",\"intro\":\"@\\u98de\\u626c\"},{\"filename\":\"013.jpg\",\"intro\":\"@\\u7a46\\u6749\\u4f2f\\u7537\"},{\"filename\":\"024.jpg\",\"intro\":\"@\\u7070\\u306e\\u592a\\u90ce\"},{\"filename\":\"036.jpg\",\"intro\":\"@jeep\\u6768\"},{\"filename\":\"030.jpg\",\"intro\":\"@jeep\\u6768\"},{\"filename\":\"006.jpg\",\"intro\":\"@\\u6e3a\\u832b\"},{\"filename\":\"041.jpg\",\"intro\":\"@jeep\\u6768\"},{\"filename\":\"022.jpg\",\"intro\":\"@\\u674e\\u5fd7\\u677e\"},{\"filename\":\"029.jpg\",\"intro\":\"@\\u523b\\u6728\\u5934\\u7684\\u955c\\u5934\"},{\"filename\":\"011.jpg\",\"intro\":\"@\\u5343\\u91cc\"},{\"filename\":\"009.jpg\",\"intro\":\"@\\u9ea6\\u5c0f\\u6743_MAC\"},{\"filename\":\"033.jpg\",\"intro\":\"@jeep\\u6768\"},{\"filename\":\"010.jpg\",\"intro\":\"@\\u6e05\\u6e05\"},{\"filename\":\"028.jpg\",\"intro\":\"@\\u6700\\u540e\\u534a\\u652f\"},{\"filename\":\"025.jpg\",\"intro\":\"@\\u7c73\\u955cNano\"},{\"filename\":\"015.jpg\",\"intro\":\"@\\u884c\\u5e8f\"},{\"filename\":\"004.jpg\",\"intro\":\"@\\u548c\\u5e73\"},{\"filename\":\"019.jpg\",\"intro\":\"@\\u5a67\\u5b9d\\u5b9d\"},{\"filename\":\"008.jpg\",\"intro\":\"@\\u5e7b\\u5f71\\u9a91\\u58eb\\u82cf\\u676d\"},{\"filename\":\"042.jpg\",\"intro\":\"@jeep\\u6768\"},{\"filename\":\"038.jpg\",\"intro\":\"@jeep\\u6768\"},{\"filename\":\"001.jpg\",\"intro\":\"@\\u693f\\u4e09\\u5341\\u90ce\"},{\"filename\":\"018.jpg\",\"intro\":\"@\\u53f6\\u5b50\\u7ae5\\u978b\"},{\"filename\":\"040.jpg\",\"intro\":\"@jeep\\u6768\"},{\"filename\":\"026.jpg\",\"intro\":\"@\\u9e4f\\u9704\\u4e07\\u91cc\"},{\"filename\":\"020.jpg\",\"intro\":\"@Pinky\\u9ec4\\u60a6\"},{\"filename\":\"023.jpg\",\"intro\":\"@\\u53e4\\u98ce\\u5fbd\\u97f5\"},{\"filename\":\"002.jpg\",\"intro\":\"@\\u8001\\u6b4c\"},{\"filename\":\"027.jpg\",\"intro\":\"@\\u897f\\u57ce\\u79cb\\u8272\"},{\"filename\":\"039.jpg\",\"intro\":\"@jeep\\u6768\"},{\"filename\":\"037.jpg\",\"intro\":\"@jeep\\u6768\"},{\"filename\":\"007.jpg\",\"intro\":\"@\\u4efb\\u7d2b\\u7389ziyu\"},{\"filename\":\"014.jpg\",\"intro\":\"@\\u5b50\\u4e18\"},{\"filename\":\"021.jpg\",\"intro\":\"@\\u60a0\\u95f2\\u725b\\u4ed4\"},{\"filename\":\"016.jpg\",\"intro\":\"@\\u9ad8\\u4e3d\\u9edb\"}]', '1414037804', '1414052578');

-- ----------------------------
-- Table structure for core_draw_results
-- ----------------------------
DROP TABLE IF EXISTS `core_draw_results`;
CREATE TABLE `core_draw_results` (
  `id` bigint(20) unsigned NOT NULL AUTO_INCREMENT,
  `module` varchar(40) DEFAULT NULL,
  `activityId` int(11) NOT NULL DEFAULT '0',
  `userId` int(11) NOT NULL,
  `nickname` varchar(90) NOT NULL,
  `date` varchar(8) NOT NULL,
  `prizeId` int(11) unsigned NOT NULL,
  `isLuck` tinyint(4) NOT NULL DEFAULT '0',
  `isMobile` tinyint(4) NOT NULL DEFAULT '0',
  `isCoupon` tinyint(4) NOT NULL,
  `exchange` tinyint(4) NOT NULL DEFAULT '0',
  `exchangeTime` int(10) DEFAULT NULL,
  `deadline` int(10) NOT NULL DEFAULT '0',
  `couponId` bigint(20) DEFAULT NULL,
  `createTime` int(10) NOT NULL,
  `updateTime` int(10) NOT NULL,
  PRIMARY KEY (`id`),
  KEY `userId` (`userId`) USING BTREE,
  KEY `module_activityId` (`module`,`activityId`) USING BTREE,
  KEY `module_activityId_userId` (`module`,`activityId`,`userId`) USING BTREE,
  KEY `deadline` (`deadline`) USING BTREE
) ENGINE=InnoDB AUTO_INCREMENT=199 DEFAULT CHARSET=utf8;

-- ----------------------------
-- Records of core_draw_results
-- ----------------------------
INSERT INTO `core_draw_results` VALUES ('1', 'x5tour', '0', '1', 'vivo冯永杰', '20141010', '4', '0', '0', '0', '0', null, '0', '0', '1412919146', '1412919146');
INSERT INTO `core_draw_results` VALUES ('2', 'x5tour', '0', '1', 'vivo冯永杰', '20141010', '4', '0', '0', '0', '0', null, '0', '0', '1412919149', '1412919149');
INSERT INTO `core_draw_results` VALUES ('3', 'x5tour', '0', '1', 'vivo冯永杰', '20141010', '4', '0', '0', '0', '0', null, '0', '0', '1412919152', '1412919152');
INSERT INTO `core_draw_results` VALUES ('4', 'x5tour', '0', '1', 'vivo冯永杰', '20141010', '4', '0', '0', '0', '0', null, '0', '0', '1412919155', '1412919155');
INSERT INTO `core_draw_results` VALUES ('5', 'x5tour', '0', '1', 'vivo冯永杰', '20141010', '4', '0', '0', '0', '0', null, '0', '0', '1412919190', '1412919190');
INSERT INTO `core_draw_results` VALUES ('6', 'x5tour', '0', '1', 'vivo冯永杰', '20141010', '4', '0', '0', '0', '0', null, '0', '0', '1412919196', '1412919196');
INSERT INTO `core_draw_results` VALUES ('7', 'x5tour', '0', '1', 'vivo冯永杰', '20141010', '4', '0', '0', '0', '0', null, '0', '0', '1412919276', '1412919276');
INSERT INTO `core_draw_results` VALUES ('8', 'x5tour', '0', '1', 'vivo冯永杰', '20141010', '4', '0', '0', '0', '0', null, '0', '0', '1412919279', '1412919279');
INSERT INTO `core_draw_results` VALUES ('9', 'x5tour', '0', '1', 'vivo冯永杰', '20141010', '4', '0', '0', '0', '0', null, '0', '0', '1412919282', '1412919282');
INSERT INTO `core_draw_results` VALUES ('10', 'x5tour', '0', '1', 'vivo冯永杰', '20141010', '4', '0', '0', '0', '0', null, '0', '0', '1412919285', '1412919285');
INSERT INTO `core_draw_results` VALUES ('11', 'x5tour', '0', '1', 'vivo冯永杰', '20141010', '4', '0', '0', '0', '0', null, '0', '0', '1412919288', '1412919288');
INSERT INTO `core_draw_results` VALUES ('12', 'x5tour', '0', '1', 'vivo冯永杰', '20141010', '4', '0', '0', '0', '0', null, '0', '0', '1412919291', '1412919291');
INSERT INTO `core_draw_results` VALUES ('13', 'x5tour', '0', '1', 'vivo冯永杰', '20141010', '2', '1', '0', '0', '0', '1414049203', '0', '0', '1412919295', '1414049203');
INSERT INTO `core_draw_results` VALUES ('14', 'x5tour', '0', '1', 'vivo冯永杰', '20141010', '4', '0', '0', '0', '0', null, '0', '0', '1412919298', '1412919298');
INSERT INTO `core_draw_results` VALUES ('15', 'x5tour', '0', '1', 'vivo冯永杰', '20141010', '4', '0', '0', '0', '0', null, '0', '0', '1412919301', '1412919301');
INSERT INTO `core_draw_results` VALUES ('16', 'x5tour', '0', '1', 'vivo冯永杰', '20141010', '4', '0', '0', '0', '0', null, '0', '0', '1412919304', '1412919304');
INSERT INTO `core_draw_results` VALUES ('17', 'x5tour', '0', '1', 'vivo冯永杰', '20141010', '4', '0', '0', '0', '0', null, '0', '0', '1412919308', '1412919308');
INSERT INTO `core_draw_results` VALUES ('18', 'x5tour', '0', '1', 'vivo冯永杰', '20141010', '4', '0', '0', '0', '0', null, '0', '0', '1412919311', '1412919311');
INSERT INTO `core_draw_results` VALUES ('19', 'x5tour', '0', '1', 'vivo冯永杰', '20141010', '4', '0', '0', '0', '0', null, '0', '0', '1412919577', '1412919577');
INSERT INTO `core_draw_results` VALUES ('20', 'x5tour', '0', '1', 'vivo冯永杰', '20141010', '4', '0', '0', '0', '0', null, '0', '0', '1412919581', '1412919581');
INSERT INTO `core_draw_results` VALUES ('21', 'x5tour', '0', '1', 'vivo冯永杰', '20141010', '4', '0', '0', '0', '0', null, '0', '0', '1412919585', '1412919585');
INSERT INTO `core_draw_results` VALUES ('22', 'x5tour', '0', '1', 'vivo冯永杰', '20141010', '4', '0', '0', '0', '0', null, '0', '0', '1412919744', '1412919744');
INSERT INTO `core_draw_results` VALUES ('23', 'x5tour', '0', '1', 'vivo冯永杰', '20141010', '4', '0', '0', '0', '0', null, '0', '0', '1412919852', '1412919852');
INSERT INTO `core_draw_results` VALUES ('24', 'x5tour', '0', '1', 'vivo冯永杰', '20141010', '4', '0', '0', '0', '0', null, '0', '0', '1412919981', '1412919981');
INSERT INTO `core_draw_results` VALUES ('25', 'x5tour', '0', '1', 'vivo冯永杰', '20141010', '4', '0', '0', '0', '0', null, '0', '0', '1412920082', '1412920082');
INSERT INTO `core_draw_results` VALUES ('26', 'x5tour', '0', '1', 'vivo冯永杰', '20141010', '4', '0', '0', '0', '0', null, '0', '0', '1412920106', '1412920106');
INSERT INTO `core_draw_results` VALUES ('27', 'x5tour', '0', '1', 'vivo冯永杰', '20141010', '4', '0', '0', '0', '0', null, '0', '0', '1412920130', '1412920130');
INSERT INTO `core_draw_results` VALUES ('28', 'x5tour', '0', '1', 'vivo冯永杰', '20141010', '4', '0', '0', '0', '0', null, '0', '0', '1412920136', '1412920136');
INSERT INTO `core_draw_results` VALUES ('29', 'x5tour', '0', '1', 'vivo冯永杰', '20141010', '4', '0', '0', '0', '0', null, '0', '0', '1412920140', '1412920140');
INSERT INTO `core_draw_results` VALUES ('30', 'x5tour', '0', '1', 'vivo冯永杰', '20141010', '4', '0', '0', '0', '0', null, '0', '0', '1412920145', '1412920145');
INSERT INTO `core_draw_results` VALUES ('31', 'x5tour', '0', '1', 'vivo冯永杰', '20141010', '4', '0', '0', '0', '0', null, '0', '0', '1412920376', '1412920376');
INSERT INTO `core_draw_results` VALUES ('32', 'x5tour', '0', '1', 'vivo冯永杰', '20141010', '4', '0', '0', '0', '0', null, '0', '0', '1412920381', '1412920381');
INSERT INTO `core_draw_results` VALUES ('33', 'x5tour', '0', '1', 'vivo冯永杰', '20141010', '4', '0', '0', '0', '0', null, '0', '0', '1412920387', '1412920387');
INSERT INTO `core_draw_results` VALUES ('34', 'x5tour', '0', '1', 'vivo冯永杰', '20141010', '4', '0', '0', '0', '0', null, '0', '0', '1412925967', '1412925967');
INSERT INTO `core_draw_results` VALUES ('35', 'x5tour', '0', '1', 'vivo冯永杰', '20141010', '4', '0', '0', '0', '0', null, '0', '0', '1412925971', '1412925971');
INSERT INTO `core_draw_results` VALUES ('36', 'x5tour', '0', '1', 'vivo冯永杰', '20141010', '4', '0', '0', '0', '0', null, '0', '0', '1412925974', '1412925974');
INSERT INTO `core_draw_results` VALUES ('37', 'x5tour', '0', '1', 'vivo冯永杰', '20141010', '4', '0', '0', '0', '0', null, '0', '0', '1412925978', '1412925978');
INSERT INTO `core_draw_results` VALUES ('38', 'x5tour', '0', '1', 'vivo冯永杰', '20141010', '4', '0', '0', '0', '0', null, '0', '0', '1412925981', '1412925981');
INSERT INTO `core_draw_results` VALUES ('39', 'x5tour', '0', '1', 'vivo冯永杰', '20141010', '4', '0', '0', '0', '0', null, '0', '0', '1412925986', '1412925986');
INSERT INTO `core_draw_results` VALUES ('40', 'x5tour', '0', '1', 'vivo冯永杰', '20141010', '4', '0', '0', '0', '0', null, '0', '0', '1412925992', '1412925992');
INSERT INTO `core_draw_results` VALUES ('41', 'x5tour', '0', '1', 'vivo冯永杰', '20141010', '4', '0', '0', '0', '0', null, '0', '0', '1412925995', '1412925995');
INSERT INTO `core_draw_results` VALUES ('42', 'x5tour', '0', '1', 'vivo冯永杰', '20141010', '4', '0', '0', '0', '0', null, '0', '0', '1412925998', '1412925998');
INSERT INTO `core_draw_results` VALUES ('43', 'x5tour', '0', '1', 'vivo冯永杰', '20141010', '4', '0', '0', '0', '0', null, '0', '0', '1412927373', '1412927373');
INSERT INTO `core_draw_results` VALUES ('44', 'x5tour', '0', '1', 'vivo冯永杰', '20141010', '4', '0', '0', '0', '0', null, '0', '0', '1412927399', '1412927399');
INSERT INTO `core_draw_results` VALUES ('45', 'x5tour', '0', '1', 'vivo冯永杰', '20141010', '4', '0', '0', '0', '0', null, '0', '0', '1412928698', '1412928698');
INSERT INTO `core_draw_results` VALUES ('46', 'x5tour', '0', '1', 'vivo冯永杰', '20141010', '4', '0', '0', '0', '0', null, '0', '0', '1412928821', '1412928821');
INSERT INTO `core_draw_results` VALUES ('47', 'x5tour', '0', '1', 'vivo冯永杰', '20141010', '4', '0', '0', '0', '0', null, '0', '0', '1412928856', '1412928856');
INSERT INTO `core_draw_results` VALUES ('48', 'x5tour', '0', '1', 'vivo冯永杰', '20141010', '4', '0', '0', '0', '0', null, '0', '0', '1412928861', '1412928861');
INSERT INTO `core_draw_results` VALUES ('49', 'x5tour', '0', '1', 'vivo冯永杰', '20141010', '4', '0', '0', '0', '0', null, '0', '0', '1412928875', '1412928875');
INSERT INTO `core_draw_results` VALUES ('50', 'x5tour', '0', '1', 'vivo冯永杰', '20141010', '4', '0', '0', '0', '0', null, '0', '0', '1412928892', '1412928892');
INSERT INTO `core_draw_results` VALUES ('51', 'x5tour', '0', '1', 'vivo冯永杰', '20141010', '4', '0', '0', '0', '0', null, '0', '0', '1412928939', '1412928939');
INSERT INTO `core_draw_results` VALUES ('52', 'x5tour', '0', '1', 'vivo冯永杰', '20141010', '4', '0', '0', '0', '0', null, '0', '0', '1412932647', '1412932647');
INSERT INTO `core_draw_results` VALUES ('53', 'x5tour', '0', '1', 'vivo冯永杰', '20141014', '4', '0', '0', '0', '0', null, '0', '0', '1413278736', '1413278736');
INSERT INTO `core_draw_results` VALUES ('54', 'x5tour', '0', '1', 'vivo冯永杰', '20141014', '4', '0', '0', '0', '0', null, '0', '0', '1413278758', '1413278758');
INSERT INTO `core_draw_results` VALUES ('55', 'x5tour', '0', '1', 'vivo冯永杰', '20141014', '4', '0', '0', '0', '0', null, '0', '0', '1413278767', '1413278767');
INSERT INTO `core_draw_results` VALUES ('56', 'x5tour', '0', '1', 'vivo冯永杰', '20141015', '4', '0', '0', '0', '0', null, '0', '0', '1413356742', '1413356742');
INSERT INTO `core_draw_results` VALUES ('57', 'x5tour', '0', '1', 'vivo冯永杰', '20141015', '4', '0', '0', '0', '0', null, '0', '0', '1413356772', '1413356772');
INSERT INTO `core_draw_results` VALUES ('58', 'x5tour', '0', '1', 'vivo冯永杰', '20141018', '4', '0', '0', '0', '0', null, '0', '0', '1413608199', '1413608199');
INSERT INTO `core_draw_results` VALUES ('59', 'x5tour', '0', '1', 'vivo冯永杰', '20141018', '4', '0', '0', '0', '0', null, '0', '0', '1413608202', '1413608202');
INSERT INTO `core_draw_results` VALUES ('60', 'x5tour', '0', '1', 'vivo冯永杰', '20141018', '4', '0', '0', '0', '0', null, '0', '0', '1413625825', '1413625825');
INSERT INTO `core_draw_results` VALUES ('61', 'x5tour', '0', '1', 'vivo冯永杰', '20141018', '4', '0', '0', '0', '0', null, '0', '0', '1413626500', '1413626500');
INSERT INTO `core_draw_results` VALUES ('62', 'x5tour', '0', '1', 'vivo冯永杰', '20141018', '4', '0', '0', '0', '0', null, '0', '0', '1413626504', '1413626504');
INSERT INTO `core_draw_results` VALUES ('63', 'x5tour', '0', '1', 'vivo冯永杰', '20141018', '4', '0', '0', '0', '0', null, '0', '0', '1413626508', '1413626508');
INSERT INTO `core_draw_results` VALUES ('64', 'x5tour', '0', '1', 'vivo冯永杰', '20141018', '4', '0', '0', '0', '0', null, '0', '0', '1413626512', '1413626512');
INSERT INTO `core_draw_results` VALUES ('65', 'x5tour', '0', '1', 'vivo冯永杰', '20141018', '4', '0', '0', '0', '0', null, '0', '0', '1413626516', '1413626516');
INSERT INTO `core_draw_results` VALUES ('66', 'x5tour', '0', '1', 'vivo冯永杰', '20141018', '4', '0', '0', '0', '0', null, '0', '0', '1413626519', '1413626519');
INSERT INTO `core_draw_results` VALUES ('67', 'x5tour', '0', '1', 'vivo冯永杰', '20141018', '4', '0', '0', '0', '0', null, '0', '0', '1413626533', '1413626533');
INSERT INTO `core_draw_results` VALUES ('68', 'x5tour', '0', '1', 'vivo冯永杰', '20141018', '4', '0', '0', '0', '0', null, '0', '0', '1413626536', '1413626536');
INSERT INTO `core_draw_results` VALUES ('69', 'xianglepai', '0', '1', 'vivo冯永杰', '20141021', '11', '0', '0', '0', '0', null, '0', '0', '1413859470', '1413859470');
INSERT INTO `core_draw_results` VALUES ('70', 'xianglepai', '0', '1', 'vivo冯永杰', '20141021', '11', '0', '0', '0', '0', null, '0', '0', '1413859475', '1413859475');
INSERT INTO `core_draw_results` VALUES ('71', 'xianglepai', '0', '1', 'vivo冯永杰', '20141021', '11', '0', '0', '0', '0', null, '0', '0', '1413859475', '1413859475');
INSERT INTO `core_draw_results` VALUES ('72', 'xianglepai', '0', '1', 'vivo冯永杰', '20141021', '11', '0', '0', '0', '0', null, '0', '0', '1413859480', '1413859480');
INSERT INTO `core_draw_results` VALUES ('73', 'xianglepai', '0', '1', 'vivo冯永杰', '20141021', '11', '0', '0', '0', '0', null, '0', '0', '1413859481', '1413859481');
INSERT INTO `core_draw_results` VALUES ('74', 'xianglepai', '0', '1', 'vivo冯永杰', '20141021', '11', '0', '0', '0', '0', null, '0', '0', '1413859482', '1413859482');
INSERT INTO `core_draw_results` VALUES ('75', 'xianglepai', '0', '1', 'vivo冯永杰', '20141021', '8', '0', '0', '0', '0', null, '0', '0', '1413859482', '1413859482');
INSERT INTO `core_draw_results` VALUES ('76', 'xianglepai', '0', '1', 'vivo冯永杰', '20141021', '11', '0', '0', '0', '0', null, '0', '0', '1413859483', '1413859483');
INSERT INTO `core_draw_results` VALUES ('77', 'xianglepai', '0', '1', 'vivo冯永杰', '20141021', '8', '0', '0', '0', '0', null, '0', '0', '1413859483', '1413859483');
INSERT INTO `core_draw_results` VALUES ('78', 'xianglepai', '0', '1', 'vivo冯永杰', '20141021', '11', '0', '0', '0', '0', null, '0', '0', '1413859535', '1413859535');
INSERT INTO `core_draw_results` VALUES ('79', 'xianglepai', '0', '1', 'vivo冯永杰', '20141021', '8', '0', '0', '0', '0', null, '0', '0', '1413859559', '1413859559');
INSERT INTO `core_draw_results` VALUES ('80', 'xianglepai', '0', '1', 'vivo冯永杰', '20141021', '11', '0', '0', '0', '0', null, '0', '0', '1413859561', '1413859561');
INSERT INTO `core_draw_results` VALUES ('81', 'xianglepai', '0', '1', 'vivo冯永杰', '20141021', '8', '0', '0', '0', '0', null, '0', '0', '1413859562', '1413859562');
INSERT INTO `core_draw_results` VALUES ('82', 'xianglepai', '0', '1', 'vivo冯永杰', '20141021', '11', '0', '0', '0', '0', null, '0', '0', '1413859563', '1413859563');
INSERT INTO `core_draw_results` VALUES ('83', 'xianglepai', '0', '1', 'vivo冯永杰', '20141021', '8', '0', '0', '0', '0', null, '0', '0', '1413859563', '1413859563');
INSERT INTO `core_draw_results` VALUES ('84', 'xianglepai', '0', '1', 'vivo冯永杰', '20141021', '11', '0', '0', '0', '0', null, '0', '0', '1413859564', '1413859564');
INSERT INTO `core_draw_results` VALUES ('85', 'xianglepai', '0', '1', 'vivo冯永杰', '20141021', '8', '0', '0', '0', '0', null, '0', '0', '1413859565', '1413859565');
INSERT INTO `core_draw_results` VALUES ('86', 'xianglepai', '0', '1', 'vivo冯永杰', '20141021', '8', '0', '0', '0', '0', null, '0', '0', '1413859565', '1413859565');
INSERT INTO `core_draw_results` VALUES ('87', 'xianglepai', '0', '1', 'vivo冯永杰', '20141021', '11', '0', '0', '0', '0', null, '0', '0', '1413859566', '1413859566');
INSERT INTO `core_draw_results` VALUES ('88', 'xianglepai', '0', '1', 'vivo冯永杰', '20141021', '8', '0', '0', '0', '0', null, '0', '0', '1413859569', '1413859569');
INSERT INTO `core_draw_results` VALUES ('89', 'xianglepai', '0', '1', 'vivo冯永杰', '20141021', '8', '0', '0', '0', '0', null, '0', '0', '1413859573', '1413859573');
INSERT INTO `core_draw_results` VALUES ('90', 'xianglepai', '0', '1', 'vivo冯永杰', '20141021', '11', '0', '0', '0', '0', null, '0', '0', '1413859595', '1413859595');
INSERT INTO `core_draw_results` VALUES ('91', 'xianglepai', '0', '1', 'vivo冯永杰', '20141021', '11', '0', '0', '0', '0', null, '0', '0', '1413859615', '1413859615');
INSERT INTO `core_draw_results` VALUES ('92', 'xianglepai', '0', '1', 'vivo冯永杰', '20141021', '8', '0', '0', '0', '0', null, '0', '0', '1413859629', '1413859629');
INSERT INTO `core_draw_results` VALUES ('93', 'xianglepai', '0', '1', 'vivo冯永杰', '20141021', '11', '0', '0', '0', '0', null, '0', '0', '1413859645', '1413859645');
INSERT INTO `core_draw_results` VALUES ('94', 'xianglepai', '0', '1', 'vivo冯永杰', '20141021', '8', '0', '0', '0', '0', null, '0', '0', '1413862354', '1413862354');
INSERT INTO `core_draw_results` VALUES ('95', 'xianglepai', '0', '1', 'vivo冯永杰', '20141021', '8', '0', '0', '0', '0', null, '0', '0', '1413862368', '1413862368');
INSERT INTO `core_draw_results` VALUES ('96', 'xianglepai', '0', '1', 'vivo冯永杰', '20141021', '11', '0', '0', '0', '0', null, '0', '0', '1413875560', '1413875560');
INSERT INTO `core_draw_results` VALUES ('97', 'xianglepai', '0', '1', 'vivo冯永杰', '20141021', '8', '0', '0', '0', '0', null, '0', '0', '1413875585', '1413875585');
INSERT INTO `core_draw_results` VALUES ('98', 'xianglepai', '0', '1', 'vivo冯永杰', '20141021', '11', '0', '0', '0', '0', null, '0', '0', '1413875693', '1413875693');
INSERT INTO `core_draw_results` VALUES ('99', 'xianglepai', '0', '1', 'vivo冯永杰', '20141021', '8', '0', '0', '0', '0', null, '0', '0', '1413875800', '1413875800');
INSERT INTO `core_draw_results` VALUES ('100', 'xianglepai', '0', '1', 'vivo冯永杰', '20141021', '11', '0', '0', '0', '0', null, '0', '0', '1413876742', '1413876742');
INSERT INTO `core_draw_results` VALUES ('101', 'xianglepai', '0', '3', 'Fung Wing Kit', '20141021', '11', '0', '0', '0', '0', null, '0', '0', '1413876768', '1413876768');
INSERT INTO `core_draw_results` VALUES ('102', 'xianglepai', '0', '3', 'Fung Wing Kit', '20141021', '8', '0', '0', '0', '0', null, '0', '0', '1413876792', '1413876792');
INSERT INTO `core_draw_results` VALUES ('103', 'xianglepai', '0', '3', 'Fung Wing Kit', '20141021', '11', '0', '0', '0', '0', null, '0', '0', '1413877193', '1413877193');
INSERT INTO `core_draw_results` VALUES ('104', 'xianglepai', '0', '3', 'Fung Wing Kit', '20141021', '11', '0', '0', '0', '0', null, '0', '0', '1413878318', '1413878318');
INSERT INTO `core_draw_results` VALUES ('105', 'xianglepai', '0', '2', '多唠多德', '20141021', '11', '0', '0', '0', '0', null, '0', '0', '1413878369', '1413878369');
INSERT INTO `core_draw_results` VALUES ('106', 'xianglepai', '0', '1', 'vivo冯永杰', '20141023', '5', '1', '0', '0', '0', null, '0', '0', '1414049841', '1414049841');
INSERT INTO `core_draw_results` VALUES ('107', 'xianglepai', '0', '1', 'vivo冯永杰', '20141023', '11', '0', '0', '0', '0', null, '0', '0', '1414049908', '1414049908');
INSERT INTO `core_draw_results` VALUES ('108', 'qmtd', '0', '1', '神圣的测试员', '20141110', '16', '0', '0', '0', '0', null, '0', '0', '1415592129', '1415592129');
INSERT INTO `core_draw_results` VALUES ('109', 'qmtd', '0', '1', '神圣的测试员', '20141110', '16', '0', '0', '0', '0', null, '0', '0', '1415592140', '1415592140');
INSERT INTO `core_draw_results` VALUES ('110', 'qmtd', '0', '1', '神圣的测试员', '20141110', '16', '0', '0', '0', '0', null, '0', '0', '1415592565', '1415592565');
INSERT INTO `core_draw_results` VALUES ('111', 'qmtd', '0', '1', '神圣的测试员', '20141110', '16', '0', '0', '0', '0', null, '0', '0', '1415592566', '1415592566');
INSERT INTO `core_draw_results` VALUES ('112', 'qmtd', '0', '1', '神圣的测试员', '20141110', '16', '0', '0', '0', '0', null, '0', '0', '1415592568', '1415592568');
INSERT INTO `core_draw_results` VALUES ('113', 'qmtd', '0', '1', '神圣的测试员', '20141110', '16', '0', '0', '0', '0', null, '0', '0', '1415592568', '1415592568');
INSERT INTO `core_draw_results` VALUES ('114', 'qmtd', '0', '1', '神圣的测试员', '20141110', '16', '0', '0', '0', '0', null, '0', '0', '1415592569', '1415592569');
INSERT INTO `core_draw_results` VALUES ('115', 'qmtd', '0', '1', '神圣的测试员', '20141110', '16', '0', '0', '0', '0', null, '0', '0', '1415592570', '1415592570');
INSERT INTO `core_draw_results` VALUES ('116', 'qmtd', '0', '1', '神圣的测试员', '20141110', '16', '0', '0', '0', '0', null, '0', '0', '1415592570', '1415592570');
INSERT INTO `core_draw_results` VALUES ('117', 'qmtd', '0', '1', '神圣的测试员', '20141110', '16', '0', '0', '0', '0', null, '0', '0', '1415592571', '1415592571');
INSERT INTO `core_draw_results` VALUES ('118', 'qmtd', '0', '1', '神圣的测试员', '20141110', '16', '0', '0', '0', '0', null, '0', '0', '1415592572', '1415592572');
INSERT INTO `core_draw_results` VALUES ('119', 'qmtd', '0', '1', '神圣的测试员', '20141110', '16', '0', '0', '0', '0', null, '0', '0', '1415592572', '1415592572');
INSERT INTO `core_draw_results` VALUES ('120', 'qmtd', '0', '1', '神圣的测试员', '20141110', '16', '0', '0', '0', '0', null, '0', '0', '1415592573', '1415592573');
INSERT INTO `core_draw_results` VALUES ('121', 'qmtd', '0', '1', '神圣的测试员', '20141110', '16', '0', '0', '0', '0', null, '0', '0', '1415592574', '1415592574');
INSERT INTO `core_draw_results` VALUES ('122', 'qmtd', '0', '1', '神圣的测试员', '20141110', '16', '0', '0', '0', '0', null, '0', '0', '1415592574', '1415592574');
INSERT INTO `core_draw_results` VALUES ('123', 'qmtd', '0', '1', '神圣的测试员', '20141110', '16', '0', '0', '0', '0', null, '0', '0', '1415592575', '1415592575');
INSERT INTO `core_draw_results` VALUES ('124', 'qmtd', '0', '1', '神圣的测试员', '20141110', '16', '0', '0', '0', '0', null, '0', '0', '1415592576', '1415592576');
INSERT INTO `core_draw_results` VALUES ('125', 'qmtd', '0', '1', '神圣的测试员', '20141110', '16', '0', '0', '0', '0', null, '0', '0', '1415592576', '1415592576');
INSERT INTO `core_draw_results` VALUES ('126', 'qmtd', '0', '1', '神圣的测试员', '20141110', '16', '0', '0', '0', '0', null, '0', '0', '1415592577', '1415592577');
INSERT INTO `core_draw_results` VALUES ('127', 'qmtd', '0', '1', '神圣的测试员', '20141110', '16', '0', '0', '0', '0', null, '0', '0', '1415592577', '1415592577');
INSERT INTO `core_draw_results` VALUES ('128', 'qmtd', '0', '1', '神圣的测试员', '20141110', '16', '0', '0', '0', '0', null, '0', '0', '1415592578', '1415592578');
INSERT INTO `core_draw_results` VALUES ('129', 'qmtd', '0', '1', '神圣的测试员', '20141110', '16', '0', '0', '0', '0', null, '0', '0', '1415592579', '1415592579');
INSERT INTO `core_draw_results` VALUES ('130', 'qmtd', '0', '1', '神圣的测试员', '20141110', '16', '0', '0', '0', '0', null, '0', '0', '1415592580', '1415592580');
INSERT INTO `core_draw_results` VALUES ('131', 'qmtd', '0', '1', '神圣的测试员', '20141110', '16', '0', '0', '0', '0', null, '0', '0', '1415592580', '1415592580');
INSERT INTO `core_draw_results` VALUES ('132', 'qmtd', '0', '1', '神圣的测试员', '20141110', '16', '0', '0', '0', '0', null, '0', '0', '1415592581', '1415592581');
INSERT INTO `core_draw_results` VALUES ('133', 'qmtd', '0', '1', '神圣的测试员', '20141110', '16', '0', '0', '0', '0', null, '0', '0', '1415592581', '1415592581');
INSERT INTO `core_draw_results` VALUES ('134', 'qmtd', '0', '1', '神圣的测试员', '20141110', '16', '0', '0', '0', '0', null, '0', '0', '1415592582', '1415592582');
INSERT INTO `core_draw_results` VALUES ('135', 'qmtd', '0', '1', '神圣的测试员', '20141110', '16', '0', '0', '0', '0', null, '0', '0', '1415592582', '1415592582');
INSERT INTO `core_draw_results` VALUES ('136', 'qmtd', '0', '1', '神圣的测试员', '20141110', '16', '0', '0', '0', '0', null, '0', '0', '1415592593', '1415592593');
INSERT INTO `core_draw_results` VALUES ('137', 'qmtd', '0', '1', '神圣的测试员', '20141110', '16', '0', '0', '0', '0', null, '0', '0', '1415592594', '1415592594');
INSERT INTO `core_draw_results` VALUES ('138', 'qmtd', '0', '1', '神圣的测试员', '20141110', '16', '0', '0', '0', '0', null, '0', '0', '1415592663', '1415592663');
INSERT INTO `core_draw_results` VALUES ('139', 'qmtd', '0', '1', '神圣的测试员', '20141110', '16', '0', '0', '0', '0', null, '0', '0', '1415592664', '1415592664');
INSERT INTO `core_draw_results` VALUES ('140', 'qmtd', '0', '1', '神圣的测试员', '20141110', '16', '0', '0', '0', '0', null, '0', '0', '1415592665', '1415592665');
INSERT INTO `core_draw_results` VALUES ('141', 'qmtd', '0', '1', '神圣的测试员', '20141110', '16', '0', '0', '0', '0', null, '0', '0', '1415592666', '1415592666');
INSERT INTO `core_draw_results` VALUES ('142', 'qmtd', '0', '1', '神圣的测试员', '20141110', '16', '0', '0', '0', '0', null, '0', '0', '1415592666', '1415592666');
INSERT INTO `core_draw_results` VALUES ('143', 'qmtd', '0', '1', '神圣的测试员', '20141110', '16', '0', '0', '0', '0', null, '0', '0', '1415592699', '1415592699');
INSERT INTO `core_draw_results` VALUES ('144', 'qmtd', '0', '1', '神圣的测试员', '20141110', '16', '0', '0', '0', '0', null, '0', '0', '1415592699', '1415592699');
INSERT INTO `core_draw_results` VALUES ('145', 'qmtd', '0', '1', '神圣的测试员', '20141110', '16', '0', '0', '0', '0', null, '0', '0', '1415592700', '1415592700');
INSERT INTO `core_draw_results` VALUES ('146', 'qmtd', '0', '1', '神圣的测试员', '20141110', '16', '0', '0', '0', '0', null, '0', '0', '1415592840', '1415592840');
INSERT INTO `core_draw_results` VALUES ('147', 'qmtd', '0', '1', '神圣的测试员', '20141110', '16', '0', '0', '0', '0', null, '0', '0', '1415592869', '1415592869');
INSERT INTO `core_draw_results` VALUES ('148', 'qmtd', '0', '1', '神圣的测试员', '20141110', '16', '0', '0', '0', '0', null, '0', '0', '1415592872', '1415592872');
INSERT INTO `core_draw_results` VALUES ('149', 'qmtd', '0', '1', '神圣的测试员', '20141110', '16', '0', '0', '0', '0', null, '0', '0', '1415592896', '1415592896');
INSERT INTO `core_draw_results` VALUES ('150', 'qmtd', '0', '1', '神圣的测试员', '20141110', '16', '0', '0', '0', '0', null, '0', '0', '1415592897', '1415592897');
INSERT INTO `core_draw_results` VALUES ('151', 'qmtd', '0', '1', '神圣的测试员', '20141110', '16', '0', '0', '0', '0', null, '0', '0', '1415592897', '1415592897');
INSERT INTO `core_draw_results` VALUES ('152', 'qmtd', '0', '1', '神圣的测试员', '20141110', '16', '0', '0', '0', '0', null, '0', '0', '1415592898', '1415592898');
INSERT INTO `core_draw_results` VALUES ('153', 'qmtd', '0', '1', '神圣的测试员', '20141110', '16', '0', '0', '0', '0', null, '0', '0', '1415592898', '1415592898');
INSERT INTO `core_draw_results` VALUES ('154', 'qmtd', '0', '1', '神圣的测试员', '20141110', '16', '0', '0', '0', '0', null, '0', '0', '1415592899', '1415592899');
INSERT INTO `core_draw_results` VALUES ('155', 'qmtd', '0', '1', '神圣的测试员', '20141110', '16', '0', '0', '0', '0', null, '0', '0', '1415592899', '1415592899');
INSERT INTO `core_draw_results` VALUES ('156', 'qmtd', '0', '1', '神圣的测试员', '20141110', '16', '0', '0', '0', '0', null, '0', '0', '1415597293', '1415597293');
INSERT INTO `core_draw_results` VALUES ('157', 'qmtd', '0', '1', '神圣的测试员', '20141110', '16', '0', '0', '0', '0', null, '0', '0', '1415597295', '1415597295');
INSERT INTO `core_draw_results` VALUES ('158', 'qmtd', '0', '1', '神圣的测试员', '20141110', '16', '0', '0', '0', '0', null, '0', '0', '1415597296', '1415597296');
INSERT INTO `core_draw_results` VALUES ('159', 'qmtd', '0', '1', '神圣的测试员', '20141110', '16', '0', '0', '0', '0', null, '0', '0', '1415597297', '1415597297');
INSERT INTO `core_draw_results` VALUES ('160', 'qmtd', '0', '1', '神圣的测试员', '20141110', '16', '0', '0', '0', '0', null, '0', '0', '1415597297', '1415597297');
INSERT INTO `core_draw_results` VALUES ('161', 'qmtd', '0', '1', '神圣的测试员', '20141110', '16', '0', '0', '0', '0', null, '0', '0', '1415597437', '1415597437');
INSERT INTO `core_draw_results` VALUES ('162', 'qmtd', '0', '1', '神圣的测试员', '20141110', '16', '0', '0', '0', '0', null, '0', '0', '1415597497', '1415597497');
INSERT INTO `core_draw_results` VALUES ('163', 'qmtd', '0', '1', '神圣的测试员', '20141110', '16', '0', '0', '0', '0', null, '0', '0', '1415597515', '1415597515');
INSERT INTO `core_draw_results` VALUES ('164', 'qmtd', '0', '1', '神圣的测试员', '20141110', '16', '0', '0', '0', '0', null, '0', '0', '1415597584', '1415597584');
INSERT INTO `core_draw_results` VALUES ('165', 'qmtd', '0', '1', '神圣的测试员', '20141110', '16', '0', '0', '0', '0', null, '0', '0', '1415597619', '1415597619');
INSERT INTO `core_draw_results` VALUES ('166', 'qmtd', '0', '1', '神圣的测试员', '20141110', '16', '0', '0', '0', '0', null, '0', '0', '1415597727', '1415597727');
INSERT INTO `core_draw_results` VALUES ('167', 'qmtd', '0', '1', '神圣的测试员', '20141110', '13', '1', '1', '0', '0', null, '1415630263', '0', '1415600263', '1415600263');
INSERT INTO `core_draw_results` VALUES ('168', 'thin', '0', '1', '神圣的测试员', '20141125', '19', '0', '0', '0', '0', null, '0', '0', '1416901196', '1416901196');
INSERT INTO `core_draw_results` VALUES ('169', 'thin', '0', '1', '神圣的测试员', '20141125', '19', '0', '0', '0', '0', null, '0', '0', '1416901213', '1416901213');
INSERT INTO `core_draw_results` VALUES ('170', 'thin', '0', '1', '神圣的测试员', '20141125', '19', '0', '0', '0', '0', null, '0', '0', '1416901321', '1416901321');
INSERT INTO `core_draw_results` VALUES ('171', 'thin', '0', '1', '神圣的测试员', '20141125', '19', '0', '0', '0', '0', null, '0', '0', '1416901334', '1416901334');
INSERT INTO `core_draw_results` VALUES ('172', 'thin', '0', '1', '神圣的测试员', '20141125', '19', '0', '0', '0', '0', null, '0', '0', '1416901345', '1416901345');
INSERT INTO `core_draw_results` VALUES ('173', 'thin', '0', '1', '神圣的测试员', '20141125', '19', '0', '0', '0', '0', null, '0', '0', '1416901357', '1416901357');
INSERT INTO `core_draw_results` VALUES ('174', 'thin', '0', '1', '神圣的测试员', '20141125', '19', '0', '0', '0', '0', null, '0', '0', '1416901420', '1416901420');
INSERT INTO `core_draw_results` VALUES ('175', 'thin', '0', '1', '神圣的测试员', '20141125', '19', '0', '0', '0', '0', null, '0', '0', '1416901485', '1416901485');
INSERT INTO `core_draw_results` VALUES ('176', 'thin', '0', '1', '神圣的测试员', '20141125', '19', '0', '0', '0', '0', null, '0', '0', '1416901543', '1416901543');
INSERT INTO `core_draw_results` VALUES ('177', 'thin', '0', '1', '神圣的测试员', '20141125', '19', '0', '0', '0', '0', null, '0', '0', '1416903920', '1416903920');
INSERT INTO `core_draw_results` VALUES ('178', 'thin', '0', '1', '神圣的测试员', '20141125', '19', '0', '0', '0', '0', null, '0', '0', '1416903931', '1416903931');
INSERT INTO `core_draw_results` VALUES ('179', 'thin', '0', '1', '神圣的测试员', '20141125', '17', '1', '1', '0', '1', '1416979270', '0', '0', '1416903941', '1416979270');
INSERT INTO `core_draw_results` VALUES ('180', 'thin', '0', '13', '正5青春', '20141125', '19', '0', '0', '0', '0', null, '0', '0', '1416907915', '1416907915');
INSERT INTO `core_draw_results` VALUES ('181', 'thin', '0', '13', '正5青春', '20141125', '17', '0', '0', '0', '0', null, '0', '0', '1416907937', '1416907937');
INSERT INTO `core_draw_results` VALUES ('182', 'thin', '0', '13', '正5青春', '20141125', '19', '0', '0', '0', '0', null, '0', '0', '1416907953', '1416907953');
INSERT INTO `core_draw_results` VALUES ('183', 'thin', '0', '1', '神圣的测试员', '20141126', '19', '0', '0', '0', '0', null, '0', '0', '1416967075', '1416967075');
INSERT INTO `core_draw_results` VALUES ('184', 'thin', '0', '1', '神圣的测试员', '20141126', '19', '0', '0', '0', '0', null, '0', '0', '1416967086', '1416967086');
INSERT INTO `core_draw_results` VALUES ('185', 'thin', '0', '1', '神圣的测试员', '20141126', '19', '0', '0', '0', '0', null, '0', '0', '1416967096', '1416967096');
INSERT INTO `core_draw_results` VALUES ('186', 'thin', '0', '1', '神圣的测试员', '20141126', '19', '0', '0', '0', '0', null, '0', '0', '1416967546', '1416967546');
INSERT INTO `core_draw_results` VALUES ('187', 'thin', '0', '1', '神圣的测试员', '20141126', '19', '0', '0', '0', '0', null, '0', '0', '1416967556', '1416967556');
INSERT INTO `core_draw_results` VALUES ('188', 'thin', '0', '1', '神圣的测试员', '20141126', '19', '0', '0', '0', '0', null, '0', '0', '1416967567', '1416967567');
INSERT INTO `core_draw_results` VALUES ('189', 'thin', '0', '1', '神圣的测试员', '20141126', '19', '0', '0', '0', '0', null, '0', '0', '1416979847', '1416979847');
INSERT INTO `core_draw_results` VALUES ('190', 'thin', '0', '1', '神圣的测试员', '20141126', '19', '0', '0', '0', '0', null, '0', '0', '1416979860', '1416979860');
INSERT INTO `core_draw_results` VALUES ('191', 'thin', '0', '1', '神圣的测试员', '20141126', '19', '0', '0', '0', '0', null, '0', '0', '1416979871', '1416979871');
INSERT INTO `core_draw_results` VALUES ('192', 'thin', '0', '1', '神圣的测试员', '20141126', '19', '0', '0', '0', '0', null, '0', '0', '1416979962', '1416979962');
INSERT INTO `core_draw_results` VALUES ('193', 'thin', '0', '1', '神圣的测试员', '20141126', '19', '0', '0', '0', '0', null, '0', '0', '1416980024', '1416980024');
INSERT INTO `core_draw_results` VALUES ('194', 'thin', '0', '1', '神圣的测试员', '20141126', '19', '0', '0', '0', '0', null, '0', '0', '1416980093', '1416980093');
INSERT INTO `core_draw_results` VALUES ('195', 'vivox5max', '0', '1', '神圣的测试员', '20141210', '25', '0', '0', '0', '0', null, '0', '0', '1418201250', '1418201250');
INSERT INTO `core_draw_results` VALUES ('196', 'vivox5max', '0', '1', '神圣的测试员', '20141210', '24', '0', '0', '0', '0', null, '0', '0', '1418201304', '1418201304');
INSERT INTO `core_draw_results` VALUES ('197', 'vivox5max', '0', '1', '神圣的测试员', '20141210', '22', '0', '0', '0', '0', null, '0', '0', '1418201319', '1418201319');
INSERT INTO `core_draw_results` VALUES ('198', 'vivox5max', '0', '3', 'Fung Wing Kit', '20141210', '27', '0', '0', '0', '0', null, '0', '0', '1418201375', '1418201375');

-- ----------------------------
-- Table structure for core_exchange
-- ----------------------------
DROP TABLE IF EXISTS `core_exchange`;
CREATE TABLE `core_exchange` (
  `id` bigint(20) unsigned NOT NULL AUTO_INCREMENT,
  `module` varchar(90) DEFAULT NULL,
  `activityId` int(11) NOT NULL DEFAULT '0',
  `userId` int(11) unsigned NOT NULL,
  `nickname` varchar(90) DEFAULT NULL,
  `resultId` bigint(20) unsigned NOT NULL,
  `prizeId` int(11) unsigned NOT NULL,
  `name` varchar(90) DEFAULT NULL,
  `mobile` varchar(20) DEFAULT NULL,
  `idcard` varchar(36) DEFAULT NULL,
  `address` varchar(255) DEFAULT NULL,
  `note` text,
  `extra` text,
  `ipAddress` varchar(40) DEFAULT NULL,
  `userAgent` varchar(255) DEFAULT NULL,
  `createTime` int(10) NOT NULL,
  `updateTime` int(10) NOT NULL,
  PRIMARY KEY (`id`),
  KEY `module_activityId` (`module`,`activityId`) USING BTREE
) ENGINE=InnoDB AUTO_INCREMENT=2 DEFAULT CHARSET=utf8;

-- ----------------------------
-- Records of core_exchange
-- ----------------------------
INSERT INTO `core_exchange` VALUES ('1', 'thin', '0', '1', '神圣的测试员', '179', '17', '冯永杰', '18603055039', '452145214521452', '测试测试', null, null, '10.0.2.2', 'Mozilla/5.0 (Windows NT 6.1; Win64; x64) AppleWebKit/537.36 (KHTML, like Gecko) Chrome/38.0.2125.111 Safari/537.36', '1416979270', '1416979270');

-- ----------------------------
-- Table structure for core_module_login
-- ----------------------------
DROP TABLE IF EXISTS `core_module_login`;
CREATE TABLE `core_module_login` (
  `id` int(11) unsigned NOT NULL AUTO_INCREMENT,
  `userId` int(11) unsigned NOT NULL,
  `nickname` varchar(90) DEFAULT NULL,
  `module` varchar(16) DEFAULT NULL,
  `createTime` int(10) NOT NULL,
  `updateTime` int(10) NOT NULL,
  PRIMARY KEY (`id`),
  KEY `userId_module` (`userId`,`module`) USING BTREE
) ENGINE=InnoDB AUTO_INCREMENT=37 DEFAULT CHARSET=utf8;

-- ----------------------------
-- Records of core_module_login
-- ----------------------------
INSERT INTO `core_module_login` VALUES ('1', '1', 'vivo冯永杰', 'karaoke', '1411191849', '1411191849');
INSERT INTO `core_module_login` VALUES ('2', '1', 'vivo冯永杰', 'xianglepai', '1411191898', '1411191898');
INSERT INTO `core_module_login` VALUES ('3', '4', '夢X啦哆', 'karaoke', '1411439317', '1411439317');
INSERT INTO `core_module_login` VALUES ('4', '5', '荒与诞', 'karaoke', '1411705250', '1411705250');
INSERT INTO `core_module_login` VALUES ('5', '6', '张立大高个儿', 'karaoke', '1411877329', '1411877329');
INSERT INTO `core_module_login` VALUES ('6', '7', '封家大少', 'karaoke', '1411877408', '1411877408');
INSERT INTO `core_module_login` VALUES ('7', '8', '迷路的二手青年', 'karaoke', '1411887742', '1411887742');
INSERT INTO `core_module_login` VALUES ('8', '3', 'Fung Wing Kit', 'karaoke', '1411972379', '1411972379');
INSERT INTO `core_module_login` VALUES ('9', '2', '多唠多德', 'karaoke', '1411977395', '1411977395');
INSERT INTO `core_module_login` VALUES ('10', '1', 'vivo冯永杰', 'x5tour', '1412652004', '1412652004');
INSERT INTO `core_module_login` VALUES ('11', '1', 'vivo冯永杰', 'prize', '1412731047', '1412731047');
INSERT INTO `core_module_login` VALUES ('12', '1', 'vivo冯永杰', 'auth', '1412842105', '1412842105');
INSERT INTO `core_module_login` VALUES ('13', '1', 'vivo冯永杰', 'site', '1412842106', '1412842106');
INSERT INTO `core_module_login` VALUES ('14', '2', '多唠多德', 'auth', '1413533225', '1413533225');
INSERT INTO `core_module_login` VALUES ('15', '3', 'Fung Wing Kit', 'auth', '1413533512', '1413533512');
INSERT INTO `core_module_login` VALUES ('16', '4', '夢X啦哆', 'x5tour', '1413533514', '1413533514');
INSERT INTO `core_module_login` VALUES ('17', '9', null, 'auth', '1413533697', '1413533697');
INSERT INTO `core_module_login` VALUES ('18', '9', null, 'x5tour', '1413534095', '1413534095');
INSERT INTO `core_module_login` VALUES ('19', '2', '多唠多德', 'xianglepai', '1413789911', '1413789911');
INSERT INTO `core_module_login` VALUES ('20', '3', 'Fung Wing Kit', 'xianglepai', '1413876274', '1413876274');
INSERT INTO `core_module_login` VALUES ('21', '1', 'vivo冯永杰', 'xshot', '1413884112', '1413884112');
INSERT INTO `core_module_login` VALUES ('22', '1', '神圣的测试员', 'admin', '1414658667', '1414658667');
INSERT INTO `core_module_login` VALUES ('23', '10', null, 'auth', '1414984128', '1414984128');
INSERT INTO `core_module_login` VALUES ('24', '1', '神圣的测试员', 'qmtd', '1414988061', '1414988061');
INSERT INTO `core_module_login` VALUES ('25', '4', '夢X啦哆', 'qmtd', '1415255786', '1415255786');
INSERT INTO `core_module_login` VALUES ('26', '1', '神圣的测试员', 'thin', '1416381244', '1416381244');
INSERT INTO `core_module_login` VALUES ('27', '3', 'Fung Wing Kit', 'thin', '1416456206', '1416456206');
INSERT INTO `core_module_login` VALUES ('28', '11', '青铜月', 'thin', '1416550579', '1416550579');
INSERT INTO `core_module_login` VALUES ('29', '4', '夢X啦哆', 'thin', '1416885578', '1416885578');
INSERT INTO `core_module_login` VALUES ('30', '12', null, 'auth', '1416906568', '1416906568');
INSERT INTO `core_module_login` VALUES ('31', '13', '正5青春', 'thin', '1416907817', '1416907817');
INSERT INTO `core_module_login` VALUES ('32', '4', '夢X啦哆', 'prize', '1416977256', '1416977256');
INSERT INTO `core_module_login` VALUES ('33', '1', '神圣的测试员', 'hifi20', '1416984377', '1416984377');
INSERT INTO `core_module_login` VALUES ('34', '1', '神圣的测试员', 'vivox5max', '1418198298', '1418198298');
INSERT INTO `core_module_login` VALUES ('35', '3', 'Fung Wing Kit', 'vivox5max', '1418201371', '1418201371');
INSERT INTO `core_module_login` VALUES ('36', '3', 'Fung Wing Kit', 'prize', '1418201379', '1418201379');

-- ----------------------------
-- Table structure for core_prize
-- ----------------------------
DROP TABLE IF EXISTS `core_prize`;
CREATE TABLE `core_prize` (
  `id` int(11) unsigned NOT NULL AUTO_INCREMENT,
  `module` varchar(40) DEFAULT NULL,
  `activityId` int(11) NOT NULL DEFAULT '0',
  `level` smallint(6) NOT NULL DEFAULT '0',
  `name` varchar(90) NOT NULL,
  `unit` varchar(4) DEFAULT NULL,
  `image` varchar(255) DEFAULT NULL,
  `count` int(11) NOT NULL DEFAULT '0',
  `total` int(11) NOT NULL DEFAULT '0',
  `weight` int(11) NOT NULL DEFAULT '0',
  `isLuck` tinyint(4) NOT NULL DEFAULT '0',
  `isMobile` tinyint(4) NOT NULL DEFAULT '0',
  `isCoupon` tinyint(4) NOT NULL DEFAULT '0',
  `extra` text,
  `sort` int(11) NOT NULL DEFAULT '0',
  `createTime` int(10) NOT NULL,
  `updateTime` int(10) NOT NULL,
  PRIMARY KEY (`id`),
  KEY `module_activityId` (`module`,`activityId`) USING BTREE
) ENGINE=InnoDB AUTO_INCREMENT=29 DEFAULT CHARSET=utf8;

-- ----------------------------
-- Records of core_prize
-- ----------------------------
INSERT INTO `core_prize` VALUES ('1', 'x5tour', '0', '0', 'vivo X5', '台', 'img/g1.png', '0', '0', '1', '1', '1', '0', null, '10', '1412913211', '1412913211');
INSERT INTO `core_prize` VALUES ('2', 'x5tour', '0', '0', '移动电源', '个', 'img/g2.png', '0', '0', '2', '1', '0', '0', null, '8', '1412913211', '1412913211');
INSERT INTO `core_prize` VALUES ('3', 'x5tour', '0', '0', '高品质耳机', '条', 'img/g3.png', '0', '0', '3', '1', '0', '0', null, '6', '1412913211', '1412913211');
INSERT INTO `core_prize` VALUES ('4', 'x5tour', '0', '0', '没有中奖', null, null, '69', '999999999', '999999', '0', '0', '0', null, '0', '1412913211', '1412913211');
INSERT INTO `core_prize` VALUES ('5', 'xianglepai', '0', '0', 'vivo Xshot', '台', 'img/01.png', '0', '0', '1', '1', '1', '0', '{\"itemId\": 1}', '10', '1413857653', '1413857653');
INSERT INTO `core_prize` VALUES ('6', 'xianglepai', '0', '0', 'Xshot定制相册', '本', 'img/02.png', '0', '20', '500', '1', '0', '0', '{\"itemId\": 2}', '9', '1413857653', '1413857653');
INSERT INTO `core_prize` VALUES ('7', 'xianglepai', '0', '0', '高品质耳机', '条', 'img/03.png', '0', '10', '100', '1', '0', '0', '{\"itemId\": 3}', '8', '1413857653', '1413857653');
INSERT INTO `core_prize` VALUES ('8', 'xianglepai', '0', '0', '没有中奖', null, 'img/04.png', '2', '999999999', '50000', '0', '0', '0', '{\"itemId\": 8}', '7', '1413857653', '1413857653');
INSERT INTO `core_prize` VALUES ('9', 'xianglepai', '0', '0', '享乐派定制T恤', '件', 'img/05.png', '0', '10', '100', '1', '0', '0', '{\"itemId\": 4}', '6', '1413857653', '1413857653');
INSERT INTO `core_prize` VALUES ('10', 'xianglepai', '0', '0', '移动电源', '个', 'img/06.png', '0', '10', '100', '1', '0', '0', '{\"itemId\": 7}', '5', '1413857653', '1413857653');
INSERT INTO `core_prize` VALUES ('11', 'xianglepai', '0', '0', '没有中奖', null, 'img/04.png', '4', '999999999', '50000', '0', '0', '0', '{\"itemId\": 6}', '4', '1413857653', '1413857653');
INSERT INTO `core_prize` VALUES ('12', 'xianglepai', '0', '0', '享乐派门票', '张', 'img/07.png', '0', '20', '500', '1', '0', '0', '{\"itemId\": 5}', '3', '1413857653', '1413857653');
INSERT INTO `core_prize` VALUES ('13', 'qmtd', '0', '0', 'vivo X5', '台', null, '0', '2', '1', '1', '1', '0', null, '3', '1415589476', '1415589476');
INSERT INTO `core_prize` VALUES ('14', 'qmtd', '0', '0', 'vivo原装移动电源', '个', null, '0', '10', '10', '1', '0', '0', null, '2', '1415589476', '1415589476');
INSERT INTO `core_prize` VALUES ('15', 'qmtd', '0', '0', 'vivo XE800耳机', '条', null, '0', '10', '1', '1', '0', '0', null, '1', '1415589476', '1415589476');
INSERT INTO `core_prize` VALUES ('16', 'qmtd', '0', '0', '没有中奖', null, null, '2', '999999999', '50000', '0', '0', '0', null, '0', '1415589476', '1415589476');
INSERT INTO `core_prize` VALUES ('17', 'thin', '0', '0', 'vivo X5', '台', null, '0', '0', '1', '1', '1', '0', '{\"result\":1}', '4', '1416900814', '1416900814');
INSERT INTO `core_prize` VALUES ('18', 'thin', '0', '0', '移动电源', '个', null, '0', '15', '200', '1', '0', '0', '{\"result\":2}', '3', '1416900814', '1416900814');
INSERT INTO `core_prize` VALUES ('19', 'thin', '0', '0', '再接再厉', null, null, '0', '0', '100000', '0', '0', '0', '{\"result\":3}', '2', '1416900814', '1416900814');
INSERT INTO `core_prize` VALUES ('20', 'thin', '0', '0', '高品质耳机', '条', null, '0', '30', '500', '1', '0', '0', '{\"result\":4}', '1', '1416900814', '1416900814');
INSERT INTO `core_prize` VALUES ('21', 'vivox5max', '0', '0', 'vivo X5Max', '台', 'img/01.png', '0', '0', '1', '1', '1', '0', '{\"itemId\": 1}', '10', '1413857653', '1413857653');
INSERT INTO `core_prize` VALUES ('22', 'vivox5max', '0', '0', '没有中奖', '', 'img/05.png', '0', '99999999', '50000', '0', '0', '0', '{\"itemId\": 2}', '9', '1413857653', '1413857653');
INSERT INTO `core_prize` VALUES ('23', 'vivox5max', '0', '0', '高品质耳机', '条', 'img/04.png', '0', '0', '100', '1', '0', '0', '{\"itemId\": 3}', '8', '1413857653', '1413857653');
INSERT INTO `core_prize` VALUES ('24', 'vivox5max', '0', '0', '没有中奖', null, 'img/06.png', '0', '99999999', '50000', '0', '0', '0', '{\"itemId\": 8}', '7', '1413857653', '1413857653');
INSERT INTO `core_prize` VALUES ('25', 'vivox5max', '0', '0', '没有中奖', '', 'img/05.png', '0', '99999999', '50000', '0', '0', '0', '{\"itemId\": 4}', '6', '1413857653', '1413857653');
INSERT INTO `core_prize` VALUES ('26', 'vivox5max', '0', '0', '移动电源', '个', 'img/03.png', '0', '0', '100', '1', '0', '0', '{\"itemId\": 7}', '5', '1413857653', '1413857653');
INSERT INTO `core_prize` VALUES ('27', 'vivox5max', '0', '0', '没有中奖', null, 'img/06.png', '1', '99999999', '50000', '0', '0', '0', '{\"itemId\": 6}', '4', '1413857653', '1413857653');
INSERT INTO `core_prize` VALUES ('28', 'vivox5max', '0', '0', 'vivo X-Calling', '个', 'img/02.png', '0', '0', '100', '1', '0', '0', '{\"itemId\": 5}', '3', '1413857653', '1413857653');

-- ----------------------------
-- Table structure for core_sessions
-- ----------------------------
DROP TABLE IF EXISTS `core_sessions`;
CREATE TABLE `core_sessions` (
  `id` varchar(36) NOT NULL,
  `data` text NOT NULL,
  `createTime` int(15) unsigned NOT NULL,
  `updateTime` int(15) unsigned DEFAULT NULL,
  PRIMARY KEY (`id`),
  KEY `createTime` (`createTime`) USING BTREE,
  KEY `updateTime` (`updateTime`) USING BTREE
) ENGINE=InnoDB DEFAULT CHARSET=utf8;

-- ----------------------------
-- Records of core_sessions
-- ----------------------------
INSERT INTO `core_sessions` VALUES ('aktl3fbrlaqc6mufst5aob0ij5', 'nextUrl|s:39:\"http://activity.v.vivogeek.com/karaoke/\";scope|N;', '1412731034', null);
INSERT INTO `core_sessions` VALUES ('bhh1mhqrv9vbccf5bb7dqhuli4', 'identity|a:5:{s:2:\"id\";s:1:\"1\";s:6:\"openId\";s:10:\"5119209005\";s:4:\"type\";s:5:\"weibo\";s:8:\"nickname\";s:18:\"神圣的测试员\";s:11:\"accessToken\";s:32:\"2.00LHg8aF0kWl8y7ee4d93f99vvuqOE\";}', '1415063849', '1415095742');
INSERT INTO `core_sessions` VALUES ('ee6tecosgg3pn02n1de4gp9l33', 'nextUrl|s:42:\"http://activity.v.vivogeek.com/xianglepai/\";scope|N;', '1411181300', null);
INSERT INTO `core_sessions` VALUES ('htpre8mi9rjhtm026k0fjc4mc1', 'nextUrl|s:39:\"http://activity.v.vivogeek.com/karaoke/\";scope|N;', '1412903232', null);
INSERT INTO `core_sessions` VALUES ('iooe98ub043ilk7t5tlk2llk92', 'nextUrl|s:39:\"http://activity.v.vivogeek.com/karaoke/\";scope|N;', '1413337860', null);

-- ----------------------------
-- Table structure for core_share
-- ----------------------------
DROP TABLE IF EXISTS `core_share`;
CREATE TABLE `core_share` (
  `id` int(11) unsigned NOT NULL AUTO_INCREMENT,
  `userId` int(11) NOT NULL,
  `nickname` varchar(90) DEFAULT NULL,
  `module` varchar(32) DEFAULT NULL,
  `date` varchar(8) DEFAULT NULL,
  `type` varchar(16) DEFAULT NULL,
  `data` text,
  `createTime` int(10) NOT NULL,
  `updateTime` int(10) NOT NULL,
  PRIMARY KEY (`id`),
  KEY `userId` (`userId`) USING BTREE,
  KEY `userId_date` (`userId`,`date`) USING BTREE,
  KEY `userId_module_date` (`userId`,`module`,`date`) USING BTREE
) ENGINE=InnoDB AUTO_INCREMENT=9 DEFAULT CHARSET=utf8;

-- ----------------------------
-- Records of core_share
-- ----------------------------
INSERT INTO `core_share` VALUES ('1', '1', 'vivo冯永杰', 'x5tour', '20141010', 'weibo', null, '1412932462', '1412932462');
INSERT INTO `core_share` VALUES ('2', '1', 'vivo冯永杰', 'x5tour', '20141010', 'weibo', '{\"created_at\":\"Fri Oct 10 17:15:44 +0800 2014\",\"id\":3.7641742805728e+15,\"mid\":\"3764174280572807\",\"idstr\":\"3764174280572807\",\"text\":\"\\u6211\\u53c2\\u52a0\\u4e86Hi-Fi#K\\u6b4c\\u4e4b\\u738bX5#\\u7ebf\\u4e0b\\u4f53\\u9a8c\\u4f1a\\u7684\\u62bd\\u5956\\u6d3b\\u52a8\\uff0c\\u53ef\\u4ee5\\u8d62\\u53d6X5\\u624b\\u673a\\u3001\\u79fb\\u52a8\\u7535\\u6e90\\u3001\\u8033\\u673a\\u7b49\\u5927\\u5956\\u54e6\\u3002\\u597d\\u6d3b\\u52a8\\u5fc5\\u987b\\u5206\\u4eab\\uff0c\\u4f60\\u4e5f\\u6765\\u53c2\\u52a0\\u5427  http:\\/\\/t.cn\\/RhFN1sm\",\"source\":\"<a href=\\\"http:\\/\\/app.weibo.com\\/t\\/feed\\/1rdpS2\\\" rel=\\\"nofollow\\\">vivo\\u667a\\u80fd\\u624b\\u673aXplay<\\/a>\",\"source_type\":1,\"favorited\":false,\"truncated\":false,\"in_reply_to_status_id\":\"\",\"in_reply_to_user_id\":\"\",\"in_reply_to_screen_name\":\"\",\"pic_urls\":[],\"geo\":null,\"user\":{\"id\":5119209005,\"idstr\":\"5119209005\",\"class\":1,\"screen_name\":\"vivo\\u51af\\u6c38\\u6770\",\"name\":\"vivo\\u51af\\u6c38\\u6770\",\"province\":\"44\",\"city\":\"3\",\"location\":\"\\u5e7f\\u4e1c \\u6df1\\u5733\",\"description\":\"\",\"url\":\"\",\"profile_image_url\":\"http:\\/\\/tp2.sinaimg.cn\\/5119209005\\/50\\/5696384742\\/1\",\"profile_url\":\"u\\/5119209005\",\"domain\":\"\",\"weihao\":\"\",\"gender\":\"m\",\"followers_count\":5,\"friends_count\":55,\"pagefriends_count\":0,\"statuses_count\":50,\"favourites_count\":0,\"created_at\":\"Sun Apr 20 14:33:43 +0800 2014\",\"following\":false,\"allow_all_act_msg\":false,\"geo_enabled\":true,\"verified\":false,\"verified_type\":-1,\"remark\":\"\",\"ptype\":0,\"allow_all_comment\":true,\"avatar_large\":\"http:\\/\\/tp2.sinaimg.cn\\/5119209005\\/180\\/5696384742\\/1\",\"avatar_hd\":\"http:\\/\\/ww4.sinaimg.cn\\/crop.0.0.180.180.1024\\/005ArG7bjw1egw3mkip6fj3050050dfy.jpg\",\"verified_reason\":\"\",\"verified_trade\":\"\",\"verified_reason_url\":\"\",\"verified_source\":\"\",\"verified_source_url\":\"\",\"follow_me\":false,\"online_status\":0,\"bi_followers_count\":1,\"lang\":\"zh-cn\",\"star\":0,\"mbtype\":0,\"mbrank\":0,\"block_word\":0,\"block_app\":0,\"credit_score\":0},\"reposts_count\":0,\"comments_count\":0,\"attitudes_count\":0,\"mlevel\":0,\"visible\":{\"type\":0,\"list_id\":0},\"darwin_tags\":[]}', '1412932558', '1412932558');
INSERT INTO `core_share` VALUES ('3', '1', 'vivo冯永杰', 'x5tour', '20141010', 'weibo', '{\"created_at\":\"Fri Oct 10 17:17:00 +0800 2014\",\"id\":3.7641745991913e+15,\"mid\":\"3764174599191340\",\"idstr\":\"3764174599191340\",\"text\":\"\\u6211\\u53c2\\u52a0\\u4e86Hi-Fi#K\\u6b4c\\u4e4b\\u738bX5#\\u7ebf\\u4e0b\\u4f53\\u9a8c\\u4f1a\\u7684\\u62bd\\u5956\\u6d3b\\u52a8\\uff0c\\u53ef\\u4ee5\\u8d62\\u53d6X5\\u624b\\u673a\\u3001\\u79fb\\u52a8\\u7535\\u6e90\\u3001\\u8033\\u673a\\u7b49\\u5927\\u5956\\u54e6\\u3002\\u597d\\u6d3b\\u52a8\\u5fc5\\u987b\\u5206\\u4eab\\uff0c\\u4f60\\u4e5f\\u6765\\u53c2\\u52a0\\u5427  http:\\/\\/t.cn\\/RhFN1sm\",\"source\":\"<a href=\\\"http:\\/\\/app.weibo.com\\/t\\/feed\\/1rdpS2\\\" rel=\\\"nofollow\\\">vivo\\u667a\\u80fd\\u624b\\u673aXplay<\\/a>\",\"source_type\":1,\"favorited\":false,\"truncated\":false,\"in_reply_to_status_id\":\"\",\"in_reply_to_user_id\":\"\",\"in_reply_to_screen_name\":\"\",\"pic_urls\":[],\"geo\":null,\"user\":{\"id\":5119209005,\"idstr\":\"5119209005\",\"class\":1,\"screen_name\":\"vivo\\u51af\\u6c38\\u6770\",\"name\":\"vivo\\u51af\\u6c38\\u6770\",\"province\":\"44\",\"city\":\"3\",\"location\":\"\\u5e7f\\u4e1c \\u6df1\\u5733\",\"description\":\"\",\"url\":\"\",\"profile_image_url\":\"http:\\/\\/tp2.sinaimg.cn\\/5119209005\\/50\\/5696384742\\/1\",\"profile_url\":\"u\\/5119209005\",\"domain\":\"\",\"weihao\":\"\",\"gender\":\"m\",\"followers_count\":5,\"friends_count\":55,\"pagefriends_count\":0,\"statuses_count\":50,\"favourites_count\":0,\"created_at\":\"Sun Apr 20 14:33:43 +0800 2014\",\"following\":false,\"allow_all_act_msg\":false,\"geo_enabled\":true,\"verified\":false,\"verified_type\":-1,\"remark\":\"\",\"ptype\":0,\"allow_all_comment\":true,\"avatar_large\":\"http:\\/\\/tp2.sinaimg.cn\\/5119209005\\/180\\/5696384742\\/1\",\"avatar_hd\":\"http:\\/\\/ww4.sinaimg.cn\\/crop.0.0.180.180.1024\\/005ArG7bjw1egw3mkip6fj3050050dfy.jpg\",\"verified_reason\":\"\",\"verified_trade\":\"\",\"verified_reason_url\":\"\",\"verified_source\":\"\",\"verified_source_url\":\"\",\"follow_me\":false,\"online_status\":0,\"bi_followers_count\":1,\"lang\":\"zh-cn\",\"star\":0,\"mbtype\":0,\"mbrank\":0,\"block_word\":0,\"block_app\":0,\"credit_score\":0},\"reposts_count\":0,\"comments_count\":0,\"attitudes_count\":0,\"mlevel\":0,\"visible\":{\"type\":0,\"list_id\":0},\"darwin_tags\":[]}', '1412932634', '1412932634');
INSERT INTO `core_share` VALUES ('4', '1', 'vivo冯永杰', 'karaoke', '20141013', 'weibo', '{\"created_at\":\"Mon Oct 13 16:47:34 +0800 2014\",\"id\":3.7652543554733e+15,\"mid\":\"3765254355473341\",\"idstr\":\"3765254355473341\",\"text\":\"#K\\u6b4c\\u4e4b\\u738b\\u65e0\\u5904\\u4e0dOK#\\u7edd\\u5bf9\\u7684\\u5b9e\\u529b\\u6d3e\\uff01@vivo\\u667a\\u80fd\\u624b\\u673a http:\\/\\/t.cn\\/Rh0v3U3\",\"source\":\"<a href=\\\"http:\\/\\/app.weibo.com\\/t\\/feed\\/1rdpS2\\\" rel=\\\"nofollow\\\">vivo\\u667a\\u80fd\\u624b\\u673aXplay<\\/a>\",\"source_type\":1,\"favorited\":false,\"truncated\":false,\"in_reply_to_status_id\":\"\",\"in_reply_to_user_id\":\"\",\"in_reply_to_screen_name\":\"\",\"pic_urls\":[],\"geo\":null,\"user\":{\"id\":5119209005,\"idstr\":\"5119209005\",\"class\":1,\"screen_name\":\"vivo\\u51af\\u6c38\\u6770\",\"name\":\"vivo\\u51af\\u6c38\\u6770\",\"province\":\"44\",\"city\":\"3\",\"location\":\"\\u5e7f\\u4e1c \\u6df1\\u5733\",\"description\":\"\",\"url\":\"\",\"profile_image_url\":\"http:\\/\\/tp2.sinaimg.cn\\/5119209005\\/50\\/5696384742\\/1\",\"profile_url\":\"u\\/5119209005\",\"domain\":\"\",\"weihao\":\"\",\"gender\":\"m\",\"followers_count\":5,\"friends_count\":55,\"pagefriends_count\":0,\"statuses_count\":50,\"favourites_count\":0,\"created_at\":\"Sun Apr 20 14:33:43 +0800 2014\",\"following\":false,\"allow_all_act_msg\":false,\"geo_enabled\":true,\"verified\":false,\"verified_type\":-1,\"remark\":\"\",\"ptype\":0,\"allow_all_comment\":true,\"avatar_large\":\"http:\\/\\/tp2.sinaimg.cn\\/5119209005\\/180\\/5696384742\\/1\",\"avatar_hd\":\"http:\\/\\/ww4.sinaimg.cn\\/crop.0.0.180.180.1024\\/005ArG7bjw1egw3mkip6fj3050050dfy.jpg\",\"verified_reason\":\"\",\"verified_trade\":\"\",\"verified_reason_url\":\"\",\"verified_source\":\"\",\"verified_source_url\":\"\",\"follow_me\":false,\"online_status\":0,\"bi_followers_count\":1,\"lang\":\"zh-cn\",\"star\":0,\"mbtype\":0,\"mbrank\":0,\"block_word\":0,\"block_app\":0,\"credit_score\":0},\"reposts_count\":0,\"comments_count\":0,\"attitudes_count\":0,\"mlevel\":0,\"visible\":{\"type\":0,\"list_id\":0},\"darwin_tags\":[]}', '1413190071', '1413190071');
INSERT INTO `core_share` VALUES ('5', '1', 'vivo冯永杰', 'x5tour', '20141014', 'weibo', '{\"created_at\":\"Tue Oct 14 17:29:52 +0800 2014\",\"id\":3.7656273885815e+15,\"mid\":\"3765627388581505\",\"idstr\":\"3765627388581505\",\"text\":\"\\u6211\\u53c2\\u52a0\\u4e86Hi-Fi#K\\u6b4c\\u4e4b\\u738bX5#\\u7ebf\\u4e0b\\u4f53\\u9a8c\\u4f1a\\u7684\\u62bd\\u5956\\u6d3b\\u52a8\\uff0c\\u53ef\\u4ee5\\u8d62\\u53d6X5\\u624b\\u673a\\u3001\\u79fb\\u52a8\\u7535\\u6e90\\u3001\\u8033\\u673a\\u7b49\\u5927\\u5956\\u54e6\\u3002\\u597d\\u6d3b\\u52a8\\u5fc5\\u987b\\u5206\\u4eab\\uff0c\\u4f60\\u4e5f\\u6765\\u53c2\\u52a0\\u5427  http:\\/\\/t.cn\\/RhFN1sm\",\"source\":\"<a href=\\\"http:\\/\\/app.weibo.com\\/t\\/feed\\/1rdpS2\\\" rel=\\\"nofollow\\\">vivo\\u667a\\u80fd\\u624b\\u673aXplay<\\/a>\",\"source_type\":1,\"favorited\":false,\"truncated\":false,\"in_reply_to_status_id\":\"\",\"in_reply_to_user_id\":\"\",\"in_reply_to_screen_name\":\"\",\"pic_urls\":[],\"geo\":null,\"user\":{\"id\":5119209005,\"idstr\":\"5119209005\",\"class\":1,\"screen_name\":\"vivo\\u51af\\u6c38\\u6770\",\"name\":\"vivo\\u51af\\u6c38\\u6770\",\"province\":\"44\",\"city\":\"3\",\"location\":\"\\u5e7f\\u4e1c \\u6df1\\u5733\",\"description\":\"\",\"url\":\"\",\"profile_image_url\":\"http:\\/\\/tp2.sinaimg.cn\\/5119209005\\/50\\/5696384742\\/1\",\"profile_url\":\"u\\/5119209005\",\"domain\":\"\",\"weihao\":\"\",\"gender\":\"m\",\"followers_count\":5,\"friends_count\":55,\"pagefriends_count\":0,\"statuses_count\":50,\"favourites_count\":0,\"created_at\":\"Sun Apr 20 14:33:43 +0800 2014\",\"following\":false,\"allow_all_act_msg\":false,\"geo_enabled\":true,\"verified\":false,\"verified_type\":-1,\"remark\":\"\",\"ptype\":0,\"allow_all_comment\":true,\"avatar_large\":\"http:\\/\\/tp2.sinaimg.cn\\/5119209005\\/180\\/5696384742\\/1\",\"avatar_hd\":\"http:\\/\\/ww4.sinaimg.cn\\/crop.0.0.180.180.1024\\/005ArG7bjw1egw3mkip6fj3050050dfy.jpg\",\"verified_reason\":\"\",\"verified_trade\":\"\",\"verified_reason_url\":\"\",\"verified_source\":\"\",\"verified_source_url\":\"\",\"follow_me\":false,\"online_status\":0,\"bi_followers_count\":1,\"lang\":\"zh-cn\",\"star\":0,\"mbtype\":0,\"mbrank\":0,\"block_word\":0,\"block_app\":0,\"credit_score\":0},\"reposts_count\":0,\"comments_count\":0,\"attitudes_count\":0,\"mlevel\":0,\"visible\":{\"type\":0,\"list_id\":0},\"darwin_tags\":[]}', '1413279011', '1413279011');
INSERT INTO `core_share` VALUES ('6', '1', 'vivo冯永杰', 'x5tour', '20141018', 'weibo', '{\"created_at\":\"Sat Oct 18 18:02:06 +0800 2014\",\"id\":3.7670850484564e+15,\"mid\":\"3767085048456352\",\"idstr\":\"3767085048456352\",\"text\":\"\\u6211\\u53c2\\u52a0\\u4e86Hi-Fi#K\\u6b4c\\u4e4b\\u738bX5#\\u7ebf\\u4e0b\\u4f53\\u9a8c\\u4f1a\\u7684\\u62bd\\u5956\\u6d3b\\u52a8\\uff0c\\u53ef\\u4ee5\\u8d62\\u53d6X5\\u624b\\u673a\\u3001\\u79fb\\u52a8\\u7535\\u6e90\\u3001\\u8033\\u673a\\u7b49\\u5927\\u5956\\u54e6\\u3002\\u597d\\u6d3b\\u52a8\\u5fc5\\u987b\\u5206\\u4eab\\uff0c\\u4f60\\u4e5f\\u6765\\u53c2\\u52a0\\u5427  http:\\/\\/t.cn\\/RhFN1sm\",\"source\":\"<a href=\\\"http:\\/\\/app.weibo.com\\/t\\/feed\\/1rdpS2\\\" rel=\\\"nofollow\\\">vivo\\u667a\\u80fd\\u624b\\u673aXplay<\\/a>\",\"source_type\":1,\"favorited\":false,\"truncated\":false,\"in_reply_to_status_id\":\"\",\"in_reply_to_user_id\":\"\",\"in_reply_to_screen_name\":\"\",\"pic_urls\":[],\"geo\":null,\"user\":{\"id\":5119209005,\"idstr\":\"5119209005\",\"class\":1,\"screen_name\":\"vivo\\u51af\\u6c38\\u6770\",\"name\":\"vivo\\u51af\\u6c38\\u6770\",\"province\":\"44\",\"city\":\"3\",\"location\":\"\\u5e7f\\u4e1c \\u6df1\\u5733\",\"description\":\"\",\"url\":\"\",\"profile_image_url\":\"http:\\/\\/tp2.sinaimg.cn\\/5119209005\\/50\\/5696384742\\/1\",\"profile_url\":\"u\\/5119209005\",\"domain\":\"\",\"weihao\":\"\",\"gender\":\"m\",\"followers_count\":5,\"friends_count\":55,\"pagefriends_count\":0,\"statuses_count\":50,\"favourites_count\":0,\"created_at\":\"Sun Apr 20 14:33:43 +0800 2014\",\"following\":false,\"allow_all_act_msg\":false,\"geo_enabled\":true,\"verified\":false,\"verified_type\":-1,\"remark\":\"\",\"ptype\":0,\"allow_all_comment\":true,\"avatar_large\":\"http:\\/\\/tp2.sinaimg.cn\\/5119209005\\/180\\/5696384742\\/1\",\"avatar_hd\":\"http:\\/\\/ww4.sinaimg.cn\\/crop.0.0.180.180.1024\\/005ArG7bjw1egw3mkip6fj3050050dfy.jpg\",\"verified_reason\":\"\",\"verified_trade\":\"\",\"verified_reason_url\":\"\",\"verified_source\":\"\",\"verified_source_url\":\"\",\"follow_me\":false,\"online_status\":0,\"bi_followers_count\":1,\"lang\":\"zh-cn\",\"star\":0,\"mbtype\":0,\"mbrank\":0,\"block_word\":0,\"block_app\":0,\"credit_score\":0},\"reposts_count\":0,\"comments_count\":0,\"attitudes_count\":0,\"mlevel\":0,\"visible\":{\"type\":0,\"list_id\":0},\"darwin_tags\":[]}', '1413626528', '1413626528');
INSERT INTO `core_share` VALUES ('7', '1', '神圣的测试员', 'thin', '20141125', 'weibo', '{\"created_at\":\"Tue Nov 25 16:23:34 +0800 2014\",\"id\":3780830986247810,\"mid\":\"3780830986247810\",\"idstr\":\"3780830986247810\",\"text\":\"\\u5236\\u4f5c\\u7684\\u624b\\u673a\\u539a\\u5ea6\\u4e3a6.55mm\\uff0c\\u6253\\u8d25\\u4e86\\u5168\\u56fd0.06%\\u7684\\u7f51\\u53cb\\uff0c\\u6211\\u5c31\\u662fDIY\\u5c0f\\u80fd\\u624b\\u3002#DIY\\u521b\\u610f\\u624b\\u673a\\uff0c\\u548cX5Max\\u62fc\\u8584#\\u8d62vivo\\u624b\\u673a\\u3002\\u8584\\u52a8\\u5fc3\\u5f26X5Max\\uff0c\\u5c0f\\u4f19\\u4f34\\u4e00\\u8d77\\u6765High\\uff01\\u6d3b\\u52a8\\u94fe\\u63a5\\uff1ahttp:\\/\\/t.cn\\/Rzb9UGm \",\"source_type\":1,\"source\":\"<a href=\\\"http:\\/\\/app.weibo.com\\/t\\/feed\\/1O5t8F\\\" rel=\\\"nofollow\\\">vivo\\u667a\\u80fd\\u624b\\u673aXshot<\\/a>\",\"favorited\":false,\"truncated\":false,\"in_reply_to_status_id\":\"\",\"in_reply_to_user_id\":\"\",\"in_reply_to_screen_name\":\"\",\"pic_urls\":[],\"geo\":null,\"user\":{\"id\":5119209005,\"idstr\":\"5119209005\",\"class\":1,\"screen_name\":\"\\u795e\\u5723\\u7684\\u6d4b\\u8bd5\\u5458\",\"name\":\"\\u795e\\u5723\\u7684\\u6d4b\\u8bd5\\u5458\",\"province\":\"44\",\"city\":\"3\",\"location\":\"\\u5e7f\\u4e1c \\u6df1\\u5733\",\"description\":\"\",\"url\":\"\",\"profile_image_url\":\"http:\\/\\/tp2.sinaimg.cn\\/5119209005\\/50\\/5696384742\\/1\",\"profile_url\":\"u\\/5119209005\",\"domain\":\"\",\"weihao\":\"\",\"gender\":\"m\",\"followers_count\":8,\"friends_count\":58,\"pagefriends_count\":0,\"statuses_count\":43,\"favourites_count\":0,\"created_at\":\"Sun Apr 20 14:33:43 +0800 2014\",\"following\":false,\"allow_all_act_msg\":false,\"geo_enabled\":true,\"verified\":false,\"verified_type\":-1,\"remark\":\"\",\"ptype\":0,\"allow_all_comment\":true,\"avatar_large\":\"http:\\/\\/tp2.sinaimg.cn\\/5119209005\\/180\\/5696384742\\/1\",\"avatar_hd\":\"http:\\/\\/ww4.sinaimg.cn\\/crop.0.0.180.180.1024\\/005ArG7bjw1egw3mkip6fj3050050dfy.jpg\",\"verified_reason\":\"\",\"verified_trade\":\"\",\"verified_reason_url\":\"\",\"verified_source\":\"\",\"verified_source_url\":\"\",\"follow_me\":false,\"online_status\":0,\"bi_followers_count\":1,\"lang\":\"zh-cn\",\"star\":0,\"mbtype\":0,\"mbrank\":0,\"block_word\":0,\"block_app\":0,\"credit_score\":80,\"urank\":0},\"reposts_count\":0,\"comments_count\":0,\"attitudes_count\":0,\"mlevel\":0,\"visible\":{\"type\":0,\"list_id\":0},\"darwin_tags\":[]}', '1416903815', '1416903815');
INSERT INTO `core_share` VALUES ('8', '1', '神圣的测试员', 'thin', '20141126', 'weibo', '{\"created_at\":\"Wed Nov 26 09:58:43 +0800 2014\",\"id\":3781096523683926,\"mid\":\"3781096523683926\",\"idstr\":\"3781096523683926\",\"text\":\"\\u5236\\u4f5c\\u7684\\u624b\\u673a\\u539a\\u5ea6\\u4e3a5.89mm\\uff0c\\u6253\\u8d25\\u4e86\\u5168\\u56fd5.00%\\u7684\\u7f51\\u53cb\\uff0c\\u6211\\u5c31\\u662fDIY\\u5c0f\\u80fd\\u624b\\u3002#DIY\\u521b\\u610f\\u624b\\u673a\\uff0c\\u548cX5Max\\u62fc\\u8584#\\u8d62vivo\\u624b\\u673a\\u3002\\u8584\\u52a8\\u5fc3\\u5f26X5Max\\uff0c\\u5c0f\\u4f19\\u4f34\\u4e00\\u8d77\\u6765High\\uff01\\u6d3b\\u52a8\\u94fe\\u63a5\\uff1ahttp:\\/\\/t.cn\\/Rzb9UGm \",\"source_type\":1,\"source\":\"<a href=\\\"http:\\/\\/app.weibo.com\\/t\\/feed\\/1O5t8F\\\" rel=\\\"nofollow\\\">vivo\\u667a\\u80fd\\u624b\\u673aXshot<\\/a>\",\"favorited\":false,\"truncated\":false,\"in_reply_to_status_id\":\"\",\"in_reply_to_user_id\":\"\",\"in_reply_to_screen_name\":\"\",\"pic_urls\":[{\"thumbnail_pic\":\"http:\\/\\/ww3.sinaimg.cn\\/thumbnail\\/005ArG7bjw1emo61rc2ltj30dw0m878i.jpg\"}],\"thumbnail_pic\":\"http:\\/\\/ww3.sinaimg.cn\\/thumbnail\\/005ArG7bjw1emo61rc2ltj30dw0m878i.jpg\",\"bmiddle_pic\":\"http:\\/\\/ww3.sinaimg.cn\\/bmiddle\\/005ArG7bjw1emo61rc2ltj30dw0m878i.jpg\",\"original_pic\":\"http:\\/\\/ww3.sinaimg.cn\\/large\\/005ArG7bjw1emo61rc2ltj30dw0m878i.jpg\",\"geo\":null,\"user\":{\"id\":5119209005,\"idstr\":\"5119209005\",\"class\":1,\"screen_name\":\"\\u795e\\u5723\\u7684\\u6d4b\\u8bd5\\u5458\",\"name\":\"\\u795e\\u5723\\u7684\\u6d4b\\u8bd5\\u5458\",\"province\":\"44\",\"city\":\"3\",\"location\":\"\\u5e7f\\u4e1c \\u6df1\\u5733\",\"description\":\"\",\"url\":\"\",\"profile_image_url\":\"http:\\/\\/tp2.sinaimg.cn\\/5119209005\\/50\\/5696384742\\/1\",\"profile_url\":\"u\\/5119209005\",\"domain\":\"\",\"weihao\":\"\",\"gender\":\"m\",\"followers_count\":8,\"friends_count\":58,\"pagefriends_count\":0,\"statuses_count\":43,\"favourites_count\":0,\"created_at\":\"Sun Apr 20 14:33:43 +0800 2014\",\"following\":false,\"allow_all_act_msg\":false,\"geo_enabled\":true,\"verified\":false,\"verified_type\":-1,\"remark\":\"\",\"ptype\":0,\"allow_all_comment\":true,\"avatar_large\":\"http:\\/\\/tp2.sinaimg.cn\\/5119209005\\/180\\/5696384742\\/1\",\"avatar_hd\":\"http:\\/\\/ww4.sinaimg.cn\\/crop.0.0.180.180.1024\\/005ArG7bjw1egw3mkip6fj3050050dfy.jpg\",\"verified_reason\":\"\",\"verified_trade\":\"\",\"verified_reason_url\":\"\",\"verified_source\":\"\",\"verified_source_url\":\"\",\"follow_me\":false,\"online_status\":0,\"bi_followers_count\":1,\"lang\":\"zh-cn\",\"star\":0,\"mbtype\":0,\"mbrank\":0,\"block_word\":0,\"block_app\":0,\"credit_score\":80,\"urank\":0},\"reposts_count\":0,\"comments_count\":0,\"attitudes_count\":0,\"mlevel\":0,\"visible\":{\"type\":0,\"list_id\":0},\"darwin_tags\":[]}', '1416967122', '1416967122');

-- ----------------------------
-- Table structure for core_tasks
-- ----------------------------
DROP TABLE IF EXISTS `core_tasks`;
CREATE TABLE `core_tasks` (
  `name` varchar(32) NOT NULL,
  `lockTime` int(10) NOT NULL,
  `expire` int(11) NOT NULL DEFAULT '0',
  `createTime` int(10) NOT NULL,
  `updateTime` int(10) NOT NULL,
  PRIMARY KEY (`name`)
) ENGINE=MEMORY DEFAULT CHARSET=utf8;

-- ----------------------------
-- Records of core_tasks
-- ----------------------------

-- ----------------------------
-- Table structure for core_users
-- ----------------------------
DROP TABLE IF EXISTS `core_users`;
CREATE TABLE `core_users` (
  `id` int(11) unsigned NOT NULL AUTO_INCREMENT,
  `openId` varchar(90) NOT NULL DEFAULT '',
  `nickname` varchar(90) DEFAULT NULL,
  `type` varchar(12) NOT NULL DEFAULT '',
  `avatar` varchar(255) DEFAULT NULL,
  `gender` varchar(1) DEFAULT NULL,
  `country` varchar(32) DEFAULT NULL,
  `province` varchar(32) DEFAULT NULL,
  `city` varchar(32) DEFAULT NULL,
  `accessToken` varchar(255) DEFAULT NULL,
  `unionId` varchar(90) DEFAULT NULL,
  `data` text,
  `weiboId` varchar(90) DEFAULT NULL,
  `createTime` int(10) NOT NULL,
  `updateTime` int(10) NOT NULL,
  PRIMARY KEY (`id`),
  UNIQUE KEY `openId` (`openId`) USING BTREE,
  KEY `nickname` (`nickname`) USING BTREE
) ENGINE=InnoDB AUTO_INCREMENT=14 DEFAULT CHARSET=utf8;

-- ----------------------------
-- Records of core_users
-- ----------------------------
INSERT INTO `core_users` VALUES ('1', '5119209005', '神圣的测试员', 'weibo', 'http://tp2.sinaimg.cn/5119209005/180/5696384742/1', 'm', null, '44', '3', '2.00LHg8aFnSssNB539315070fiV33eC', null, '{\"id\":5119209005,\"idstr\":\"5119209005\",\"class\":1,\"screen_name\":\"\\u795e\\u5723\\u7684\\u6d4b\\u8bd5\\u5458\",\"name\":\"\\u795e\\u5723\\u7684\\u6d4b\\u8bd5\\u5458\",\"province\":\"44\",\"city\":\"3\",\"location\":\"\\u5e7f\\u4e1c \\u6df1\\u5733\",\"description\":\"\",\"url\":\"\",\"profile_image_url\":\"http:\\/\\/tp2.sinaimg.cn\\/5119209005\\/50\\/5696384742\\/1\",\"profile_url\":\"u\\/5119209005\",\"domain\":\"\",\"weihao\":\"\",\"gender\":\"m\",\"followers_count\":11,\"friends_count\":61,\"pagefriends_count\":1,\"statuses_count\":55,\"favourites_count\":0,\"created_at\":\"Sun Apr 20 14:33:43 +0800 2014\",\"following\":false,\"allow_all_act_msg\":false,\"geo_enabled\":true,\"verified\":false,\"verified_type\":-1,\"remark\":\"\",\"status\":{\"created_at\":\"Tue Dec 09 15:31:33 +0800 2014\",\"id\":3785891325560432,\"mid\":\"3785891325560432\",\"idstr\":\"3785891325560432\",\"text\":\"\\u4e0a\",\"source_type\":1,\"source\":\"<a href=\\\"http:\\/\\/weibo.com\\/\\\" rel=\\\"nofollow\\\">\\u5fae\\u535a weibo.com<\\/a>\",\"favorited\":false,\"truncated\":false,\"in_reply_to_status_id\":\"\",\"in_reply_to_user_id\":\"\",\"in_reply_to_screen_name\":\"\",\"pic_urls\":[],\"geo\":null,\"reposts_count\":0,\"comments_count\":0,\"attitudes_count\":0,\"mlevel\":0,\"visible\":{\"type\":0,\"list_id\":0},\"darwin_tags\":[]},\"ptype\":0,\"allow_all_comment\":true,\"avatar_large\":\"http:\\/\\/tp2.sinaimg.cn\\/5119209005\\/180\\/5696384742\\/1\",\"avatar_hd\":\"http:\\/\\/ww4.sinaimg.cn\\/crop.0.0.180.180.1024\\/005ArG7bjw1egw3mkip6fj3050050dfy.jpg\",\"verified_reason\":\"\",\"verified_trade\":\"\",\"verified_reason_url\":\"\",\"verified_source\":\"\",\"verified_source_url\":\"\",\"follow_me\":false,\"online_status\":0,\"bi_followers_count\":1,\"lang\":\"zh-cn\",\"star\":0,\"mbtype\":0,\"mbrank\":0,\"block_word\":0,\"block_app\":0,\"credit_score\":80,\"urank\":7}', null, '1411110453', '1418869722');
INSERT INTO `core_users` VALUES ('2', 'oVFyOjhp41TT2YGMYLCw1sOELpgw', '多唠多德', 'weixin', 'http://wx.qlogo.cn/mmopen/WRGoXEgnc5OtOqs7DX7lIUqz4tJEhk95xozQfdOPmVnRW8mc6spicYcaaTcDBicwkHCBibURtER1FTI2UHqoXNpTlbLDRBhYD6s/0', 'm', '中国香港', '九龙城区', '', 'OezXcEiiBSKSxW0eoylIeNqh-VZIFLEsnf9nD5IDOGdQ-CgkXabJp8hcWyy_0JNrcGW0J_65oBBaBazvQjwbr1lV0fGMvNTzrSpVtEr7T6P7QyJojMJzFfWok7wHLhJzQFbpLFAHjr7vGms_lOk80w', null, '{\"openid\":\"oVFyOjhp41TT2YGMYLCw1sOELpgw\",\"nickname\":\"\\u591a\\u5520\\u591a\\u5fb7\",\"sex\":1,\"language\":\"zh_CN\",\"city\":\"\",\"province\":\"\\u4e5d\\u9f99\\u57ce\\u533a\",\"country\":\"\\u4e2d\\u56fd\\u9999\\u6e2f\",\"headimgurl\":\"http:\\/\\/wx.qlogo.cn\\/mmopen\\/WRGoXEgnc5OtOqs7DX7lIUqz4tJEhk95xozQfdOPmVnRW8mc6spicYcaaTcDBicwkHCBibURtER1FTI2UHqoXNpTlbLDRBhYD6s\\/0\",\"privilege\":[],\"unionid\":\"o5jP-siSwaS4ddoRcnUswQ0TdzF4\"}', '1', '1411111630', '1413626421');
INSERT INTO `core_users` VALUES ('3', 'oVFyOjpHl_b0sud_MVDhUc7f_NEY', 'Fung Wing Kit', 'weixin', 'http://wx.qlogo.cn/mmopen/ajNVdqHZLLAPeQicmzicL8UrN05Uy9tkp0Nc5KPc0n4h3JCIbFXIBicztr55niaxIb4VFVMp7qMZC0zp71J483wXOg/0', 'm', '中国', '广东', '深圳', 'OezXcEiiBSKSxW0eoylIeNqh-VZIFLEsnf9nD5IDOGeRnkkKC3Q924X5o64wJzpdEk2zt59KrxyqbmKdF-JxMro8hEWjJDUA6zlxSq-nysMMZLCee2pd5HxYODxZA7SFscTC9YojCxqkF1LWzOhmiQ', null, '{\"openid\":\"oVFyOjpHl_b0sud_MVDhUc7f_NEY\",\"nickname\":\"Fung Wing Kit\",\"sex\":1,\"language\":\"zh_CN\",\"city\":\"\\u6df1\\u5733\",\"province\":\"\\u5e7f\\u4e1c\",\"country\":\"\\u4e2d\\u56fd\",\"headimgurl\":\"http:\\/\\/wx.qlogo.cn\\/mmopen\\/ajNVdqHZLLAPeQicmzicL8UrN05Uy9tkp0Nc5KPc0n4h3JCIbFXIBicztr55niaxIb4VFVMp7qMZC0zp71J483wXOg\\/0\",\"privilege\":[],\"unionid\":\"o5jP-sq-wVb0d6R9BCmka0kZyPJo\"}', '4', '1411176006', '1415583367');
INSERT INTO `core_users` VALUES ('4', '1639222335', '夢X啦哆', 'weibo', 'http://tp4.sinaimg.cn/1639222335/180/5663944633/1', 'm', null, '44', '3', '2.00vbAwmBnSssNB17b272f3250KFhjI', null, '{\"id\":1639222335,\"idstr\":\"1639222335\",\"class\":1,\"screen_name\":\"\\u5922X\\u5566\\u54c6\",\"name\":\"\\u5922X\\u5566\\u54c6\",\"province\":\"44\",\"city\":\"3\",\"location\":\"\\u5e7f\\u4e1c \\u6df1\\u5733\",\"description\":\"\\u6c38\\u8fdc20\\u5c81\\u5605\\u5954\\u4e09\\u9ebb\\u7529\\u4f6c\\uff0c\\u9753\\u4ed4\\u8fc7\\u5218\\u5fb7\\u534e\\uff0c\\u6709\\u578b\\u8fc7\\u6881\\u671d\\u4f1f...\",\"url\":\"http:\\/\\/fwkit.info\\/\",\"profile_image_url\":\"http:\\/\\/tp4.sinaimg.cn\\/1639222335\\/50\\/5663944633\\/1\",\"cover_image_phone\":\"http:\\/\\/ww1.sinaimg.cn\\/crop.0.0.640.640.640\\/6cf8d7ebjw1ehfr4xa8psj20hs0hsgpg.jpg\",\"profile_url\":\"wengee\",\"domain\":\"wengee\",\"weihao\":\"\",\"gender\":\"m\",\"followers_count\":233,\"friends_count\":227,\"pagefriends_count\":0,\"statuses_count\":1195,\"favourites_count\":13,\"created_at\":\"Fri Aug 28 16:34:51 +0800 2009\",\"following\":false,\"allow_all_act_msg\":false,\"geo_enabled\":true,\"verified\":false,\"verified_type\":-1,\"remark\":\"\",\"status\":{\"created_at\":\"Fri Oct 17 16:24:22 +0800 2014\",\"id\":3766698068813666,\"mid\":\"3766698068813666\",\"idstr\":\"3766698068813666\",\"text\":\"Hi-Fi#K\\u6b4c\\u4e4b\\u738bX5#\\u642d\\u8f7d8\\u79cd\\u7ecf\\u5178\\u97f3\\u6548\\uff0c\\u4e13\\u4e1a\\u5b9e\\u65f6\\u8033\\u8fd4\\u3002\\u6211\\u6700\\u559c\\u6b22X5\\u7684\\u662f\\u4e13\\u4e1aK\\u6b4c\\u7cfb\\u7edf\\uff0c\\u968f\\u65f6\\u968f\\u5730\\uff0c\\u60f3\\u5531\\u5c31\\u5531\\u3002\\u5feb\\u6765\\u8bf4\\u51fa\\u4f60\\u6700\\u559c\\u6b22X5\\u7684\\u5730\\u65b9\\uff0c\\u8d62\\u53d6\\u624b\\u673a\\u5927\\u5956\\u3002 http:\\/\\/t.cn\\/RhFN1sm\",\"source_type\":1,\"source\":\"<a href=\\\"http:\\/\\/app.weibo.com\\/t\\/feed\\/1rdpS2\\\" rel=\\\"nofollow\\\">vivo\\u667a\\u80fd\\u624b\\u673aXplay<\\/a>\",\"favorited\":false,\"truncated\":false,\"in_reply_to_status_id\":\"\",\"in_reply_to_user_id\":\"\",\"in_reply_to_screen_name\":\"\",\"pic_urls\":[],\"geo\":null,\"reposts_count\":0,\"comments_count\":0,\"attitudes_count\":0,\"mlevel\":0,\"visible\":{\"type\":0,\"list_id\":0},\"darwin_tags\":[]},\"ptype\":0,\"allow_all_comment\":true,\"avatar_large\":\"http:\\/\\/tp4.sinaimg.cn\\/1639222335\\/180\\/5663944633\\/1\",\"avatar_hd\":\"http:\\/\\/tp4.sinaimg.cn\\/1639222335\\/180\\/5663944633\\/1\",\"verified_reason\":\"\",\"verified_trade\":\"\",\"verified_reason_url\":\"\",\"verified_source\":\"\",\"verified_source_url\":\"\",\"follow_me\":false,\"online_status\":1,\"bi_followers_count\":47,\"lang\":\"zh-cn\",\"star\":0,\"mbtype\":0,\"mbrank\":0,\"block_word\":0,\"block_app\":0,\"credit_score\":80,\"urank\":0}', null, '1411439315', '1416977255');
INSERT INTO `core_users` VALUES ('5', '1620341854', '荒与诞', 'weibo', 'http://tp3.sinaimg.cn/1620341854/180/5666793129/0', 'f', null, '33', '3', '2.00CwmelB0kWl8yf5e8c53861AcGgZB', null, '{\"id\":1620341854,\"idstr\":\"1620341854\",\"class\":1,\"screen_name\":\"\\u8352\\u4e0e\\u8bde\",\"name\":\"\\u8352\\u4e0e\\u8bde\",\"province\":\"33\",\"city\":\"3\",\"location\":\"\\u6d59\\u6c5f \\u6e29\\u5dde\",\"description\":\"\\u52aa\\u529b\\u8ffd\\u6c42\\u81ea\\u5df1\\u60f3\\u8981\\u7684\\u7f8e\\u597d\\u751f\\u6d3b\\uff0c\\u53ef\\u5979\\u81ea\\u5df1\\u4e5f\\u4e0d\\u77e5\\u9053\\u662f\\u4ec0\\u4e48\\u6837\\u5b50\\u3002\\u5c31\\u8ba9\\u65f6\\u95f4\\u6765\\u4e00\\u6b65\\u6b65\\u6e05\\u6670\\u5e78\\u798f\\u7684\\u7ec6\\u8282\\u5427~-Weibo\",\"url\":\"http:\\/\\/15195953596.blog.163.com\\/\",\"profile_image_url\":\"http:\\/\\/tp3.sinaimg.cn\\/1620341854\\/50\\/5666793129\\/0\",\"profile_url\":\"huangyudan900719\",\"domain\":\"huangyudan900719\",\"weihao\":\"\",\"gender\":\"f\",\"followers_count\":725,\"friends_count\":358,\"pagefriends_count\":4,\"statuses_count\":1115,\"favourites_count\":177,\"created_at\":\"Wed May 05 17:26:21 +0800 2010\",\"following\":false,\"allow_all_act_msg\":false,\"geo_enabled\":true,\"verified\":false,\"verified_type\":220,\"remark\":\"\",\"status\":{\"created_at\":\"Tue Sep 16 23:24:10 +0800 2014\",\"id\":3.7555696865263e+15,\"mid\":\"3755569686526331\",\"idstr\":\"3755569686526331\",\"text\":\"#\\u4e00\\u4eba\\u4e00\\u53e5\\u738b\\u4fca\\u51ef#\\u602a\\u963f\\u59e8\\u770b\\u597d\\u4f60\\u54e6\\uff5e http:\\/\\/t.cn\\/RhXwv26\",\"source\":\"<a href=\\\"http:\\/\\/app.weibo.com\\/t\\/feed\\/3G5oUM\\\" rel=\\\"nofollow\\\">iPhone 5s<\\/a>\",\"source_type\":1,\"favorited\":false,\"truncated\":false,\"in_reply_to_status_id\":\"\",\"in_reply_to_user_id\":\"\",\"in_reply_to_screen_name\":\"\",\"pic_urls\":[],\"geo\":null,\"annotations\":[{\"client_mblogid\":\"iPhone-6DE67A12-0286-4E4B-B94C-B66487B0CA34\"}],\"reposts_count\":0,\"comments_count\":0,\"attitudes_count\":0,\"mlevel\":0,\"visible\":{\"type\":0,\"list_id\":0},\"darwin_tags\":[]},\"ptype\":0,\"allow_all_comment\":true,\"avatar_large\":\"http:\\/\\/tp3.sinaimg.cn\\/1620341854\\/180\\/5666793129\\/0\",\"avatar_hd\":\"http:\\/\\/tp3.sinaimg.cn\\/1620341854\\/180\\/5666793129\\/0\",\"verified_reason\":\"\",\"verified_trade\":\"\",\"verified_reason_url\":\"\",\"verified_source\":\"\",\"verified_source_url\":\"\",\"follow_me\":false,\"online_status\":0,\"bi_followers_count\":160,\"lang\":\"zh-cn\",\"star\":0,\"mbtype\":0,\"mbrank\":0,\"block_word\":0,\"block_app\":0,\"credit_score\":0}', null, '1411705247', '1411705247');
INSERT INTO `core_users` VALUES ('6', '1287892512', '张立大高个儿', 'weibo', 'http://tp1.sinaimg.cn/1287892512/180/5630630802/1', 'm', null, '44', '3', '2.00sfrJ6B0kWl8yecf19c85bedzrjFE', null, '{\"id\":1287892512,\"idstr\":\"1287892512\",\"class\":1,\"screen_name\":\"\\u5f20\\u7acb\\u5927\\u9ad8\\u4e2a\\u513f\",\"name\":\"\\u5f20\\u7acb\\u5927\\u9ad8\\u4e2a\\u513f\",\"province\":\"44\",\"city\":\"3\",\"location\":\"\\u5e7f\\u4e1c \\u6df1\\u5733\",\"description\":\"\\u5410\\u5427\\u56fe\\u5427\\u5c31\\u4e60\\u60ef\\u4e86\\u3002-Weibo\",\"url\":\"http:\\/\\/blog.sina.com.cn\\/qianpingge\",\"profile_image_url\":\"http:\\/\\/tp1.sinaimg.cn\\/1287892512\\/50\\/5630630802\\/1\",\"profile_url\":\"qianpingge\",\"domain\":\"qianpingge\",\"weihao\":\"\",\"gender\":\"m\",\"followers_count\":328,\"friends_count\":549,\"pagefriends_count\":0,\"statuses_count\":272,\"favourites_count\":2,\"created_at\":\"Wed Mar 17 11:19:10 +0800 2010\",\"following\":false,\"allow_all_act_msg\":false,\"geo_enabled\":true,\"verified\":false,\"verified_type\":-1,\"remark\":\"\",\"status\":{\"created_at\":\"Thu Sep 18 10:58:14 +0800 2014\",\"id\":3.7561067386106e+15,\"mid\":\"3756106738610587\",\"idstr\":\"3756106738610587\",\"text\":\"#\\u4e00\\u4eba\\u4e00\\u53e5\\u738b\\u4fca\\u51ef# \\u6211\\u5973\\u513f\\u975e\\u5e38\\u559c\\u6b22\\u4f60\\uff0c\\u52a0\\u6cb9\\uff01\\uff01\\uff01\\uff01  http:\\/\\/t.cn\\/RhXC1jR\",\"source\":\"<a href=\\\"http:\\/\\/app.weibo.com\\/t\\/feed\\/4AbAFV\\\" rel=\\\"nofollow\\\">\\u5fae\\u8bdd\\u9898<\\/a>\",\"source_type\":1,\"favorited\":false,\"truncated\":false,\"in_reply_to_status_id\":\"\",\"in_reply_to_user_id\":\"\",\"in_reply_to_screen_name\":\"\",\"pic_urls\":[{\"thumbnail_pic\":\"http:\\/\\/ww3.sinaimg.cn\\/thumbnail\\/4cc3ae20gw1ekgfzgoyohj20jg0cytad.jpg\"}],\"thumbnail_pic\":\"http:\\/\\/ww3.sinaimg.cn\\/thumbnail\\/4cc3ae20gw1ekgfzgoyohj20jg0cytad.jpg\",\"bmiddle_pic\":\"http:\\/\\/ww3.sinaimg.cn\\/bmiddle\\/4cc3ae20gw1ekgfzgoyohj20jg0cytad.jpg\",\"original_pic\":\"http:\\/\\/ww3.sinaimg.cn\\/large\\/4cc3ae20gw1ekgfzgoyohj20jg0cytad.jpg\",\"geo\":null,\"annotations\":[{\"source\":{\"name\":\"\\u4e00\\u4eba\\u4e00\\u53e5\\u738b\\u4fca\\u51ef\",\"appid\":\"438\",\"url\":\"http:\\/\\/weibo.com\\/p\\/100808644c68b54b5a360f09e34b396d78a681?k=%E4%B8%80%E4%BA%BA%E4%B8%80%E5%8F%A5%E7%8E%8B%E4%BF%8A%E5%87%AF&from=feed_card\"}},{\"huati\":{\"tid\":\"1288415\",\"from\":\"page\",\"pageid\":\"100808644c68b54b5a360f09e34b396d\"}}],\"reposts_count\":0,\"comments_count\":0,\"attitudes_count\":0,\"mlevel\":0,\"visible\":{\"type\":0,\"list_id\":0},\"darwin_tags\":[]},\"ptype\":0,\"allow_all_comment\":true,\"avatar_large\":\"http:\\/\\/tp1.sinaimg.cn\\/1287892512\\/180\\/5630630802\\/1\",\"avatar_hd\":\"http:\\/\\/tp1.sinaimg.cn\\/1287892512\\/180\\/5630630802\\/1\",\"verified_reason\":\"\",\"verified_trade\":\"\",\"verified_reason_url\":\"\",\"verified_source\":\"\",\"verified_source_url\":\"\",\"follow_me\":false,\"online_status\":1,\"bi_followers_count\":115,\"lang\":\"zh-cn\",\"star\":0,\"mbtype\":0,\"mbrank\":0,\"block_word\":0,\"block_app\":0,\"credit_score\":0}', null, '1411877329', '1411877329');
INSERT INTO `core_users` VALUES ('7', '2594171174', '封家大少', 'weibo', 'http://tp3.sinaimg.cn/2594171174/180/22854088512/1', 'm', null, '32', '1', '2.00Y7sYpC0kWl8yff1e785fb10BTqc2', null, '{\"id\":2594171174,\"idstr\":\"2594171174\",\"class\":1,\"screen_name\":\"\\u5c01\\u5bb6\\u5927\\u5c11\",\"name\":\"\\u5c01\\u5bb6\\u5927\\u5c11\",\"province\":\"32\",\"city\":\"1\",\"location\":\"\\u6c5f\\u82cf \\u5357\\u4eac\",\"description\":\"\\u6295\\u7a3f\\u7206\\u6599\\u5408\\u4f5c\\u8bf7\\u79c1\\u4fe1\\u3001\\u624b\\u673a18351992722\\uff0cQQ283457344~-Weibo\",\"url\":\"\",\"profile_image_url\":\"http:\\/\\/tp3.sinaimg.cn\\/2594171174\\/50\\/22854088512\\/1\",\"cover_image\":\"http:\\/\\/ww4.sinaimg.cn\\/crop.0.189.980.300\\/9a9fe926tw1dzb2l1hufaj.jpg\",\"cover_image_phone\":\"http:\\/\\/ww4.sinaimg.cn\\/crop.0.0.640.640.640\\/6ce2240djw1e8iktk4ohij20hs0hsmz6.jpg\",\"profile_url\":\"234527451\",\"domain\":\"fengyijin\",\"weihao\":\"234527451\",\"gender\":\"m\",\"followers_count\":38178,\"friends_count\":1744,\"pagefriends_count\":1,\"statuses_count\":8971,\"favourites_count\":40,\"created_at\":\"Wed Dec 07 20:37:02 +0800 2011\",\"following\":false,\"allow_all_act_msg\":true,\"geo_enabled\":true,\"verified\":true,\"verified_type\":0,\"remark\":\"\",\"status\":{\"created_at\":\"Sun Sep 28 10:22:34 +0800 2014\",\"id\":3.7597216413225e+15,\"mid\":\"3759721641322455\",\"idstr\":\"3759721641322455\",\"text\":\"\\u4eba\\u8001\\u4e86\\uff0c\\u6ca1\\u5565\\u7cbe\\u529b\\u53d1\\u5fae\\u535a\\u4e86\\u3002\",\"source\":\"<a href=\\\"http:\\/\\/app.weibo.com\\/t\\/feed\\/2Q3FsK\\\" rel=\\\"nofollow\\\">vivo Xshot<\\/a>\",\"source_type\":1,\"favorited\":false,\"truncated\":false,\"in_reply_to_status_id\":\"\",\"in_reply_to_user_id\":\"\",\"in_reply_to_screen_name\":\"\",\"pic_urls\":[],\"geo\":null,\"annotations\":[{\"client_mblogid\":\"e0ec3dc6-a48e-48a6-ba36-606aa344bec6\"}],\"reposts_count\":0,\"comments_count\":0,\"attitudes_count\":0,\"mlevel\":0,\"visible\":{\"type\":0,\"list_id\":0},\"darwin_tags\":[]},\"ptype\":0,\"allow_all_comment\":true,\"avatar_large\":\"http:\\/\\/tp3.sinaimg.cn\\/2594171174\\/180\\/22854088512\\/1\",\"avatar_hd\":\"http:\\/\\/ww1.sinaimg.cn\\/crop.55.531.1976.1976.1024\\/9a9fe926tw1e8niccyobtj21kw2dc7wj.jpg\",\"verified_reason\":\"\\u5c01\\u6c0f\\u6587\\u5316\\u4f20\\u5a92\\u6709\\u9650\\u516c\\u53f8\\u8463\\u4e8b\\u957f\\u3001\\u6267\\u884cCEO-Weibo\",\"verified_trade\":\"\",\"verified_reason_url\":\"\",\"verified_source\":\"\",\"verified_source_url\":\"\",\"verified_state\":0,\"verified_level\":3,\"verified_reason_modified\":\"\",\"follow_me\":false,\"online_status\":1,\"bi_followers_count\":1052,\"lang\":\"zh-cn\",\"star\":0,\"mbtype\":2,\"mbrank\":5,\"block_word\":0,\"block_app\":0,\"ability_tags\":\"\\u5a92\\u4f53\\u8425\\u9500\",\"credit_score\":0}', null, '1411877405', '1411877405');
INSERT INTO `core_users` VALUES ('8', '1904209475', '迷路的二手青年', 'weibo', 'http://tp4.sinaimg.cn/1904209475/180/5634350413/1', 'm', null, '44', '3', '2.00DsrrEC0kWl8y167b9eacb2Twp8IB', null, '{\"id\":1904209475,\"idstr\":\"1904209475\",\"class\":1,\"screen_name\":\"\\u8ff7\\u8def\\u7684\\u4e8c\\u624b\\u9752\\u5e74\",\"name\":\"\\u8ff7\\u8def\\u7684\\u4e8c\\u624b\\u9752\\u5e74\",\"province\":\"44\",\"city\":\"3\",\"location\":\"\\u5e7f\\u4e1c \\u6df1\\u5733\",\"description\":\"\\u4e00\\u76f4\\u884c\\u8d70\\u5728\\u8def\\u4e0a\\u7684\\u641e\\u673a\\u5c0f\\u9752\\u5e74\\uff0c\\u5374\\u53d1\\u73b0\\u81ea\\u5df1\\u65e9\\u5df2\\u8ff7\\u5931\\u3002-Weibo\",\"url\":\"http:\\/\\/blog.sina.com.cn\\/yurenmatou2011\",\"profile_image_url\":\"http:\\/\\/tp4.sinaimg.cn\\/1904209475\\/50\\/5634350413\\/1\",\"cover_image\":\"http:\\/\\/ww3.sinaimg.cn\\/crop.0.0.980.245\\/6b888227jw1dwespkxdv9j.jpg\",\"profile_url\":\"206165666\",\"domain\":\"yurenzone\",\"weihao\":\"206165666\",\"gender\":\"m\",\"followers_count\":2544,\"friends_count\":1030,\"pagefriends_count\":1,\"statuses_count\":3909,\"favourites_count\":311,\"created_at\":\"Tue Dec 28 11:13:22 +0800 2010\",\"following\":false,\"allow_all_act_msg\":false,\"geo_enabled\":true,\"verified\":false,\"verified_type\":220,\"remark\":\"\",\"status\":{\"created_at\":\"Sun Sep 28 11:20:18 +0800 2014\",\"id\":3.7597361699218e+15,\"mid\":\"3759736169921805\",\"idstr\":\"3759736169921805\",\"text\":\"\\u8bf6\\u54c7\\u5988\\u5440\\uff0c\\u5fc5\\u987b\\u7ed9\\u60a8\\u8001\\u6574\\u4e2a\\u4e13\\u8f91\",\"source\":\"<a href=\\\"http:\\/\\/app.weibo.com\\/t\\/feed\\/3o33sO\\\" rel=\\\"nofollow\\\">iPhone 6<\\/a>\",\"source_type\":1,\"favorited\":false,\"truncated\":false,\"in_reply_to_status_id\":\"\",\"in_reply_to_user_id\":\"\",\"in_reply_to_screen_name\":\"\",\"pic_urls\":[],\"geo\":null,\"reposts_count\":0,\"comments_count\":0,\"attitudes_count\":0,\"mlevel\":0,\"visible\":{\"type\":0,\"list_id\":0},\"darwin_tags\":[]},\"ptype\":0,\"allow_all_comment\":true,\"avatar_large\":\"http:\\/\\/tp4.sinaimg.cn\\/1904209475\\/180\\/5634350413\\/1\",\"avatar_hd\":\"http:\\/\\/tp4.sinaimg.cn\\/1904209475\\/180\\/5634350413\\/1\",\"verified_reason\":\"\",\"verified_trade\":\"\",\"verified_reason_url\":\"\",\"verified_source\":\"\",\"verified_source_url\":\"\",\"follow_me\":false,\"online_status\":1,\"bi_followers_count\":461,\"lang\":\"zh-cn\",\"star\":0,\"mbtype\":0,\"mbrank\":0,\"block_word\":0,\"block_app\":0,\"credit_score\":0}', null, '1411887737', '1411887737');
INSERT INTO `core_users` VALUES ('9', 'oVFyOjhxwjnLDbZOmH65WXUR68UU', null, 'weixin', null, null, null, null, null, null, null, null, '1', '1413533658', '1413534132');
INSERT INTO `core_users` VALUES ('10', 'oVFyOjvPr_VKUqAsl7Xg_CdK3I1I', null, 'weixin', null, null, null, null, null, null, null, null, '1', '1414984091', '1414984128');
INSERT INTO `core_users` VALUES ('11', '1879516360', '青铜月', 'weibo', 'http://tp1.sinaimg.cn/1879516360/180/5706506156/0', 'f', null, '100', '1000', '2.00AEQMDCnSssNBd63275d13avLwo9E', null, '{\"id\":1879516360,\"idstr\":\"1879516360\",\"class\":1,\"screen_name\":\"\\u9752\\u94dc\\u6708\",\"name\":\"\\u9752\\u94dc\\u6708\",\"province\":\"100\",\"city\":\"1000\",\"location\":\"\\u5176\\u4ed6\",\"description\":\"\\u4e00\\u4e2a\\u4eba\\u7684\\u739b\\u683c\\u5317\",\"url\":\"\",\"profile_image_url\":\"http:\\/\\/tp1.sinaimg.cn\\/1879516360\\/50\\/5706506156\\/0\",\"profile_url\":\"u\\/1879516360\",\"domain\":\"\",\"weihao\":\"\",\"gender\":\"f\",\"followers_count\":405,\"friends_count\":480,\"pagefriends_count\":0,\"statuses_count\":816,\"favourites_count\":487,\"created_at\":\"Tue Nov 16 18:31:32 +0800 2010\",\"following\":false,\"allow_all_act_msg\":false,\"geo_enabled\":true,\"verified\":false,\"verified_type\":-1,\"remark\":\"\",\"status\":{\"created_at\":\"Wed Nov 19 11:16:26 +0800 2014\",\"id\":3778579370684541,\"mid\":\"3778579370684541\",\"idstr\":\"3778579370684541\",\"text\":\"\\u7070\\u5e38\\u8d5e\\u540c\\u6700\\u540e\\u4e00\\u6761~~~\",\"source_type\":1,\"source\":\"<a href=\\\"http:\\/\\/weibo.com\\/\\\" rel=\\\"nofollow\\\">\\u5fae\\u535a weibo.com<\\/a>\",\"favorited\":false,\"truncated\":false,\"in_reply_to_status_id\":\"\",\"in_reply_to_user_id\":\"\",\"in_reply_to_screen_name\":\"\",\"pic_urls\":[],\"geo\":null,\"reposts_count\":0,\"comments_count\":0,\"attitudes_count\":0,\"mlevel\":0,\"visible\":{\"type\":0,\"list_id\":0},\"darwin_tags\":[]},\"ptype\":0,\"allow_all_comment\":true,\"avatar_large\":\"http:\\/\\/tp1.sinaimg.cn\\/1879516360\\/180\\/5706506156\\/0\",\"avatar_hd\":\"http:\\/\\/ww1.sinaimg.cn\\/crop.0.0.180.180.1024\\/700724c8jw8eknj7djdzkj2050050glo.jpg\",\"verified_reason\":\"\",\"verified_trade\":\"\",\"verified_reason_url\":\"\",\"verified_source\":\"\",\"verified_source_url\":\"\",\"follow_me\":false,\"online_status\":0,\"bi_followers_count\":163,\"lang\":\"zh-cn\",\"star\":0,\"mbtype\":0,\"mbrank\":0,\"block_word\":0,\"block_app\":0,\"credit_score\":80,\"urank\":0}', null, '1416550578', '1416906899');
INSERT INTO `core_users` VALUES ('12', 'oVFyOjsu-zzHDtxFmdpKgR47gu8k', null, 'weixin', null, null, null, null, null, null, null, null, '1', '1416906546', '1416906568');
INSERT INTO `core_users` VALUES ('13', '2513765674', '正5青春', 'weibo', 'http://tp3.sinaimg.cn/2513765674/180/5616981294/1', 'm', null, '44', '3', '2.00eRVHkCnSssNB29ad33a6880ksHKa', null, '{\"id\":2513765674,\"idstr\":\"2513765674\",\"class\":1,\"screen_name\":\"\\u6b635\\u9752\\u6625\",\"name\":\"\\u6b635\\u9752\\u6625\",\"province\":\"44\",\"city\":\"3\",\"location\":\"\\u5e7f\\u4e1c \\u6df1\\u5733\",\"description\":\"\\u5fae\\u535a\\u627e\\u56de\\u6765\\u4e86\\uff01\",\"url\":\"\",\"profile_image_url\":\"http:\\/\\/tp3.sinaimg.cn\\/2513765674\\/50\\/5616981294\\/1\",\"profile_url\":\"u\\/2513765674\",\"domain\":\"\",\"weihao\":\"\",\"gender\":\"m\",\"followers_count\":315,\"friends_count\":654,\"pagefriends_count\":0,\"statuses_count\":527,\"favourites_count\":0,\"created_at\":\"Fri Nov 04 17:19:57 +0800 2011\",\"following\":false,\"allow_all_act_msg\":false,\"geo_enabled\":true,\"verified\":false,\"verified_type\":-1,\"remark\":\"\",\"status\":{\"created_at\":\"Tue Nov 25 17:32:46 +0800 2014\",\"id\":3780848401180520,\"mid\":\"3780848401180520\",\"idstr\":\"3780848401180520\",\"text\":\"\\u6709\\u624d\\u5c31\\u662f\\u4efb\\u6027\\uff01\\u6211\\u5236\\u4f5c\\u7684\\u624b\\u673a\\u539a\\u5ea6\\u4e3a5.74mm\\uff0c\\u6253\\u8d25\\u4e86\\u5168\\u56fd0.05%\\u7684\\u7f51\\u53cb\\u3002#DIY\\u521b\\u610f\\u624b\\u673a\\uff0c\\u548cX5Max\\u62fc\\u8584#\\u4e0d\\u670d\\u4f60\\u4e5f\\u6765\\u521b\\u4f5c\\uff0c\\u8d62vivo\\u624b\\u673a\\u5927\\u5956\\u3002\\u6d3b\\u52a8\\u94fe\\u63a5\\uff1ahttp:\\/\\/t.cn\\/Rzb9UGm @vivo\\u667a\\u80fd\\u624b\\u673a\",\"source_type\":1,\"source\":\"<a href=\\\"http:\\/\\/app.weibo.com\\/t\\/feed\\/1O5t8F\\\" rel=\\\"nofollow\\\">vivo\\u667a\\u80fd\\u624b\\u673aXshot<\\/a>\",\"favorited\":false,\"truncated\":false,\"in_reply_to_status_id\":\"\",\"in_reply_to_user_id\":\"\",\"in_reply_to_screen_name\":\"\",\"pic_urls\":[],\"geo\":null,\"reposts_count\":0,\"comments_count\":0,\"attitudes_count\":0,\"mlevel\":0,\"visible\":{\"type\":0,\"list_id\":0},\"darwin_tags\":[]},\"ptype\":0,\"allow_all_comment\":true,\"avatar_large\":\"http:\\/\\/tp3.sinaimg.cn\\/2513765674\\/180\\/5616981294\\/1\",\"avatar_hd\":\"http:\\/\\/tp3.sinaimg.cn\\/2513765674\\/180\\/5616981294\\/1\",\"verified_reason\":\"\",\"verified_trade\":\"\",\"verified_reason_url\":\"\",\"verified_source\":\"\",\"verified_source_url\":\"\",\"follow_me\":false,\"online_status\":1,\"bi_followers_count\":65,\"lang\":\"zh-cn\",\"star\":0,\"mbtype\":0,\"mbrank\":0,\"block_word\":0,\"block_app\":0,\"credit_score\":80,\"urank\":0}', null, '1416907816', '1416908097');

-- ----------------------------
-- Table structure for core_user_status
-- ----------------------------
DROP TABLE IF EXISTS `core_user_status`;
CREATE TABLE `core_user_status` (
  `userId` int(11) unsigned NOT NULL,
  `createTime` int(10) NOT NULL,
  `updateTime` int(10) NOT NULL,
  PRIMARY KEY (`userId`)
) ENGINE=InnoDB DEFAULT CHARSET=utf8;

-- ----------------------------
-- Records of core_user_status
-- ----------------------------
INSERT INTO `core_user_status` VALUES ('1', '1411110221', '1411110221');
INSERT INTO `core_user_status` VALUES ('2', '1411111630', '1411111630');
INSERT INTO `core_user_status` VALUES ('3', '1411176006', '1411176006');
INSERT INTO `core_user_status` VALUES ('4', '1411439315', '1411439315');
INSERT INTO `core_user_status` VALUES ('5', '1411705247', '1411705247');
INSERT INTO `core_user_status` VALUES ('6', '1411877329', '1411877329');
INSERT INTO `core_user_status` VALUES ('7', '1411877405', '1411877405');
INSERT INTO `core_user_status` VALUES ('8', '1411887737', '1411887737');
INSERT INTO `core_user_status` VALUES ('9', '1413533658', '1413533658');
INSERT INTO `core_user_status` VALUES ('10', '1414984091', '1414984091');
INSERT INTO `core_user_status` VALUES ('11', '1416550578', '1416550578');
INSERT INTO `core_user_status` VALUES ('12', '1416906546', '1416906546');
INSERT INTO `core_user_status` VALUES ('13', '1416907816', '1416907816');

-- ----------------------------
-- Table structure for core_view_logs
-- ----------------------------
DROP TABLE IF EXISTS `core_view_logs`;
CREATE TABLE `core_view_logs` (
  `id` bigint(20) unsigned NOT NULL AUTO_INCREMENT,
  `userId` int(11) unsigned DEFAULT NULL,
  `nickname` varchar(90) DEFAULT NULL,
  `module` varchar(40) NOT NULL,
  `page` varchar(120) DEFAULT NULL,
  `url` varchar(255) DEFAULT NULL,
  `ipAddress` varchar(40) DEFAULT NULL,
  `userAgent` varchar(255) DEFAULT NULL,
  `createTime` int(10) NOT NULL,
  `updateTime` int(10) NOT NULL,
  PRIMARY KEY (`id`),
  KEY `userId` (`userId`) USING BTREE
) ENGINE=InnoDB DEFAULT CHARSET=utf8;

-- ----------------------------
-- Records of core_view_logs
-- ----------------------------

-- ----------------------------
-- Table structure for karaoke_likes
-- ----------------------------
DROP TABLE IF EXISTS `karaoke_likes`;
CREATE TABLE `karaoke_likes` (
  `id` int(11) unsigned NOT NULL AUTO_INCREMENT,
  `sId` int(11) unsigned NOT NULL,
  `userId` int(11) unsigned NOT NULL,
  `nickname` varchar(90) DEFAULT NULL,
  `ipAddress` varchar(40) DEFAULT NULL,
  `userAgent` varchar(255) DEFAULT NULL,
  `createTime` int(10) NOT NULL,
  `updateTime` int(10) NOT NULL,
  PRIMARY KEY (`id`),
  KEY `sId_userId` (`sId`,`userId`) USING BTREE,
  KEY `sId` (`sId`) USING BTREE
) ENGINE=InnoDB AUTO_INCREMENT=24 DEFAULT CHARSET=utf8;

-- ----------------------------
-- Records of karaoke_likes
-- ----------------------------
INSERT INTO `karaoke_likes` VALUES ('23', '6', '1', 'vivo冯永杰', '192.168.14.41', 'Mozilla/5.0 (Windows NT 6.3; WOW64) AppleWebKit/537.36 (KHTML, like Gecko) Chrome/37.0.2062.124 Safari/537.36', '1413189788', '1413189788');

-- ----------------------------
-- Table structure for karaoke_statuses
-- ----------------------------
DROP TABLE IF EXISTS `karaoke_statuses`;
CREATE TABLE `karaoke_statuses` (
  `id` int(11) unsigned NOT NULL AUTO_INCREMENT,
  `statusId` varchar(20) NOT NULL,
  `mId` varchar(20) DEFAULT NULL,
  `openId` varchar(90) DEFAULT NULL,
  `nickname` varchar(90) DEFAULT NULL,
  `avatar` varchar(255) DEFAULT NULL,
  `urlKey` varchar(32) DEFAULT NULL,
  `videoUrl` varchar(255) DEFAULT NULL,
  `videoType` varchar(10) DEFAULT NULL,
  `videoImg` varchar(255) DEFAULT NULL,
  `videoId` varchar(255) DEFAULT NULL,
  `player` varchar(255) DEFAULT NULL,
  `flashVars` varchar(255) DEFAULT NULL,
  `mp4Url` varchar(255) DEFAULT NULL,
  `content` varchar(255) DEFAULT NULL,
  `statusData` text,
  `statusTime` int(10) NOT NULL,
  `likeTotal` int(11) NOT NULL DEFAULT '0',
  `syncTime` int(10) NOT NULL DEFAULT '0',
  `createTime` int(10) NOT NULL,
  `updateTime` int(10) NOT NULL,
  PRIMARY KEY (`id`),
  UNIQUE KEY `statusId` (`statusId`) USING BTREE,
  UNIQUE KEY `videoId` (`videoId`) USING BTREE,
  UNIQUE KEY `videoType_videoId` (`videoType`,`videoId`) USING BTREE,
  UNIQUE KEY `urlKey` (`urlKey`) USING BTREE
) ENGINE=InnoDB AUTO_INCREMENT=11 DEFAULT CHARSET=utf8;

-- ----------------------------
-- Records of karaoke_statuses
-- ----------------------------
INSERT INTO `karaoke_statuses` VALUES ('1', '3758639682300021', 'BoBu89El7', '1639222335', '夢X啦哆', 'http://tp4.sinaimg.cn/1639222335/180/5663944633/1', 'RhjBjDo', 'http://www.miaopai.com/show/fVBK3xIx4wSAGd0iNfXz~w__.htm', 'miaopai', 'http://wscdn.miaopai.com/stream/fVBK3xIx4wSAGd0iNfXz~w__.jpg', 'fVBK3xIx4wSAGd0iNfXz~w__', 'http://www.miaopai.com/show/fVBK3xIx4wSAGd0iNfXz~w__.swf', 'playMovie=true&auto=1&autostart=true', null, '快来看看我的最新秒拍作品：#K歌之王X5#  @vivo冯永杰 测试http://t.cn/RhjBjDo（下载秒拍APP http://t.cn/zQwVyZf）', '{\"created_at\":\"Thu Sep 25 10:43:14 +0800 2014\",\"id\":3.7586396823e+15,\"mid\":\"3758639682300021\",\"idstr\":\"3758639682300021\",\"text\":\"\\u5feb\\u6765\\u770b\\u770b\\u6211\\u7684\\u6700\\u65b0\\u79d2\\u62cd\\u4f5c\\u54c1\\uff1a#K\\u6b4c\\u4e4b\\u738bX5#  @vivo\\u51af\\u6c38\\u6770 \\u6d4b\\u8bd5http:\\/\\/t.cn\\/RhjBjDo\\uff08\\u4e0b\\u8f7d\\u79d2\\u62cdAPP http:\\/\\/t.cn\\/zQwVyZf\\uff09\",\"source\":\"<a href=\\\"http:\\/\\/app.weibo.com\\/t\\/feed\\/6q0oEb\\\" rel=\\\"nofollow\\\">\\u79d2\\u62cd\\u5b89\\u5353\\u7248<\\/a>\",\"source_type\":1,\"favorited\":false,\"truncated\":false,\"in_reply_to_status_id\":\"\",\"in_reply_to_user_id\":\"\",\"in_reply_to_screen_name\":\"\",\"pic_urls\":[],\"geo\":null,\"user\":{\"id\":1639222335,\"idstr\":\"1639222335\",\"class\":1,\"screen_name\":\"\\u5922X\\u5566\\u54c6\",\"name\":\"\\u5922X\\u5566\\u54c6\",\"province\":\"44\",\"city\":\"3\",\"location\":\"\\u5e7f\\u4e1c \\u6df1\\u5733\",\"description\":\"\\u6c38\\u8fdc20\\u5c81\\u5605\\u5954\\u4e09\\u9ebb\\u7529\\u4f6c\\uff0c\\u9753\\u4ed4\\u8fc7\\u5218\\u5fb7\\u534e\\uff0c\\u6709\\u578b\\u8fc7\\u6881\\u671d\\u4f1f...\",\"url\":\"http:\\/\\/fwkit.info\\/\",\"profile_image_url\":\"http:\\/\\/tp4.sinaimg.cn\\/1639222335\\/50\\/5663944633\\/1\",\"cover_image_phone\":\"http:\\/\\/ww1.sinaimg.cn\\/crop.0.0.640.640.640\\/6cf8d7ebjw1ehfr4xa8psj20hs0hsgpg.jpg\",\"profile_url\":\"wengee\",\"domain\":\"wengee\",\"weihao\":\"\",\"gender\":\"m\",\"followers_count\":233,\"friends_count\":225,\"pagefriends_count\":0,\"statuses_count\":1199,\"favourites_count\":13,\"created_at\":\"Fri Aug 28 16:34:51 +0800 2009\",\"following\":true,\"allow_all_act_msg\":false,\"geo_enabled\":true,\"verified\":false,\"verified_type\":-1,\"remark\":\"\",\"ptype\":0,\"allow_all_comment\":true,\"avatar_large\":\"http:\\/\\/tp4.sinaimg.cn\\/1639222335\\/180\\/5663944633\\/1\",\"avatar_hd\":\"http:\\/\\/tp4.sinaimg.cn\\/1639222335\\/180\\/5663944633\\/1\",\"verified_reason\":\"\",\"verified_trade\":\"\",\"verified_reason_url\":\"\",\"verified_source\":\"\",\"verified_source_url\":\"\",\"follow_me\":true,\"online_status\":1,\"bi_followers_count\":47,\"lang\":\"zh-cn\",\"star\":0,\"mbtype\":0,\"mbrank\":0,\"block_word\":0,\"block_app\":0,\"credit_score\":0},\"reposts_count\":1,\"comments_count\":0,\"attitudes_count\":0,\"mlevel\":0,\"visible\":{\"type\":0,\"list_id\":0},\"darwin_tags\":[]}', '1411612994', '0', '0', '1411633723', '1413337477');
INSERT INTO `karaoke_statuses` VALUES ('2', '3758638130580909', 'BoBrD2r7v', '1639222335', '夢X啦哆', 'http://tp4.sinaimg.cn/1639222335/180/5663944633/1', 'RhjBhzD', 'http://www.weishi.com/t/2004037037801008?pgv_ref=weishi.share.sina&pgv_uid=2480204', 'weishi', 'http://ugc.qpic.cn/weishi_pic/0/1008_c594ca3161394032b592f5f33d60d88c/480', '1008_c594ca3161394032b592f5f33d60d88c', 'http://mat1.gtimg.com/weishi/player/weishiplayerIn.swf', 'vid=1008_c594ca3161394032b592f5f33d60d88c&autoplay=1', null, '测试 @vivo冯永杰 http://t.cn/RhjBhzD #微视#', '{\"created_at\":\"Thu Sep 25 10:37:04 +0800 2014\",\"id\":3.7586381305809e+15,\"mid\":\"3758638130580909\",\"idstr\":\"3758638130580909\",\"text\":\"\\u6d4b\\u8bd5 @vivo\\u51af\\u6c38\\u6770 http:\\/\\/t.cn\\/RhjBhzD #\\u5fae\\u89c6#\",\"source\":\"<a href=\\\"http:\\/\\/app.weibo.com\\/t\\/feed\\/4byEwc\\\" rel=\\\"nofollow\\\">\\u5fae\\u89c6<\\/a>\",\"source_type\":1,\"favorited\":false,\"truncated\":false,\"in_reply_to_status_id\":\"\",\"in_reply_to_user_id\":\"\",\"in_reply_to_screen_name\":\"\",\"pic_urls\":[],\"geo\":null,\"user\":{\"id\":1639222335,\"idstr\":\"1639222335\",\"class\":1,\"screen_name\":\"\\u5922X\\u5566\\u54c6\",\"name\":\"\\u5922X\\u5566\\u54c6\",\"province\":\"44\",\"city\":\"3\",\"location\":\"\\u5e7f\\u4e1c \\u6df1\\u5733\",\"description\":\"\\u6c38\\u8fdc20\\u5c81\\u5605\\u5954\\u4e09\\u9ebb\\u7529\\u4f6c\\uff0c\\u9753\\u4ed4\\u8fc7\\u5218\\u5fb7\\u534e\\uff0c\\u6709\\u578b\\u8fc7\\u6881\\u671d\\u4f1f...\",\"url\":\"http:\\/\\/fwkit.info\\/\",\"profile_image_url\":\"http:\\/\\/tp4.sinaimg.cn\\/1639222335\\/50\\/5663944633\\/1\",\"cover_image_phone\":\"http:\\/\\/ww1.sinaimg.cn\\/crop.0.0.640.640.640\\/6cf8d7ebjw1ehfr4xa8psj20hs0hsgpg.jpg\",\"profile_url\":\"wengee\",\"domain\":\"wengee\",\"weihao\":\"\",\"gender\":\"m\",\"followers_count\":233,\"friends_count\":225,\"pagefriends_count\":0,\"statuses_count\":1199,\"favourites_count\":13,\"created_at\":\"Fri Aug 28 16:34:51 +0800 2009\",\"following\":true,\"allow_all_act_msg\":false,\"geo_enabled\":true,\"verified\":false,\"verified_type\":-1,\"remark\":\"\",\"ptype\":0,\"allow_all_comment\":true,\"avatar_large\":\"http:\\/\\/tp4.sinaimg.cn\\/1639222335\\/180\\/5663944633\\/1\",\"avatar_hd\":\"http:\\/\\/tp4.sinaimg.cn\\/1639222335\\/180\\/5663944633\\/1\",\"verified_reason\":\"\",\"verified_trade\":\"\",\"verified_reason_url\":\"\",\"verified_source\":\"\",\"verified_source_url\":\"\",\"follow_me\":true,\"online_status\":1,\"bi_followers_count\":47,\"lang\":\"zh-cn\",\"star\":0,\"mbtype\":0,\"mbrank\":0,\"block_word\":0,\"block_app\":0,\"credit_score\":0},\"reposts_count\":0,\"comments_count\":0,\"attitudes_count\":0,\"mlevel\":0,\"visible\":{\"type\":0,\"list_id\":0},\"darwin_tags\":[]}', '1411612624', '0', '0', '1411634215', '1413337477');
INSERT INTO `karaoke_statuses` VALUES ('3', '3758979467715677', 'BoKkawncp', '5119209005', 'vivo冯永杰', 'http://tp2.sinaimg.cn/5119209005/180/5696384742/1', 'RhTpjJW', 'http://www.weishi.com/t/2000047077763236?pgv_ref=weishi.share.video.2000047077763236.sina', 'weishi', 'http://ugc.qpic.cn/weishi_pic/0/1008_61d92ac8d05842f2849f105b92ae80ef/480', '1008_61d92ac8d05842f2849f105b92ae80ef', 'http://mat1.gtimg.com/weishi/player/weishiplayerIn.swf', 'vid=1008_61d92ac8d05842f2849f105b92ae80ef&autoplay=1', null, '加伦哥哥的微视: 女的把男的砍成这样了/撇嘴/撇嘴 @vivo冯永杰 http://t.cn/RhTpjJW ', '{\"created_at\":\"Fri Sep 26 09:13:26 +0800 2014\",\"id\":3.7589794677157e+15,\"mid\":\"3758979467715677\",\"idstr\":\"3758979467715677\",\"text\":\"\\u52a0\\u4f26\\u54e5\\u54e5\\u7684\\u5fae\\u89c6: \\u5973\\u7684\\u628a\\u7537\\u7684\\u780d\\u6210\\u8fd9\\u6837\\u4e86\\/\\u6487\\u5634\\/\\u6487\\u5634 @vivo\\u51af\\u6c38\\u6770 http:\\/\\/t.cn\\/RhTpjJW \",\"source\":\"<a href=\\\"http:\\/\\/app.weibo.com\\/t\\/feed\\/4byEwc\\\" rel=\\\"nofollow\\\">\\u5fae\\u89c6<\\/a>\",\"source_type\":1,\"favorited\":false,\"truncated\":false,\"in_reply_to_status_id\":\"\",\"in_reply_to_user_id\":\"\",\"in_reply_to_screen_name\":\"\",\"pic_urls\":[{\"thumbnail_pic\":\"http:\\/\\/ww2.sinaimg.cn\\/thumbnail\\/005ArG7bjw1ekplxtfvokj30dc0dct9t.jpg\"}],\"thumbnail_pic\":\"http:\\/\\/ww2.sinaimg.cn\\/thumbnail\\/005ArG7bjw1ekplxtfvokj30dc0dct9t.jpg\",\"bmiddle_pic\":\"http:\\/\\/ww2.sinaimg.cn\\/bmiddle\\/005ArG7bjw1ekplxtfvokj30dc0dct9t.jpg\",\"original_pic\":\"http:\\/\\/ww2.sinaimg.cn\\/large\\/005ArG7bjw1ekplxtfvokj30dc0dct9t.jpg\",\"geo\":null,\"user\":{\"id\":5119209005,\"idstr\":\"5119209005\",\"class\":1,\"screen_name\":\"vivo\\u51af\\u6c38\\u6770\",\"name\":\"vivo\\u51af\\u6c38\\u6770\",\"province\":\"44\",\"city\":\"3\",\"location\":\"\\u5e7f\\u4e1c \\u6df1\\u5733\",\"description\":\"\",\"url\":\"\",\"profile_image_url\":\"http:\\/\\/tp2.sinaimg.cn\\/5119209005\\/50\\/5696384742\\/1\",\"profile_url\":\"u\\/5119209005\",\"domain\":\"\",\"weihao\":\"\",\"gender\":\"m\",\"followers_count\":8,\"friends_count\":57,\"pagefriends_count\":0,\"statuses_count\":58,\"favourites_count\":0,\"created_at\":\"Sun Apr 20 14:33:43 +0800 2014\",\"following\":false,\"allow_all_act_msg\":false,\"geo_enabled\":true,\"verified\":false,\"verified_type\":-1,\"remark\":\"\",\"ptype\":0,\"allow_all_comment\":true,\"avatar_large\":\"http:\\/\\/tp2.sinaimg.cn\\/5119209005\\/180\\/5696384742\\/1\",\"avatar_hd\":\"http:\\/\\/ww4.sinaimg.cn\\/crop.0.0.180.180.1024\\/005ArG7bjw1egw3mkip6fj3050050dfy.jpg\",\"verified_reason\":\"\",\"verified_trade\":\"\",\"verified_reason_url\":\"\",\"verified_source\":\"\",\"verified_source_url\":\"\",\"follow_me\":false,\"online_status\":0,\"bi_followers_count\":1,\"lang\":\"zh-cn\",\"star\":0,\"mbtype\":0,\"mbrank\":0,\"block_word\":0,\"block_app\":0,\"credit_score\":80},\"reposts_count\":0,\"comments_count\":0,\"attitudes_count\":0,\"mlevel\":0,\"visible\":{\"type\":0,\"list_id\":0},\"darwin_tags\":[]}', '1411694006', '0', '1414052573', '1411694066', '1414052573');
INSERT INTO `karaoke_statuses` VALUES ('4', '3758979375335459', 'BoKk1mnZN', '5119209005', 'vivo冯永杰', 'http://tp2.sinaimg.cn/5119209005/180/5696384742/1', 'RhTpWfX', 'http://www.weishi.com/t/2005036121077995?pgv_ref=weishi.share.video.2005036121077995.sina', 'weishi', 'http://ugc.qpic.cn/weishi_pic/0/1008_d82099c193ba439c867313707b22f2ad/480', '1008_d82099c193ba439c867313707b22f2ad', 'http://mat1.gtimg.com/weishi/player/weishiplayerIn.swf', 'vid=1008_d82099c193ba439c867313707b22f2ad&autoplay=1', null, '加伦哥哥的微视: 没sei了/流汗/流汗 @vivo冯永杰 http://t.cn/RhTpWfX ', '{\"created_at\":\"Fri Sep 26 09:13:03 +0800 2014\",\"id\":3.7589793753355e+15,\"mid\":\"3758979375335459\",\"idstr\":\"3758979375335459\",\"text\":\"\\u52a0\\u4f26\\u54e5\\u54e5\\u7684\\u5fae\\u89c6: \\u6ca1sei\\u4e86\\/\\u6d41\\u6c57\\/\\u6d41\\u6c57 @vivo\\u51af\\u6c38\\u6770 http:\\/\\/t.cn\\/RhTpWfX \",\"source\":\"<a href=\\\"http:\\/\\/app.weibo.com\\/t\\/feed\\/4byEwc\\\" rel=\\\"nofollow\\\">\\u5fae\\u89c6<\\/a>\",\"source_type\":1,\"favorited\":false,\"truncated\":false,\"in_reply_to_status_id\":\"\",\"in_reply_to_user_id\":\"\",\"in_reply_to_screen_name\":\"\",\"pic_urls\":[{\"thumbnail_pic\":\"http:\\/\\/ww4.sinaimg.cn\\/thumbnail\\/005ArG7bjw1ekplxeydrdj30dc0dcmy9.jpg\"}],\"thumbnail_pic\":\"http:\\/\\/ww4.sinaimg.cn\\/thumbnail\\/005ArG7bjw1ekplxeydrdj30dc0dcmy9.jpg\",\"bmiddle_pic\":\"http:\\/\\/ww4.sinaimg.cn\\/bmiddle\\/005ArG7bjw1ekplxeydrdj30dc0dcmy9.jpg\",\"original_pic\":\"http:\\/\\/ww4.sinaimg.cn\\/large\\/005ArG7bjw1ekplxeydrdj30dc0dcmy9.jpg\",\"geo\":null,\"user\":{\"id\":5119209005,\"idstr\":\"5119209005\",\"class\":1,\"screen_name\":\"vivo\\u51af\\u6c38\\u6770\",\"name\":\"vivo\\u51af\\u6c38\\u6770\",\"province\":\"44\",\"city\":\"3\",\"location\":\"\\u5e7f\\u4e1c \\u6df1\\u5733\",\"description\":\"\",\"url\":\"\",\"profile_image_url\":\"http:\\/\\/tp2.sinaimg.cn\\/5119209005\\/50\\/5696384742\\/1\",\"profile_url\":\"u\\/5119209005\",\"domain\":\"\",\"weihao\":\"\",\"gender\":\"m\",\"followers_count\":8,\"friends_count\":57,\"pagefriends_count\":0,\"statuses_count\":58,\"favourites_count\":0,\"created_at\":\"Sun Apr 20 14:33:43 +0800 2014\",\"following\":false,\"allow_all_act_msg\":false,\"geo_enabled\":true,\"verified\":false,\"verified_type\":-1,\"remark\":\"\",\"ptype\":0,\"allow_all_comment\":true,\"avatar_large\":\"http:\\/\\/tp2.sinaimg.cn\\/5119209005\\/180\\/5696384742\\/1\",\"avatar_hd\":\"http:\\/\\/ww4.sinaimg.cn\\/crop.0.0.180.180.1024\\/005ArG7bjw1egw3mkip6fj3050050dfy.jpg\",\"verified_reason\":\"\",\"verified_trade\":\"\",\"verified_reason_url\":\"\",\"verified_source\":\"\",\"verified_source_url\":\"\",\"follow_me\":false,\"online_status\":0,\"bi_followers_count\":1,\"lang\":\"zh-cn\",\"star\":0,\"mbtype\":0,\"mbrank\":0,\"block_word\":0,\"block_app\":0,\"credit_score\":80},\"reposts_count\":0,\"comments_count\":0,\"attitudes_count\":0,\"mlevel\":0,\"visible\":{\"type\":0,\"list_id\":0},\"darwin_tags\":[]}', '1411693983', '0', '1414052573', '1411694066', '1414052573');
INSERT INTO `karaoke_statuses` VALUES ('5', '3758979140681553', 'BoKjE2RiN', '5119209005', 'vivo冯永杰', 'http://tp2.sinaimg.cn/5119209005/180/5696384742/1', 'RhTp9dW', 'http://www.weishi.com/t/2006537009590130?pgv_ref=weishi.share.video.2006537009590130.sina', 'weishi', 'http://ugc.qpic.cn/weishi_pic/0/1008_4bd8693ea5774dc78da4f7a11ce8d7e7/480', '1008_4bd8693ea5774dc78da4f7a11ce8d7e7', 'http://mat1.gtimg.com/weishi/player/weishiplayerIn.swf', 'vid=1008_4bd8693ea5774dc78da4f7a11ce8d7e7&autoplay=1', null, '加伦哥哥的微视: 也不知道这个女孩子做了什么对不起她爹妈的事→_→也不知道这闺女是不是他亲生的、这样惨无人道的暴打/发呆/发呆 @vivo冯永杰 http://t.cn/RhTp9dW ', '{\"created_at\":\"Fri Sep 26 09:12:08 +0800 2014\",\"id\":3.7589791406816e+15,\"mid\":\"3758979140681553\",\"idstr\":\"3758979140681553\",\"text\":\"\\u52a0\\u4f26\\u54e5\\u54e5\\u7684\\u5fae\\u89c6: \\u4e5f\\u4e0d\\u77e5\\u9053\\u8fd9\\u4e2a\\u5973\\u5b69\\u5b50\\u505a\\u4e86\\u4ec0\\u4e48\\u5bf9\\u4e0d\\u8d77\\u5979\\u7239\\u5988\\u7684\\u4e8b\\u2192_\\u2192\\u4e5f\\u4e0d\\u77e5\\u9053\\u8fd9\\u95fa\\u5973\\u662f\\u4e0d\\u662f\\u4ed6\\u4eb2\\u751f\\u7684\\u3001\\u8fd9\\u6837\\u60e8\\u65e0\\u4eba\\u9053\\u7684\\u66b4\\u6253\\/\\u53d1\\u5446\\/\\u53d1\\u5446 @vivo\\u51af\\u6c38\\u6770 http:\\/\\/t.cn\\/RhTp9dW \",\"source\":\"<a href=\\\"http:\\/\\/app.weibo.com\\/t\\/feed\\/4byEwc\\\" rel=\\\"nofollow\\\">\\u5fae\\u89c6<\\/a>\",\"source_type\":1,\"favorited\":false,\"truncated\":false,\"in_reply_to_status_id\":\"\",\"in_reply_to_user_id\":\"\",\"in_reply_to_screen_name\":\"\",\"pic_urls\":[{\"thumbnail_pic\":\"http:\\/\\/ww4.sinaimg.cn\\/thumbnail\\/005ArG7bjw1ekplwgfj0zj30dc0dc3zn.jpg\"}],\"thumbnail_pic\":\"http:\\/\\/ww4.sinaimg.cn\\/thumbnail\\/005ArG7bjw1ekplwgfj0zj30dc0dc3zn.jpg\",\"bmiddle_pic\":\"http:\\/\\/ww4.sinaimg.cn\\/bmiddle\\/005ArG7bjw1ekplwgfj0zj30dc0dc3zn.jpg\",\"original_pic\":\"http:\\/\\/ww4.sinaimg.cn\\/large\\/005ArG7bjw1ekplwgfj0zj30dc0dc3zn.jpg\",\"geo\":null,\"user\":{\"id\":5119209005,\"idstr\":\"5119209005\",\"class\":1,\"screen_name\":\"vivo\\u51af\\u6c38\\u6770\",\"name\":\"vivo\\u51af\\u6c38\\u6770\",\"province\":\"44\",\"city\":\"3\",\"location\":\"\\u5e7f\\u4e1c \\u6df1\\u5733\",\"description\":\"\",\"url\":\"\",\"profile_image_url\":\"http:\\/\\/tp2.sinaimg.cn\\/5119209005\\/50\\/5696384742\\/1\",\"profile_url\":\"u\\/5119209005\",\"domain\":\"\",\"weihao\":\"\",\"gender\":\"m\",\"followers_count\":8,\"friends_count\":57,\"pagefriends_count\":0,\"statuses_count\":58,\"favourites_count\":0,\"created_at\":\"Sun Apr 20 14:33:43 +0800 2014\",\"following\":false,\"allow_all_act_msg\":false,\"geo_enabled\":true,\"verified\":false,\"verified_type\":-1,\"remark\":\"\",\"ptype\":0,\"allow_all_comment\":true,\"avatar_large\":\"http:\\/\\/tp2.sinaimg.cn\\/5119209005\\/180\\/5696384742\\/1\",\"avatar_hd\":\"http:\\/\\/ww4.sinaimg.cn\\/crop.0.0.180.180.1024\\/005ArG7bjw1egw3mkip6fj3050050dfy.jpg\",\"verified_reason\":\"\",\"verified_trade\":\"\",\"verified_reason_url\":\"\",\"verified_source\":\"\",\"verified_source_url\":\"\",\"follow_me\":false,\"online_status\":0,\"bi_followers_count\":1,\"lang\":\"zh-cn\",\"star\":0,\"mbtype\":0,\"mbrank\":0,\"block_word\":0,\"block_app\":0,\"credit_score\":80},\"reposts_count\":0,\"comments_count\":0,\"attitudes_count\":0,\"mlevel\":0,\"visible\":{\"type\":0,\"list_id\":0},\"darwin_tags\":[]}', '1411693928', '0', '1414052573', '1411694066', '1414052573');
INSERT INTO `karaoke_statuses` VALUES ('6', '3758978935084160', 'BoKjjlkCA', '5119209005', 'vivo冯永杰', 'http://tp2.sinaimg.cn/5119209005/180/5696384742/1', 'RhTpaIX', 'http://www.weishi.com/t/2005037024333999?pgv_ref=weishi.share.video.2005037024333999.sina', 'weishi', 'http://ugc.qpic.cn/weishi_pic/0/1008_138b9184a71f4043acf4ca010eee4b3e/480', '1008_138b9184a71f4043acf4ca010eee4b3e', 'http://mat1.gtimg.com/weishi/player/weishiplayerIn.swf', 'vid=1008_138b9184a71f4043acf4ca010eee4b3e&autoplay=1', null, '加伦哥哥的微视: 小学生的生活丰富多彩/撇嘴  @vivo冯永杰 http://t.cn/RhTpaIX ', '{\"created_at\":\"Fri Sep 26 09:11:19 +0800 2014\",\"id\":3.7589789350842e+15,\"mid\":\"3758978935084160\",\"idstr\":\"3758978935084160\",\"text\":\"\\u52a0\\u4f26\\u54e5\\u54e5\\u7684\\u5fae\\u89c6: \\u5c0f\\u5b66\\u751f\\u7684\\u751f\\u6d3b\\u4e30\\u5bcc\\u591a\\u5f69\\/\\u6487\\u5634  @vivo\\u51af\\u6c38\\u6770 http:\\/\\/t.cn\\/RhTpaIX \",\"source\":\"<a href=\\\"http:\\/\\/app.weibo.com\\/t\\/feed\\/4byEwc\\\" rel=\\\"nofollow\\\">\\u5fae\\u89c6<\\/a>\",\"source_type\":1,\"favorited\":false,\"truncated\":false,\"in_reply_to_status_id\":\"\",\"in_reply_to_user_id\":\"\",\"in_reply_to_screen_name\":\"\",\"pic_urls\":[{\"thumbnail_pic\":\"http:\\/\\/ww3.sinaimg.cn\\/thumbnail\\/005ArG7bjw1ekplvlk35jj30dc0dc752.jpg\"}],\"thumbnail_pic\":\"http:\\/\\/ww3.sinaimg.cn\\/thumbnail\\/005ArG7bjw1ekplvlk35jj30dc0dc752.jpg\",\"bmiddle_pic\":\"http:\\/\\/ww3.sinaimg.cn\\/bmiddle\\/005ArG7bjw1ekplvlk35jj30dc0dc752.jpg\",\"original_pic\":\"http:\\/\\/ww3.sinaimg.cn\\/large\\/005ArG7bjw1ekplvlk35jj30dc0dc752.jpg\",\"geo\":null,\"user\":{\"id\":5119209005,\"idstr\":\"5119209005\",\"class\":1,\"screen_name\":\"vivo\\u51af\\u6c38\\u6770\",\"name\":\"vivo\\u51af\\u6c38\\u6770\",\"province\":\"44\",\"city\":\"3\",\"location\":\"\\u5e7f\\u4e1c \\u6df1\\u5733\",\"description\":\"\",\"url\":\"\",\"profile_image_url\":\"http:\\/\\/tp2.sinaimg.cn\\/5119209005\\/50\\/5696384742\\/1\",\"profile_url\":\"u\\/5119209005\",\"domain\":\"\",\"weihao\":\"\",\"gender\":\"m\",\"followers_count\":8,\"friends_count\":57,\"pagefriends_count\":0,\"statuses_count\":58,\"favourites_count\":0,\"created_at\":\"Sun Apr 20 14:33:43 +0800 2014\",\"following\":false,\"allow_all_act_msg\":false,\"geo_enabled\":true,\"verified\":false,\"verified_type\":-1,\"remark\":\"\",\"ptype\":0,\"allow_all_comment\":true,\"avatar_large\":\"http:\\/\\/tp2.sinaimg.cn\\/5119209005\\/180\\/5696384742\\/1\",\"avatar_hd\":\"http:\\/\\/ww4.sinaimg.cn\\/crop.0.0.180.180.1024\\/005ArG7bjw1egw3mkip6fj3050050dfy.jpg\",\"verified_reason\":\"\",\"verified_trade\":\"\",\"verified_reason_url\":\"\",\"verified_source\":\"\",\"verified_source_url\":\"\",\"follow_me\":false,\"online_status\":0,\"bi_followers_count\":1,\"lang\":\"zh-cn\",\"star\":0,\"mbtype\":0,\"mbrank\":0,\"block_word\":0,\"block_app\":0,\"credit_score\":80},\"reposts_count\":0,\"comments_count\":0,\"attitudes_count\":0,\"mlevel\":0,\"visible\":{\"type\":0,\"list_id\":0},\"darwin_tags\":[]}', '1411693879', '1', '1414052573', '1411694066', '1414052573');
INSERT INTO `karaoke_statuses` VALUES ('7', '3758978741988147', 'BoKj08lcT', '5119209005', 'vivo冯永杰', 'http://tp2.sinaimg.cn/5119209005/180/5696384742/1', 'RhTpxV4', 'http://www.weishi.com/t/2002547125155795?pgv_ref=weishi.share.video.2002547125155795.sina', 'weishi', 'http://ugc.qpic.cn/weishi_pic/0/1008_8645c54d5dd3457b851f9c5f462b6d82/480', '1008_8645c54d5dd3457b851f9c5f462b6d82', 'http://mat1.gtimg.com/weishi/player/weishiplayerIn.swf', 'vid=1008_8645c54d5dd3457b851f9c5f462b6d82&autoplay=1', null, '加伦哥哥的微视: 你们这是要笑死人不偿命呀！/呲牙/呲牙 @vivo冯永杰 http://t.cn/RhTpxV4 ', '{\"created_at\":\"Fri Sep 26 09:10:33 +0800 2014\",\"id\":3.7589787419881e+15,\"mid\":\"3758978741988147\",\"idstr\":\"3758978741988147\",\"text\":\"\\u52a0\\u4f26\\u54e5\\u54e5\\u7684\\u5fae\\u89c6: \\u4f60\\u4eec\\u8fd9\\u662f\\u8981\\u7b11\\u6b7b\\u4eba\\u4e0d\\u507f\\u547d\\u5440\\uff01\\/\\u5472\\u7259\\/\\u5472\\u7259 @vivo\\u51af\\u6c38\\u6770 http:\\/\\/t.cn\\/RhTpxV4 \",\"source\":\"<a href=\\\"http:\\/\\/app.weibo.com\\/t\\/feed\\/4byEwc\\\" rel=\\\"nofollow\\\">\\u5fae\\u89c6<\\/a>\",\"source_type\":1,\"favorited\":false,\"truncated\":false,\"in_reply_to_status_id\":\"\",\"in_reply_to_user_id\":\"\",\"in_reply_to_screen_name\":\"\",\"pic_urls\":[{\"thumbnail_pic\":\"http:\\/\\/ww3.sinaimg.cn\\/thumbnail\\/005ArG7bjw1ekplusvzfzj30dc0dcdgj.jpg\"}],\"thumbnail_pic\":\"http:\\/\\/ww3.sinaimg.cn\\/thumbnail\\/005ArG7bjw1ekplusvzfzj30dc0dcdgj.jpg\",\"bmiddle_pic\":\"http:\\/\\/ww3.sinaimg.cn\\/bmiddle\\/005ArG7bjw1ekplusvzfzj30dc0dcdgj.jpg\",\"original_pic\":\"http:\\/\\/ww3.sinaimg.cn\\/large\\/005ArG7bjw1ekplusvzfzj30dc0dcdgj.jpg\",\"geo\":null,\"user\":{\"id\":5119209005,\"idstr\":\"5119209005\",\"class\":1,\"screen_name\":\"vivo\\u51af\\u6c38\\u6770\",\"name\":\"vivo\\u51af\\u6c38\\u6770\",\"province\":\"44\",\"city\":\"3\",\"location\":\"\\u5e7f\\u4e1c \\u6df1\\u5733\",\"description\":\"\",\"url\":\"\",\"profile_image_url\":\"http:\\/\\/tp2.sinaimg.cn\\/5119209005\\/50\\/5696384742\\/1\",\"profile_url\":\"u\\/5119209005\",\"domain\":\"\",\"weihao\":\"\",\"gender\":\"m\",\"followers_count\":6,\"friends_count\":55,\"pagefriends_count\":0,\"statuses_count\":51,\"favourites_count\":0,\"created_at\":\"Sun Apr 20 14:33:43 +0800 2014\",\"following\":false,\"allow_all_act_msg\":false,\"geo_enabled\":true,\"verified\":false,\"verified_type\":-1,\"remark\":\"\",\"ptype\":0,\"allow_all_comment\":true,\"avatar_large\":\"http:\\/\\/tp2.sinaimg.cn\\/5119209005\\/180\\/5696384742\\/1\",\"avatar_hd\":\"http:\\/\\/ww4.sinaimg.cn\\/crop.0.0.180.180.1024\\/005ArG7bjw1egw3mkip6fj3050050dfy.jpg\",\"verified_reason\":\"\",\"verified_trade\":\"\",\"verified_reason_url\":\"\",\"verified_source\":\"\",\"verified_source_url\":\"\",\"follow_me\":false,\"online_status\":1,\"bi_followers_count\":1,\"lang\":\"zh-cn\",\"star\":0,\"mbtype\":0,\"mbrank\":0,\"block_word\":0,\"block_app\":0,\"credit_score\":-1},\"reposts_count\":0,\"comments_count\":0,\"attitudes_count\":0,\"mlevel\":0,\"visible\":{\"type\":0,\"list_id\":0},\"darwin_tags\":[]}', '1411693833', '0', '0', '1411694066', '1413337477');
INSERT INTO `karaoke_statuses` VALUES ('8', '3758980109378632', 'BoKlcDlOg', '5119209005', 'vivo冯永杰', 'http://tp2.sinaimg.cn/5119209005/180/5696384742/1', 'RhTprAC', 'http://www.weishi.com/t/2007536006472942?pgv_ref=weishi.share.video.2007536006472942.sina', 'weishi', 'http://ugc.qpic.cn/weishi_pic/0/1008_d008563058d943a09f21e461f99cbc6d/480', '1008_d008563058d943a09f21e461f99cbc6d', 'http://mat1.gtimg.com/weishi/player/weishiplayerIn.swf', 'vid=1008_d008563058d943a09f21e461f99cbc6d&autoplay=1', null, '加伦哥哥的微视: 都是女孩子，为什么要如此恶毒/发怒/发怒 @vivo冯永杰 http://t.cn/RhTprAC ', '{\"created_at\":\"Fri Sep 26 09:15:59 +0800 2014\",\"id\":3.7589801093786e+15,\"mid\":\"3758980109378632\",\"idstr\":\"3758980109378632\",\"text\":\"\\u52a0\\u4f26\\u54e5\\u54e5\\u7684\\u5fae\\u89c6: \\u90fd\\u662f\\u5973\\u5b69\\u5b50\\uff0c\\u4e3a\\u4ec0\\u4e48\\u8981\\u5982\\u6b64\\u6076\\u6bd2\\/\\u53d1\\u6012\\/\\u53d1\\u6012 @vivo\\u51af\\u6c38\\u6770 http:\\/\\/t.cn\\/RhTprAC \",\"source\":\"<a href=\\\"http:\\/\\/app.weibo.com\\/t\\/feed\\/4byEwc\\\" rel=\\\"nofollow\\\">\\u5fae\\u89c6<\\/a>\",\"source_type\":1,\"favorited\":false,\"truncated\":false,\"in_reply_to_status_id\":\"\",\"in_reply_to_user_id\":\"\",\"in_reply_to_screen_name\":\"\",\"pic_urls\":[{\"thumbnail_pic\":\"http:\\/\\/ww1.sinaimg.cn\\/thumbnail\\/005ArG7bjw1ekpm0gh82fj30dc0dc757.jpg\"}],\"thumbnail_pic\":\"http:\\/\\/ww1.sinaimg.cn\\/thumbnail\\/005ArG7bjw1ekpm0gh82fj30dc0dc757.jpg\",\"bmiddle_pic\":\"http:\\/\\/ww1.sinaimg.cn\\/bmiddle\\/005ArG7bjw1ekpm0gh82fj30dc0dc757.jpg\",\"original_pic\":\"http:\\/\\/ww1.sinaimg.cn\\/large\\/005ArG7bjw1ekpm0gh82fj30dc0dc757.jpg\",\"geo\":null,\"user\":{\"id\":5119209005,\"idstr\":\"5119209005\",\"class\":1,\"screen_name\":\"vivo\\u51af\\u6c38\\u6770\",\"name\":\"vivo\\u51af\\u6c38\\u6770\",\"province\":\"44\",\"city\":\"3\",\"location\":\"\\u5e7f\\u4e1c \\u6df1\\u5733\",\"description\":\"\",\"url\":\"\",\"profile_image_url\":\"http:\\/\\/tp2.sinaimg.cn\\/5119209005\\/50\\/5696384742\\/1\",\"profile_url\":\"u\\/5119209005\",\"domain\":\"\",\"weihao\":\"\",\"gender\":\"m\",\"followers_count\":8,\"friends_count\":57,\"pagefriends_count\":0,\"statuses_count\":58,\"favourites_count\":0,\"created_at\":\"Sun Apr 20 14:33:43 +0800 2014\",\"following\":false,\"allow_all_act_msg\":false,\"geo_enabled\":true,\"verified\":false,\"verified_type\":-1,\"remark\":\"\",\"ptype\":0,\"allow_all_comment\":true,\"avatar_large\":\"http:\\/\\/tp2.sinaimg.cn\\/5119209005\\/180\\/5696384742\\/1\",\"avatar_hd\":\"http:\\/\\/ww4.sinaimg.cn\\/crop.0.0.180.180.1024\\/005ArG7bjw1egw3mkip6fj3050050dfy.jpg\",\"verified_reason\":\"\",\"verified_trade\":\"\",\"verified_reason_url\":\"\",\"verified_source\":\"\",\"verified_source_url\":\"\",\"follow_me\":false,\"online_status\":0,\"bi_followers_count\":1,\"lang\":\"zh-cn\",\"star\":0,\"mbtype\":0,\"mbrank\":0,\"block_word\":0,\"block_app\":0,\"credit_score\":80},\"reposts_count\":0,\"comments_count\":0,\"attitudes_count\":0,\"mlevel\":0,\"visible\":{\"type\":0,\"list_id\":0},\"darwin_tags\":[]}', '1411694159', '0', '1414052573', '1411694241', '1414052573');
INSERT INTO `karaoke_statuses` VALUES ('10', '3759806260866343', 'Bp5PI3Dnh', '1639222335', '夢X啦哆', 'http://tp4.sinaimg.cn/1639222335/180/5663944633/1', 'RhOc5ct', 'http://www.meipai.com/media/133017573', 'meipai', 'http://mvimg1.meitudata.com/5420de3cc35a37786.jpg', '133017573', 'http://img.app.meitudata.com/meitumv/swf/mtplayer.swf?IsAutoPlay=1&amp;IsContinue=1&amp;vcastr_file=http%3A%2F%2Fmvvideo2.meitudata.com%2F5420de3cb9c742755.mp4', 'playMovie=true&auto=1&autostart=true', 'http://mvvideo2.meitudata.com/5420de3cb9c742755.mp4', '@vivo冯永杰 http://t.cn/RhOc5ct ', '{\"created_at\":\"Sun Sep 28 15:58:49 +0800 2014\",\"id\":3759806260866343,\"mid\":\"3759806260866343\",\"idstr\":\"3759806260866343\",\"text\":\"@vivo\\u51af\\u6c38\\u6770 http:\\/\\/t.cn\\/RhOc5ct \",\"source_type\":1,\"source\":\"<a href=\\\"http:\\/\\/app.weibo.com\\/t\\/feed\\/1636Ho\\\" rel=\\\"nofollow\\\">\\u7f8e\\u62cd<\\/a>\",\"favorited\":false,\"truncated\":false,\"in_reply_to_status_id\":\"\",\"in_reply_to_user_id\":\"\",\"in_reply_to_screen_name\":\"\",\"pic_urls\":[],\"geo\":null,\"user\":{\"id\":1639222335,\"idstr\":\"1639222335\",\"class\":1,\"screen_name\":\"\\u5922X\\u5566\\u54c6\",\"name\":\"\\u5922X\\u5566\\u54c6\",\"province\":\"44\",\"city\":\"3\",\"location\":\"\\u5e7f\\u4e1c \\u6df1\\u5733\",\"description\":\"\\u6c38\\u8fdc20\\u5c81\\u5605\\u5954\\u4e09\\u9ebb\\u7529\\u4f6c\\uff0c\\u9753\\u4ed4\\u8fc7\\u5218\\u5fb7\\u534e\\uff0c\\u6709\\u578b\\u8fc7\\u6881\\u671d\\u4f1f...\",\"url\":\"http:\\/\\/fwkit.info\\/\",\"profile_image_url\":\"http:\\/\\/tp4.sinaimg.cn\\/1639222335\\/50\\/5663944633\\/1\",\"cover_image_phone\":\"http:\\/\\/ww1.sinaimg.cn\\/crop.0.0.640.640.640\\/6cf8d7ebjw1ehfr4xa8psj20hs0hsgpg.jpg\",\"profile_url\":\"wengee\",\"domain\":\"wengee\",\"weihao\":\"\",\"gender\":\"m\",\"followers_count\":233,\"friends_count\":227,\"pagefriends_count\":0,\"statuses_count\":1195,\"favourites_count\":13,\"created_at\":\"Fri Aug 28 16:34:51 +0800 2009\",\"following\":true,\"allow_all_act_msg\":false,\"geo_enabled\":true,\"verified\":false,\"verified_type\":-1,\"remark\":\"\",\"ptype\":0,\"allow_all_comment\":true,\"avatar_large\":\"http:\\/\\/tp4.sinaimg.cn\\/1639222335\\/180\\/5663944633\\/1\",\"avatar_hd\":\"http:\\/\\/tp4.sinaimg.cn\\/1639222335\\/180\\/5663944633\\/1\",\"verified_reason\":\"\",\"verified_trade\":\"\",\"verified_reason_url\":\"\",\"verified_source\":\"\",\"verified_source_url\":\"\",\"follow_me\":true,\"online_status\":0,\"bi_followers_count\":47,\"lang\":\"zh-cn\",\"star\":0,\"mbtype\":0,\"mbrank\":0,\"block_word\":0,\"block_app\":0,\"credit_score\":80},\"reposts_count\":0,\"comments_count\":0,\"attitudes_count\":0,\"mlevel\":0,\"visible\":{\"type\":0,\"list_id\":0},\"darwin_tags\":[]}', '1411891129', '0', '1416380327', '1411891821', '1416380327');

-- ----------------------------
-- Table structure for qmtd_constellation
-- ----------------------------
DROP TABLE IF EXISTS `qmtd_constellation`;
CREATE TABLE `qmtd_constellation` (
  `id` int(11) unsigned NOT NULL AUTO_INCREMENT,
  `name` varchar(16) NOT NULL,
  `label` varchar(10) NOT NULL,
  `start` char(4) NOT NULL,
  `end` char(4) NOT NULL,
  `tips` varchar(255) DEFAULT NULL,
  `createTime` int(10) NOT NULL,
  `updateTime` int(10) NOT NULL,
  PRIMARY KEY (`id`),
  KEY `start_end` (`start`,`end`) USING BTREE,
  KEY `start` (`start`) USING BTREE,
  KEY `end` (`end`) USING BTREE
) ENGINE=InnoDB AUTO_INCREMENT=13 DEFAULT CHARSET=utf8;

-- ----------------------------
-- Records of qmtd_constellation
-- ----------------------------
INSERT INTO `qmtd_constellation` VALUES ('1', 'capricorn', '摩羯座', '1222', '0119', '最完美的星座，没有之一（哈哈哈）', '1415073902', '1415073902');
INSERT INTO `qmtd_constellation` VALUES ('2', 'aquarius', '水瓶座', '0120', '0218', '水瓶怪蜀黍，请参照厂（陈）花（坤）啦~', '1415073902', '1415073902');
INSERT INTO `qmtd_constellation` VALUES ('3', 'pisces', '双鱼座', '0219', '0320', '这么多愁善感，真的好吗？', '1415073902', '1415073902');
INSERT INTO `qmtd_constellation` VALUES ('4', 'aries', '白羊座', '0321', '0419', '爱自由，有冒险精神的小羊棒棒哒。', '1415073902', '1415073902');
INSERT INTO `qmtd_constellation` VALUES ('5', 'taurus', '金牛座', '0420', '0520', '有主见、意志坚定的大牛牛。谁在说我爱钱就请我吃饭。', '1415073902', '1415073902');
INSERT INTO `qmtd_constellation` VALUES ('6', 'gemini', '双子座', '0521', '0621', '多才多艺的双子是不是每天都在和内心的小人儿做斗争（呵呵呵）', '1415073902', '1415073902');
INSERT INTO `qmtd_constellation` VALUES ('7', 'gancer', '巨蟹座', '0622', '0722', '简直是居家必备，手动点赞。', '1415073902', '1415073902');
INSERT INTO `qmtd_constellation` VALUES ('8', 'leo', '狮子座', '0723', '0822', '极富领导力的大狮子简直和vivo手机一样霸气呢。', '1415073902', '1415073902');
INSERT INTO `qmtd_constellation` VALUES ('9', 'virgo', '处女座', '0823', '0922', '嗯，此处省略一万字！', '1415073902', '1415073902');
INSERT INTO `qmtd_constellation` VALUES ('10', 'libra', '天秤座', '0923', '1023', '手机这么多，到底用那部嘛~勇敢的跟随内心咯。', '1415073902', '1415073902');
INSERT INTO `qmtd_constellation` VALUES ('11', 'scorpio', '天蝎座', '1024', '1122', '得罪不起的星座（你过来，我保证不……）', '1415073902', '1415073902');
INSERT INTO `qmtd_constellation` VALUES ('12', 'sagittarius', '射手座', '1123', '1221', '你被伤了心，怪我咯！', '1415073902', '1415073902');

-- ----------------------------
-- Table structure for qmtd_imei
-- ----------------------------
DROP TABLE IF EXISTS `qmtd_imei`;
CREATE TABLE `qmtd_imei` (
  `id` int(11) unsigned NOT NULL AUTO_INCREMENT,
  `userId` int(11) NOT NULL,
  `nickname` varchar(90) DEFAULT NULL,
  `gender` varchar(10) DEFAULT NULL,
  `imei` varchar(20) DEFAULT NULL,
  `sn` varchar(20) DEFAULT NULL,
  `machine` varchar(20) DEFAULT NULL,
  `productionTime` int(10) NOT NULL,
  `data` text,
  `constellationId` int(11) NOT NULL,
  `date` varchar(10) DEFAULT NULL,
  `ipAddress` varchar(40) DEFAULT NULL,
  `userAgent` varchar(255) DEFAULT NULL,
  `createTime` int(10) NOT NULL,
  `updateTime` int(10) NOT NULL,
  PRIMARY KEY (`id`),
  KEY `userId` (`userId`) USING BTREE,
  KEY `imei` (`imei`) USING BTREE,
  KEY `gender_constellationId` (`gender`,`constellationId`) USING BTREE,
  KEY `userId_imei` (`userId`,`imei`) USING BTREE,
  KEY `userId_date` (`userId`,`date`) USING BTREE
) ENGINE=InnoDB AUTO_INCREMENT=29 DEFAULT CHARSET=utf8;

-- ----------------------------
-- Records of qmtd_imei
-- ----------------------------
INSERT INTO `qmtd_imei` VALUES ('22', '1', '神圣的测试员', 'f', '863811016163871', 'Q510MH4HBAA4', 'X510t', '1376397234', '{\"imei\":\"863811016163871\",\"sn\":\"Q510MH4HBAA4\",\"machine\":\"X510t\",\"color\":null,\"optime\":\"Aug 13 2013 08:33:54:233PM\"}', '8', '20141107', '192.168.14.41', 'Mozilla/5.0 (Windows NT 6.3; WOW64) AppleWebKit/537.36 (KHTML, like Gecko) Chrome/38.0.2125.111 Safari/537.36', '1415351736', '1415351736');
INSERT INTO `qmtd_imei` VALUES ('23', '1', '神圣的测试员', 'f', '864855022760419', 'Z710NIP00AZ4', 'X710L', '1411991265', '{\"imei\":\"864855022760419\",\"sn\":\"Z710NIP00AZ4\",\"machine\":\"X710L\",\"color\":null,\"optime\":\"Sep 29 2014 07:47:45:937PM\"}', '10', '20141107', '192.168.14.41', 'Mozilla/5.0 (Windows NT 6.3; WOW64) AppleWebKit/537.36 (KHTML, like Gecko) Chrome/38.0.2125.111 Safari/537.36', '1415352024', '1415352024');
INSERT INTO `qmtd_imei` VALUES ('24', '1', '神圣的测试员', 'f', '864855022760419', 'Z710NIP00AZ4', 'X710L', '1411991265', '{\"imei\":\"864855022760419\",\"sn\":\"Z710NIP00AZ4\",\"machine\":\"X710L\",\"color\":null,\"optime\":\"Sep 29 2014 07:47:45:937PM\"}', '10', '20141107', '192.168.14.41', 'Mozilla/5.0 (Windows NT 6.3; WOW64) AppleWebKit/537.36 (KHTML, like Gecko) Chrome/38.0.2125.111 Safari/537.36', '1415353041', '1415353041');
INSERT INTO `qmtd_imei` VALUES ('25', '1', '神圣的测试员', 'm', '864855022760419', 'Z710NIP00AZ4', 'X710L', '1411991265', '{\"imei\":\"864855022760419\",\"sn\":\"Z710NIP00AZ4\",\"machine\":\"X710L\",\"color\":null,\"optime\":\"Sep 29 2014 07:47:45:937PM\"}', '10', '20141107', '192.168.14.41', 'Mozilla/5.0 (Windows NT 6.3; WOW64) AppleWebKit/537.36 (KHTML, like Gecko) Chrome/38.0.2125.111 Safari/537.36', '1415353133', '1415353133');
INSERT INTO `qmtd_imei` VALUES ('26', '1', '神圣的测试员', 'm', '864855022760419', 'Z710NIP00AZ4', 'X710L', '1411991265', '{\"imei\":\"864855022760419\",\"sn\":\"Z710NIP00AZ4\",\"machine\":\"X710L\",\"color\":null,\"optime\":\"Sep 29 2014 07:47:45:937PM\"}', '10', '20141107', '192.168.14.41', 'Mozilla/5.0 (Windows NT 6.3; WOW64) AppleWebKit/537.36 (KHTML, like Gecko) Chrome/38.0.2125.111 Safari/537.36', '1415354274', '1415354274');
INSERT INTO `qmtd_imei` VALUES ('27', '1', '神圣的测试员', 'm', '864855022760419', 'Z710NIP00AZ4', 'X710L', '1411991265', '{\"imei\":\"864855022760419\",\"sn\":\"Z710NIP00AZ4\",\"machine\":\"X710L\",\"color\":null,\"optime\":\"Sep 29 2014 07:47:45:937PM\"}', '10', '20141107', '192.168.14.41', 'Mozilla/5.0 (Windows NT 6.3; WOW64) AppleWebKit/537.36 (KHTML, like Gecko) Chrome/38.0.2125.111 Safari/537.36', '1415355277', '1415355277');
INSERT INTO `qmtd_imei` VALUES ('28', '4', '夢X啦哆', 'm', '864855022760419', 'Z710NIP00AZ4', 'X710L', '1411991265', '{\"imei\":\"864855022760419\",\"sn\":\"Z710NIP00AZ4\",\"machine\":\"X710L\",\"color\":null,\"optime\":\"Sep 29 2014 07:47:45:937PM\"}', '10', '20141110', '192.168.14.58', 'Mozilla/5.0 (Linux; U; Android 4.3; zh-cn; vivo X710L Build/JLS36C) AppleWebKit/533.1 (KHTML, like Gecko)Version/4.0 MQQBrowser/5.4 Mobile Safari/533.1 MicroMessenger/6.0.0.56_r856074.501 NetType/WIFI', '1415583382', '1415583382');

-- ----------------------------
-- Table structure for qmtd_matches
-- ----------------------------
DROP TABLE IF EXISTS `qmtd_matches`;
CREATE TABLE `qmtd_matches` (
  `id` int(11) unsigned NOT NULL AUTO_INCREMENT,
  `sourceId` int(11) NOT NULL,
  `destId` int(11) NOT NULL,
  `sort` tinyint(4) NOT NULL,
  `score` smallint(6) NOT NULL DEFAULT '0',
  `title` varchar(16) NOT NULL,
  `description` varchar(255) NOT NULL,
  `createTime` int(10) NOT NULL,
  `updateTime` int(10) NOT NULL,
  PRIMARY KEY (`id`),
  KEY `sourceId` (`sourceId`) USING BTREE,
  KEY `destId` (`destId`) USING BTREE,
  KEY `sourceId_destId` (`sourceId`,`destId`) USING BTREE
) ENGINE=InnoDB AUTO_INCREMENT=37 DEFAULT CHARSET=utf8;

-- ----------------------------
-- Records of qmtd_matches
-- ----------------------------
INSERT INTO `qmtd_matches` VALUES ('1', '4', '8', '1', '100', '天生一对', '同属火象星座的白羊及狮子， 就像手机没电遇到插座电源；想你的时候你正好来电。简直是命中注定的一对。', '1415288242', '1415288242');
INSERT INTO `qmtd_matches` VALUES ('2', '4', '4', '2', '80', '理想一半', '同是白羊座的人，就像两款同样的X5手机，彼此的观念、想法、作法都一样，很容易产生共鸣投缘的感觉。', '1415288242', '1415288242');
INSERT INTO `qmtd_matches` VALUES ('3', '4', '5', '3', '70', '相生相克', '就像你喜欢玩游戏，但我想看剧。虽然都同属一个载体但却不能同时实现。所以，凑合着过呗。', '1415288242', '1415288242');
INSERT INTO `qmtd_matches` VALUES ('4', '5', '9', '1', '100', '命中注定', '爱情还是要相信的，万一遇到了呢。大金牛与处女座追求极致完美的精神不谋而合。真的不是在陷害大牛牛呢。', '1415288242', '1415288242');
INSERT INTO `qmtd_matches` VALUES ('5', '5', '1', '2', '90', '天生一对', '同属土象星座的两只，就像手机开启了省电管理，喜欢细水长流，是很理想的组合。', '1415288242', '1415288242');
INSERT INTO `qmtd_matches` VALUES ('6', '5', '7', '3', '90', '理想一对', '巨蟹座待人真挚，跟大牛牛一样，手机一定会设密码，注重安全感，也很善于手机理财。', '1415288242', '1415288242');
INSERT INTO `qmtd_matches` VALUES ('7', '6', '2', '1', '100', '天生一对', '同属风象星座， 就像手机没电遇到插座电源；想你的时候你正好来电，容易相知相惜。', '1415288242', '1415288242');
INSERT INTO `qmtd_matches` VALUES ('8', '6', '10', '2', '100', '天生一对', '同属风象星座，就像Wi-Fi热点，密码不改就会自动链接。心底的默契很容易一见如故，互相敞开心扉。', '1415288242', '1415288242');
INSERT INTO `qmtd_matches` VALUES ('9', '6', '12', '3', '60', '相生相克', '就像你喜欢玩游戏，但我想看剧。虽然都同属一个载体但却不能同时实现。所以，凑合着过呗。', '1415288242', '1415288242');
INSERT INTO `qmtd_matches` VALUES ('10', '7', '3', '1', '100', '天生一对', '同属水象星座，就像Wi-Fi热点，密码不改就会自动链接。心底的默契很容易一见如故，互相敞开心扉。', '1415288242', '1415288242');
INSERT INTO `qmtd_matches` VALUES ('11', '7', '11', '2', '90', '天生一对', '巨蟹和天蝎，就像手机输入法，总会记得我们曾经的习惯和喜好；相知相惜的默契，会随著进一步的交往而更见浓烈。', '1415288242', '1415288242');
INSERT INTO `qmtd_matches` VALUES ('12', '7', '1', '3', '60', '互相吸引又互相排斥', '就像你喜欢玩游戏，但我想看剧。虽然都同属一个载体但却不能同时实现。所以，爱咋咋地。', '1415288242', '1415288242');
INSERT INTO `qmtd_matches` VALUES ('13', '8', '12', '1', '98', '天生一对', '两个同属火象星座，就像Wi-Fi热点，没有密码就会自动链接。是一见锺情式、健康开朗的组合。', '1415288242', '1415288242');
INSERT INTO `qmtd_matches` VALUES ('14', '8', '4', '2', '91', '理想组合', '就像他会秒回你的信息，对于你的热情，他会加倍奉还。狮子与白羊，天生就有超强的吸引力。', '1415288242', '1415288242');
INSERT INTO `qmtd_matches` VALUES ('15', '8', '2', '3', '85', '还不错', '我可以下载无穷的app，和他在一起充满新鲜感。瓶子的智慧、想像力与化繁为简的能力，会深深吸引狮子。', '1415288242', '1415288242');
INSERT INTO `qmtd_matches` VALUES ('16', '9', '1', '1', '100', '天生一对', '同是土象星座，走实际路线的摩羯与处女，无论性格、思想都有很多共通点。', '1415288242', '1415288242');
INSERT INTO `qmtd_matches` VALUES ('17', '9', '5', '2', '90', '理想组合', '在他面前你无须装饰。可以不用带手机壳，也不需要额外的装饰。两个同属土象星座的在本原中稳定成长。', '1415288242', '1415288242');
INSERT INTO `qmtd_matches` VALUES ('18', '9', '3', '3', '60', '互相吸引又互相排斥', '不要问我原因，我也不造啊TAT。', '1415288242', '1415288242');
INSERT INTO `qmtd_matches` VALUES ('19', '10', '6', '1', '100', '天生一对', '你们都是充满现代感、知性的星座，交际运也不错，可以愉悦的交往。', '1415288242', '1415288242');
INSERT INTO `qmtd_matches` VALUES ('20', '10', '2', '2', '90', '理想组合', '属风象的水瓶座或者天秤座，因为不安所以开启同病相怜、互相慰藉的和谐模式。', '1415288242', '1415288242');
INSERT INTO `qmtd_matches` VALUES ('21', '10', '8', '3', '80', '不错的一对', '霸道总裁承包鱼塘的故事，总而言之，就是你是风儿我是沙咯。', '1415288242', '1415288242');
INSERT INTO `qmtd_matches` VALUES ('22', '11', '3', '1', '100', '天生一对', '古藤老树昏鸦，小桥流水人家，WiFi手机西瓜，夕阳西下，你貌美如花，我挣钱养家。天生一对！', '1415288242', '1415288242');
INSERT INTO `qmtd_matches` VALUES ('23', '11', '9', '2', '90', '理想组合', '天蝎座的你会享受他对你无微不至的叮咛，不求轰轰烈烈，但求今生无悔，简直是偶像剧剧情嘛。', '1415288242', '1415288242');
INSERT INTO `qmtd_matches` VALUES ('24', '11', '12', '3', '60', '互相吸引又互相排斥', '就像你喜欢玩游戏，但我想看剧。虽然都同属一个载体但却不能同时实现。所以，怪我咯。', '1415288242', '1415288242');
INSERT INTO `qmtd_matches` VALUES ('25', '12', '4', '1', '100', '天生一对', '一起享受生活的组合，所以，请一起开心的打怪兽吧！', '1415288242', '1415288242');
INSERT INTO `qmtd_matches` VALUES ('26', '12', '8', '2', '90', '理想组合', '同属火象星座，就像手机没电遇到插座电源；想你的时候你正好来电，很容易被对方的气质吸引。', '1415288242', '1415288242');
INSERT INTO `qmtd_matches` VALUES ('27', '12', '6', '3', '60', '互相吸引又互相排斥', '就像你喜欢玩游戏，但我想看剧。虽然都同属一个载体但却不能同时实现。所以，你开心就好。', '1415288242', '1415288242');
INSERT INTO `qmtd_matches` VALUES ('28', '1', '5', '1', '100', '天生一对', '都属于土象星座，就像手机开启了省电管理，喜欢细水长流，性格上简直是天生一对呢！', '1415288242', '1415288242');
INSERT INTO `qmtd_matches` VALUES ('29', '1', '9', '2', '90', '理想组合', '就像手机没电遇到插座电源；想你的时候你正好来电，走实际路线的摩羯座和处女座，不论性格、思想都有很多共通和互补。', '1415288242', '1415288242');
INSERT INTO `qmtd_matches` VALUES ('30', '1', '3', '3', '85', '还不错的一对', '摩羯座与鱼儿都属阴性星座，在星座个性上一强一弱、比重上又一弱一强，搭档起来挺速配的。', '1415288242', '1415288242');
INSERT INTO `qmtd_matches` VALUES ('31', '2', '10', '1', '100', '天生一对', '就算他总为别人撑伞,你也会为他等在雨中。就是这样！', '1415288242', '1415288242');
INSERT INTO `qmtd_matches` VALUES ('32', '2', '6', '2', '95', '最佳伴侣', '同是风象星座，简直就是你是风儿我是沙，我是牛粪她是花的最佳情侣档。', '1415288242', '1415288242');
INSERT INTO `qmtd_matches` VALUES ('33', '2', '8', '3', '60', '互相吸引又互相排斥', '就像你喜欢玩游戏，但我想看剧。虽然都同属一个载体但却不能同时实现。所以，怪我咯。', '1415288242', '1415288242');
INSERT INTO `qmtd_matches` VALUES ('34', '3', '11', '1', '100', '天生一对', '同属水象星座， 就像手机没电遇到插座电源；想你的时候你正好来电。简直是命中注定的一对。', '1415288242', '1415288242');
INSERT INTO `qmtd_matches` VALUES ('35', '3', '7', '2', '95', '理想组合', '同属水象星座，在个性及思考模式方面都很类似。蟹子重视安稳与实际的爱情，鱼儿要求全心全意的爱恋与照顾，双方都缺乏安全感。', '1415288242', '1415288242');
INSERT INTO `qmtd_matches` VALUES ('36', '3', '1', '3', '80', '还不错的一对', '他思虑谨慎，就像Wi-Fi热点，不改密码等你自动链接。心底的默契很容易在一起，互相敞开心扉。', '1415288242', '1415288242');

-- ----------------------------
-- Table structure for qmtd_stat
-- ----------------------------
DROP TABLE IF EXISTS `qmtd_stat`;
CREATE TABLE `qmtd_stat` (
  `userId` int(11) unsigned NOT NULL,
  `drawTotal` int(11) unsigned NOT NULL DEFAULT '0',
  `drawLeft` int(11) unsigned NOT NULL DEFAULT '0',
  `gender` char(1) DEFAULT NULL,
  `imeiId` int(11) DEFAULT NULL,
  `imei` varchar(20) DEFAULT NULL,
  `constellationId` int(11) DEFAULT NULL,
  `createTime` int(10) NOT NULL,
  `updateTime` int(10) NOT NULL,
  PRIMARY KEY (`userId`)
) ENGINE=InnoDB DEFAULT CHARSET=utf8;

-- ----------------------------
-- Records of qmtd_stat
-- ----------------------------
INSERT INTO `qmtd_stat` VALUES ('1', '100', '0', 'm', '27', '864855022760419', '10', '1415355270', '1415355277');
INSERT INTO `qmtd_stat` VALUES ('4', '0', '0', 'm', '28', '864855022760419', '10', '1415583370', '1415583382');

-- ----------------------------
-- Table structure for qmtd_weibo
-- ----------------------------
DROP TABLE IF EXISTS `qmtd_weibo`;
CREATE TABLE `qmtd_weibo` (
  `id` int(11) unsigned NOT NULL AUTO_INCREMENT,
  `userId` int(11) unsigned NOT NULL,
  `nickname` varchar(90) DEFAULT NULL,
  `date` varchar(10) DEFAULT NULL,
  `text` varchar(255) DEFAULT NULL,
  `response` text,
  `createTime` int(10) NOT NULL,
  `updateTime` int(10) NOT NULL,
  PRIMARY KEY (`id`),
  KEY `createTime` (`createTime`) USING BTREE,
  KEY `cityId_createTime` (`createTime`) USING BTREE,
  KEY `userId_date` (`userId`,`date`) USING BTREE
) ENGINE=InnoDB AUTO_INCREMENT=6 DEFAULT CHARSET=utf8;

-- ----------------------------
-- Records of qmtd_weibo
-- ----------------------------
INSERT INTO `qmtd_weibo` VALUES ('5', '1', '神圣的测试员', '20141110', '原来我的手机是天秤座，找到了0个和我最般配的星座：双子座。呵呵呵，感觉马上就要走上人生巅峰了呢！#双11全民脱单# vivo手机用星座帮你找对象！还有双11大礼包：K歌之王X5手机等你来拿。http://activity.v.vivogeek.com/qmtd/', '{\"created_at\":\"Mon Nov 10 11:41:22 +0800 2014\",\"id\":3.7753241541691e+15,\"mid\":\"3775324154169058\",\"idstr\":\"3775324154169058\",\"text\":\"\\u539f\\u6765\\u6211\\u7684\\u624b\\u673a\\u662f\\u5929\\u79e4\\u5ea7\\uff0c\\u627e\\u5230\\u4e860\\u4e2a\\u548c\\u6211\\u6700\\u822c\\u914d\\u7684\\u661f\\u5ea7\\uff1a\\u53cc\\u5b50\\u5ea7\\u3002\\u5475\\u5475\\u5475\\uff0c\\u611f\\u89c9\\u9a6c\\u4e0a\\u5c31\\u8981\\u8d70\\u4e0a\\u4eba\\u751f\\u5dc5\\u5cf0\\u4e86\\u5462\\uff01#\\u53cc11\\u5168\\u6c11\\u8131\\u5355# vivo\\u624b\\u673a\\u7528\\u661f\\u5ea7\\u5e2e\\u4f60\\u627e\\u5bf9\\u8c61\\uff01\\u8fd8\\u6709\\u53cc11\\u5927\\u793c\\u5305\\uff1aK\\u6b4c\\u4e4b\\u738bX5\\u624b\\u673a\\u7b49\\u4f60\\u6765\\u62ff\\u3002http:\\/\\/t.cn\\/R71bajX\",\"source\":\"<a href=\\\"http:\\/\\/app.weibo.com\\/t\\/feed\\/1rdpS2\\\" rel=\\\"nofollow\\\">vivo\\u667a\\u80fd\\u624b\\u673aXplay<\\/a>\",\"source_type\":1,\"favorited\":false,\"truncated\":false,\"in_reply_to_status_id\":\"\",\"in_reply_to_user_id\":\"\",\"in_reply_to_screen_name\":\"\",\"pic_urls\":[],\"geo\":null,\"user\":{\"id\":5119209005,\"idstr\":\"5119209005\",\"class\":1,\"screen_name\":\"\\u795e\\u5723\\u7684\\u6d4b\\u8bd5\\u5458\",\"name\":\"\\u795e\\u5723\\u7684\\u6d4b\\u8bd5\\u5458\",\"province\":\"44\",\"city\":\"3\",\"location\":\"\\u5e7f\\u4e1c \\u6df1\\u5733\",\"description\":\"\",\"url\":\"\",\"profile_image_url\":\"http:\\/\\/tp2.sinaimg.cn\\/5119209005\\/50\\/5696384742\\/1\",\"profile_url\":\"u\\/5119209005\",\"domain\":\"\",\"weihao\":\"\",\"gender\":\"m\",\"followers_count\":8,\"friends_count\":58,\"pagefriends_count\":0,\"statuses_count\":44,\"favourites_count\":0,\"created_at\":\"Sun Apr 20 14:33:43 +0800 2014\",\"following\":false,\"allow_all_act_msg\":false,\"geo_enabled\":true,\"verified\":false,\"verified_type\":-1,\"remark\":\"\",\"ptype\":0,\"allow_all_comment\":true,\"avatar_large\":\"http:\\/\\/tp2.sinaimg.cn\\/5119209005\\/180\\/5696384742\\/1\",\"avatar_hd\":\"http:\\/\\/ww4.sinaimg.cn\\/crop.0.0.180.180.1024\\/005ArG7bjw1egw3mkip6fj3050050dfy.jpg\",\"verified_reason\":\"\",\"verified_trade\":\"\",\"verified_reason_url\":\"\",\"verified_source\":\"\",\"verified_source_url\":\"\",\"follow_me\":false,\"online_status\":0,\"bi_followers_count\":1,\"lang\":\"zh-cn\",\"star\":0,\"mbtype\":0,\"mbrank\":0,\"block_word\":0,\"block_app\":0,\"credit_score\":80},\"reposts_count\":0,\"comments_count\":0,\"attitudes_count\":0,\"mlevel\":0,\"visible\":{\"type\":0,\"list_id\":0},\"darwin_tags\":[]}', '1415590890', '1415590890');

-- ----------------------------
-- Table structure for thin_stat
-- ----------------------------
DROP TABLE IF EXISTS `thin_stat`;
CREATE TABLE `thin_stat` (
  `userId` int(11) unsigned NOT NULL,
  `drawTotal` int(11) unsigned NOT NULL DEFAULT '0',
  `drawLeft` int(11) unsigned NOT NULL DEFAULT '0',
  `weiboDate` varchar(10) DEFAULT NULL,
  `shareDate` varchar(10) DEFAULT NULL,
  `createTime` int(10) NOT NULL,
  `updateTime` int(10) NOT NULL,
  PRIMARY KEY (`userId`)
) ENGINE=InnoDB DEFAULT CHARSET=utf8;

-- ----------------------------
-- Records of thin_stat
-- ----------------------------
INSERT INTO `thin_stat` VALUES ('1', '12', '0', '20141126', '20141125', '1416899335', '1416899335');
INSERT INTO `thin_stat` VALUES ('4', '3', '0', null, null, '1416907015', '1416907015');
INSERT INTO `thin_stat` VALUES ('11', '0', '0', null, null, '1416906900', '1416906900');
INSERT INTO `thin_stat` VALUES ('13', '3', '0', '20141125', null, '1416907817', '1416907817');

-- ----------------------------
-- Table structure for thin_works
-- ----------------------------
DROP TABLE IF EXISTS `thin_works`;
CREATE TABLE `thin_works` (
  `id` int(11) unsigned NOT NULL AUTO_INCREMENT,
  `userId` int(11) unsigned NOT NULL,
  `nickname` varchar(90) DEFAULT NULL,
  `a` smallint(6) DEFAULT '1',
  `b` smallint(6) DEFAULT '1',
  `c` smallint(6) DEFAULT '1',
  `d` smallint(6) DEFAULT '1',
  `e` smallint(6) DEFAULT '1',
  `thickness` double(5,2) DEFAULT NULL,
  `ko` double(5,2) DEFAULT NULL,
  `text1` varchar(255) DEFAULT NULL,
  `text2` varchar(255) DEFAULT NULL,
  `weibo` text,
  `date` varchar(10) DEFAULT NULL,
  `createTime` int(10) NOT NULL,
  `updateTime` int(10) NOT NULL,
  PRIMARY KEY (`id`),
  KEY `thickness` (`thickness`),
  KEY `userId_createTime` (`userId`,`createTime`) USING BTREE,
  KEY `userId_date` (`userId`,`date`) USING BTREE
) ENGINE=InnoDB AUTO_INCREMENT=18 DEFAULT CHARSET=utf8;

-- ----------------------------
-- Records of thin_works
-- ----------------------------
INSERT INTO `thin_works` VALUES ('1', '1', '神圣的测试员', '1', '1', '1', '1', '1', '5.64', '0.00', '你DIY的手机厚度为5.64mm，打败了全国0%的网友。', '简直就是中华DIY小当家！可惜还是没有X5Max薄，就是这么任性！', '{\"created_at\":\"Tue Nov 25 11:43:29 +0800 2014\",\"id\":3780760505268795,\"mid\":\"3780760505268795\",\"idstr\":\"3780760505268795\",\"text\":\"\\u4f60DIY\\u7684\\u624b\\u673a\\u539a\\u5ea6\\u4e3a5.64mm\\uff0c\\u6253\\u8d25\\u4e86\\u5168\\u56fd0%\\u7684\\u7f51\\u53cb\\u3002\\u7b80\\u76f4\\u5c31\\u662f\\u4e2d\\u534eDIY\\u5c0f\\u5f53\\u5bb6\\uff01\\u53ef\\u60dc\\u8fd8\\u662f\\u6ca1\\u6709X5Max\\u8584\\uff0c\\u5c31\\u662f\\u8fd9\\u4e48\\u4efb\\u6027\\uff01\",\"source_type\":1,\"source\":\"<a href=\\\"http:\\/\\/app.weibo.com\\/t\\/feed\\/1O5t8F\\\" rel=\\\"nofollow\\\">vivo\\u667a\\u80fd\\u624b\\u673aXshot<\\/a>\",\"favorited\":false,\"truncated\":false,\"in_reply_to_status_id\":\"\",\"in_reply_to_user_id\":\"\",\"in_reply_to_screen_name\":\"\",\"pic_urls\":[],\"geo\":null,\"user\":{\"id\":5119209005,\"idstr\":\"5119209005\",\"class\":1,\"screen_name\":\"\\u795e\\u5723\\u7684\\u6d4b\\u8bd5\\u5458\",\"name\":\"\\u795e\\u5723\\u7684\\u6d4b\\u8bd5\\u5458\",\"province\":\"44\",\"city\":\"3\",\"location\":\"\\u5e7f\\u4e1c \\u6df1\\u5733\",\"description\":\"\",\"url\":\"\",\"profile_image_url\":\"http:\\/\\/tp2.sinaimg.cn\\/5119209005\\/50\\/5696384742\\/1\",\"profile_url\":\"u\\/5119209005\",\"domain\":\"\",\"weihao\":\"\",\"gender\":\"m\",\"followers_count\":8,\"friends_count\":58,\"pagefriends_count\":0,\"statuses_count\":43,\"favourites_count\":0,\"created_at\":\"Sun Apr 20 14:33:43 +0800 2014\",\"following\":false,\"allow_all_act_msg\":false,\"geo_enabled\":true,\"verified\":false,\"verified_type\":-1,\"remark\":\"\",\"ptype\":0,\"allow_all_comment\":true,\"avatar_large\":\"http:\\/\\/tp2.sinaimg.cn\\/5119209005\\/180\\/5696384742\\/1\",\"avatar_hd\":\"http:\\/\\/ww4.sinaimg.cn\\/crop.0.0.180.180.1024\\/005ArG7bjw1egw3mkip6fj3050050dfy.jpg\",\"verified_reason\":\"\",\"verified_trade\":\"\",\"verified_reason_url\":\"\",\"verified_source\":\"\",\"verified_source_url\":\"\",\"follow_me\":false,\"online_status\":0,\"bi_followers_count\":1,\"lang\":\"zh-cn\",\"star\":0,\"mbtype\":0,\"mbrank\":0,\"block_word\":0,\"block_app\":0,\"credit_score\":80},\"reposts_count\":0,\"comments_count\":0,\"attitudes_count\":0,\"mlevel\":0,\"visible\":{\"type\":0,\"list_id\":0},\"darwin_tags\":[]}', '20141125', '1416887010', '1416887010');
INSERT INTO `thin_works` VALUES ('2', '1', '神圣的测试员', '1', '2', '3', '3', '1', '5.00', '0.00', '你DIY的手机厚度为5mm，打败了全国0.00%的网友。', '简直就是中华DIY小当家！可惜还是没有X5Max薄，就是这么任性！', '{\"created_at\":\"Tue Nov 25 11:45:00 +0800 2014\",\"id\":3780760882770008,\"mid\":\"3780760882770008\",\"idstr\":\"3780760882770008\",\"text\":\"\\u4f60DIY\\u7684\\u624b\\u673a\\u539a\\u5ea6\\u4e3a5mm\\uff0c\\u6253\\u8d25\\u4e86\\u5168\\u56fd0.00%\\u7684\\u7f51\\u53cb\\u3002\\u7b80\\u76f4\\u5c31\\u662f\\u4e2d\\u534eDIY\\u5c0f\\u5f53\\u5bb6\\uff01\\u53ef\\u60dc\\u8fd8\\u662f\\u6ca1\\u6709X5Max\\u8584\\uff0c\\u5c31\\u662f\\u8fd9\\u4e48\\u4efb\\u6027\\uff01\",\"source_type\":1,\"source\":\"<a href=\\\"http:\\/\\/app.weibo.com\\/t\\/feed\\/1O5t8F\\\" rel=\\\"nofollow\\\">vivo\\u667a\\u80fd\\u624b\\u673aXshot<\\/a>\",\"favorited\":false,\"truncated\":false,\"in_reply_to_status_id\":\"\",\"in_reply_to_user_id\":\"\",\"in_reply_to_screen_name\":\"\",\"pic_urls\":[],\"geo\":null,\"user\":{\"id\":5119209005,\"idstr\":\"5119209005\",\"class\":1,\"screen_name\":\"\\u795e\\u5723\\u7684\\u6d4b\\u8bd5\\u5458\",\"name\":\"\\u795e\\u5723\\u7684\\u6d4b\\u8bd5\\u5458\",\"province\":\"44\",\"city\":\"3\",\"location\":\"\\u5e7f\\u4e1c \\u6df1\\u5733\",\"description\":\"\",\"url\":\"\",\"profile_image_url\":\"http:\\/\\/tp2.sinaimg.cn\\/5119209005\\/50\\/5696384742\\/1\",\"profile_url\":\"u\\/5119209005\",\"domain\":\"\",\"weihao\":\"\",\"gender\":\"m\",\"followers_count\":8,\"friends_count\":58,\"pagefriends_count\":0,\"statuses_count\":43,\"favourites_count\":0,\"created_at\":\"Sun Apr 20 14:33:43 +0800 2014\",\"following\":false,\"allow_all_act_msg\":false,\"geo_enabled\":true,\"verified\":false,\"verified_type\":-1,\"remark\":\"\",\"ptype\":0,\"allow_all_comment\":true,\"avatar_large\":\"http:\\/\\/tp2.sinaimg.cn\\/5119209005\\/180\\/5696384742\\/1\",\"avatar_hd\":\"http:\\/\\/ww4.sinaimg.cn\\/crop.0.0.180.180.1024\\/005ArG7bjw1egw3mkip6fj3050050dfy.jpg\",\"verified_reason\":\"\",\"verified_trade\":\"\",\"verified_reason_url\":\"\",\"verified_source\":\"\",\"verified_source_url\":\"\",\"follow_me\":false,\"online_status\":0,\"bi_followers_count\":1,\"lang\":\"zh-cn\",\"star\":0,\"mbtype\":0,\"mbrank\":0,\"block_word\":0,\"block_app\":0,\"credit_score\":80},\"reposts_count\":0,\"comments_count\":0,\"attitudes_count\":0,\"mlevel\":0,\"visible\":{\"type\":0,\"list_id\":0},\"darwin_tags\":[]}', '20141125', '1416887101', '1416887101');
INSERT INTO `thin_works` VALUES ('3', '1', '神圣的测试员', '1', '2', '2', '1', '1', '5.65', '0.01', '你DIY的手机厚度为5.65mm，打败了全国0.01%的网友。', '简直就是中华DIY小当家！可惜还是没有X5Max薄，就是这么任性！', '{\"created_at\":\"Tue Nov 25 11:45:59 +0800 2014\",\"id\":3780761129873084,\"mid\":\"3780761129873084\",\"idstr\":\"3780761129873084\",\"text\":\"\\u4f60DIY\\u7684\\u624b\\u673a\\u539a\\u5ea6\\u4e3a5.65mm\\uff0c\\u6253\\u8d25\\u4e86\\u5168\\u56fd0.01%\\u7684\\u7f51\\u53cb\\u3002\\u7b80\\u76f4\\u5c31\\u662f\\u4e2d\\u534eDIY\\u5c0f\\u5f53\\u5bb6\\uff01\\u53ef\\u60dc\\u8fd8\\u662f\\u6ca1\\u6709X5Max\\u8584\\uff0c\\u5c31\\u662f\\u8fd9\\u4e48\\u4efb\\u6027\\uff01\",\"source_type\":1,\"source\":\"<a href=\\\"http:\\/\\/app.weibo.com\\/t\\/feed\\/1O5t8F\\\" rel=\\\"nofollow\\\">vivo\\u667a\\u80fd\\u624b\\u673aXshot<\\/a>\",\"favorited\":false,\"truncated\":false,\"in_reply_to_status_id\":\"\",\"in_reply_to_user_id\":\"\",\"in_reply_to_screen_name\":\"\",\"pic_urls\":[],\"geo\":null,\"user\":{\"id\":5119209005,\"idstr\":\"5119209005\",\"class\":1,\"screen_name\":\"\\u795e\\u5723\\u7684\\u6d4b\\u8bd5\\u5458\",\"name\":\"\\u795e\\u5723\\u7684\\u6d4b\\u8bd5\\u5458\",\"province\":\"44\",\"city\":\"3\",\"location\":\"\\u5e7f\\u4e1c \\u6df1\\u5733\",\"description\":\"\",\"url\":\"\",\"profile_image_url\":\"http:\\/\\/tp2.sinaimg.cn\\/5119209005\\/50\\/5696384742\\/1\",\"profile_url\":\"u\\/5119209005\",\"domain\":\"\",\"weihao\":\"\",\"gender\":\"m\",\"followers_count\":8,\"friends_count\":58,\"pagefriends_count\":0,\"statuses_count\":43,\"favourites_count\":0,\"created_at\":\"Sun Apr 20 14:33:43 +0800 2014\",\"following\":false,\"allow_all_act_msg\":false,\"geo_enabled\":true,\"verified\":false,\"verified_type\":-1,\"remark\":\"\",\"ptype\":0,\"allow_all_comment\":true,\"avatar_large\":\"http:\\/\\/tp2.sinaimg.cn\\/5119209005\\/180\\/5696384742\\/1\",\"avatar_hd\":\"http:\\/\\/ww4.sinaimg.cn\\/crop.0.0.180.180.1024\\/005ArG7bjw1egw3mkip6fj3050050dfy.jpg\",\"verified_reason\":\"\",\"verified_trade\":\"\",\"verified_reason_url\":\"\",\"verified_source\":\"\",\"verified_source_url\":\"\",\"follow_me\":false,\"online_status\":0,\"bi_followers_count\":1,\"lang\":\"zh-cn\",\"star\":0,\"mbtype\":0,\"mbrank\":0,\"block_word\":0,\"block_app\":0,\"credit_score\":80},\"reposts_count\":0,\"comments_count\":0,\"attitudes_count\":0,\"mlevel\":0,\"visible\":{\"type\":0,\"list_id\":0},\"darwin_tags\":[]}', '20141125', '1416887160', '1416887160');
INSERT INTO `thin_works` VALUES ('4', '1', '神圣的测试员', '1', '3', '2', '1', '1', '8.80', '0.01', '你DIY的手机厚度为8.8mm，打败了全国0.01%的网友。', 'DIY这种事呢，还是要讲究技巧的。这么厚的手机，怎么和X5Max拼薄呢…', '{\"created_at\":\"Tue Nov 25 11:47:07 +0800 2014\",\"id\":3780761423722802,\"mid\":\"3780761423722802\",\"idstr\":\"3780761423722802\",\"text\":\"\\u4f60DIY\\u7684\\u624b\\u673a\\u539a\\u5ea6\\u4e3a8.8mm\\uff0c\\u6253\\u8d25\\u4e86\\u5168\\u56fd0.01%\\u7684\\u7f51\\u53cb\\u3002DIY\\u8fd9\\u79cd\\u4e8b\\u5462\\uff0c\\u8fd8\\u662f\\u8981\\u8bb2\\u7a76\\u6280\\u5de7\\u7684\\u3002\\u8fd9\\u4e48\\u539a\\u7684\\u624b\\u673a\\uff0c\\u600e\\u4e48\\u548cX5Max\\u62fc\\u8584\\u5462\\u2026\",\"source_type\":1,\"source\":\"<a href=\\\"http:\\/\\/app.weibo.com\\/t\\/feed\\/1O5t8F\\\" rel=\\\"nofollow\\\">vivo\\u667a\\u80fd\\u624b\\u673aXshot<\\/a>\",\"favorited\":false,\"truncated\":false,\"in_reply_to_status_id\":\"\",\"in_reply_to_user_id\":\"\",\"in_reply_to_screen_name\":\"\",\"pic_urls\":[],\"geo\":null,\"user\":{\"id\":5119209005,\"idstr\":\"5119209005\",\"class\":1,\"screen_name\":\"\\u795e\\u5723\\u7684\\u6d4b\\u8bd5\\u5458\",\"name\":\"\\u795e\\u5723\\u7684\\u6d4b\\u8bd5\\u5458\",\"province\":\"44\",\"city\":\"3\",\"location\":\"\\u5e7f\\u4e1c \\u6df1\\u5733\",\"description\":\"\",\"url\":\"\",\"profile_image_url\":\"http:\\/\\/tp2.sinaimg.cn\\/5119209005\\/50\\/5696384742\\/1\",\"profile_url\":\"u\\/5119209005\",\"domain\":\"\",\"weihao\":\"\",\"gender\":\"m\",\"followers_count\":8,\"friends_count\":58,\"pagefriends_count\":0,\"statuses_count\":43,\"favourites_count\":0,\"created_at\":\"Sun Apr 20 14:33:43 +0800 2014\",\"following\":false,\"allow_all_act_msg\":false,\"geo_enabled\":true,\"verified\":false,\"verified_type\":-1,\"remark\":\"\",\"ptype\":0,\"allow_all_comment\":true,\"avatar_large\":\"http:\\/\\/tp2.sinaimg.cn\\/5119209005\\/180\\/5696384742\\/1\",\"avatar_hd\":\"http:\\/\\/ww4.sinaimg.cn\\/crop.0.0.180.180.1024\\/005ArG7bjw1egw3mkip6fj3050050dfy.jpg\",\"verified_reason\":\"\",\"verified_trade\":\"\",\"verified_reason_url\":\"\",\"verified_source\":\"\",\"verified_source_url\":\"\",\"follow_me\":false,\"online_status\":0,\"bi_followers_count\":1,\"lang\":\"zh-cn\",\"star\":0,\"mbtype\":0,\"mbrank\":0,\"block_word\":0,\"block_app\":0,\"credit_score\":80},\"reposts_count\":0,\"comments_count\":0,\"attitudes_count\":0,\"mlevel\":0,\"visible\":{\"type\":0,\"list_id\":0},\"darwin_tags\":[]}', '20141125', '1416887230', '1416887230');
INSERT INTO `thin_works` VALUES ('5', '1', '神圣的测试员', '1', '4', '3', '3', '2', '6.00', '0.01', '你DIY的手机厚度为6mm，打败了全国0.01%的网友。', '简直就是中华DIY小当家！可惜还是没有X5Max薄，就是这么任性！', '{\"created_at\":\"Tue Nov 25 14:35:14 +0800 2014\",\"id\":3780803723368467,\"mid\":\"3780803723368467\",\"idstr\":\"3780803723368467\",\"text\":\"\\u4f60DIY\\u7684\\u624b\\u673a\\u539a\\u5ea6\\u4e3a6mm\\uff0c\\u6253\\u8d25\\u4e86\\u5168\\u56fd0.01%\\u7684\\u7f51\\u53cb\\u3002\\u7b80\\u76f4\\u5c31\\u662f\\u4e2d\\u534eDIY\\u5c0f\\u5f53\\u5bb6\\uff01\\u53ef\\u60dc\\u8fd8\\u662f\\u6ca1\\u6709X5Max\\u8584\\uff0c\\u5c31\\u662f\\u8fd9\\u4e48\\u4efb\\u6027\\uff01\",\"source_type\":1,\"source\":\"<a href=\\\"http:\\/\\/app.weibo.com\\/t\\/feed\\/1O5t8F\\\" rel=\\\"nofollow\\\">vivo\\u667a\\u80fd\\u624b\\u673aXshot<\\/a>\",\"favorited\":false,\"truncated\":false,\"in_reply_to_status_id\":\"\",\"in_reply_to_user_id\":\"\",\"in_reply_to_screen_name\":\"\",\"pic_urls\":[],\"geo\":null,\"user\":{\"id\":5119209005,\"idstr\":\"5119209005\",\"class\":1,\"screen_name\":\"\\u795e\\u5723\\u7684\\u6d4b\\u8bd5\\u5458\",\"name\":\"\\u795e\\u5723\\u7684\\u6d4b\\u8bd5\\u5458\",\"province\":\"44\",\"city\":\"3\",\"location\":\"\\u5e7f\\u4e1c \\u6df1\\u5733\",\"description\":\"\",\"url\":\"\",\"profile_image_url\":\"http:\\/\\/tp2.sinaimg.cn\\/5119209005\\/50\\/5696384742\\/1\",\"profile_url\":\"u\\/5119209005\",\"domain\":\"\",\"weihao\":\"\",\"gender\":\"m\",\"followers_count\":8,\"friends_count\":58,\"pagefriends_count\":0,\"statuses_count\":43,\"favourites_count\":0,\"created_at\":\"Sun Apr 20 14:33:43 +0800 2014\",\"following\":false,\"allow_all_act_msg\":false,\"geo_enabled\":true,\"verified\":false,\"verified_type\":-1,\"remark\":\"\",\"ptype\":0,\"allow_all_comment\":true,\"avatar_large\":\"http:\\/\\/tp2.sinaimg.cn\\/5119209005\\/180\\/5696384742\\/1\",\"avatar_hd\":\"http:\\/\\/ww4.sinaimg.cn\\/crop.0.0.180.180.1024\\/005ArG7bjw1egw3mkip6fj3050050dfy.jpg\",\"verified_reason\":\"\",\"verified_trade\":\"\",\"verified_reason_url\":\"\",\"verified_source\":\"\",\"verified_source_url\":\"\",\"follow_me\":false,\"online_status\":0,\"bi_followers_count\":1,\"lang\":\"zh-cn\",\"star\":0,\"mbtype\":0,\"mbrank\":0,\"block_word\":0,\"block_app\":0,\"credit_score\":80},\"reposts_count\":0,\"comments_count\":0,\"attitudes_count\":0,\"mlevel\":0,\"visible\":{\"type\":0,\"list_id\":0},\"darwin_tags\":[]}', '20141125', '1416897315', '1416897315');
INSERT INTO `thin_works` VALUES ('6', '1', '神圣的测试员', '1', '2', '1', '2', '1', '4.75', '0.05', '我天！你DIY的手机厚度为4.75mm，打败了全国0.05%的网友。', '已经接近X5Max的厚度了，但，还是有差距。加油^^', '{\"created_at\":\"Tue Nov 25 14:43:40 +0800 2014\",\"id\":3780805845577028,\"mid\":\"3780805845577028\",\"idstr\":\"3780805845577028\",\"text\":\"\\u6709\\u624d\\u5c31\\u662f\\u4efb\\u6027\\uff01\\u6211\\u5236\\u4f5c\\u7684\\u624b\\u673a\\u539a\\u5ea6\\u4e3a4.75mm\\uff0c\\u6253\\u8d25\\u4e86\\u5168\\u56fd0.05%\\u7684\\u7f51\\u53cb\\u3002#DIY\\u521b\\u610f\\u624b\\u673a\\uff0c\\u548cX5Max\\u62fc\\u8584#\\u4e0d\\u670d\\u4f60\\u4e5f\\u6765\\u521b\\u4f5c\\uff0c\\u8d62vivo\\u624b\\u673a\\u5927\\u5956\\u3002\\u6d3b\\u52a8\\u94fe\\u63a5\\uff1ahttp:\\/\\/t.cn\\/Rzb9UGm @vivo\\u667a\\u80fd\\u624b\\u673a\",\"source_type\":1,\"source\":\"<a href=\\\"http:\\/\\/app.weibo.com\\/t\\/feed\\/1O5t8F\\\" rel=\\\"nofollow\\\">vivo\\u667a\\u80fd\\u624b\\u673aXshot<\\/a>\",\"favorited\":false,\"truncated\":false,\"in_reply_to_status_id\":\"\",\"in_reply_to_user_id\":\"\",\"in_reply_to_screen_name\":\"\",\"pic_urls\":[],\"geo\":null,\"user\":{\"id\":5119209005,\"idstr\":\"5119209005\",\"class\":1,\"screen_name\":\"\\u795e\\u5723\\u7684\\u6d4b\\u8bd5\\u5458\",\"name\":\"\\u795e\\u5723\\u7684\\u6d4b\\u8bd5\\u5458\",\"province\":\"44\",\"city\":\"3\",\"location\":\"\\u5e7f\\u4e1c \\u6df1\\u5733\",\"description\":\"\",\"url\":\"\",\"profile_image_url\":\"http:\\/\\/tp2.sinaimg.cn\\/5119209005\\/50\\/5696384742\\/1\",\"profile_url\":\"u\\/5119209005\",\"domain\":\"\",\"weihao\":\"\",\"gender\":\"m\",\"followers_count\":8,\"friends_count\":58,\"pagefriends_count\":0,\"statuses_count\":43,\"favourites_count\":0,\"created_at\":\"Sun Apr 20 14:33:43 +0800 2014\",\"following\":false,\"allow_all_act_msg\":false,\"geo_enabled\":true,\"verified\":false,\"verified_type\":-1,\"remark\":\"\",\"ptype\":0,\"allow_all_comment\":true,\"avatar_large\":\"http:\\/\\/tp2.sinaimg.cn\\/5119209005\\/180\\/5696384742\\/1\",\"avatar_hd\":\"http:\\/\\/ww4.sinaimg.cn\\/crop.0.0.180.180.1024\\/005ArG7bjw1egw3mkip6fj3050050dfy.jpg\",\"verified_reason\":\"\",\"verified_trade\":\"\",\"verified_reason_url\":\"\",\"verified_source\":\"\",\"verified_source_url\":\"\",\"follow_me\":false,\"online_status\":0,\"bi_followers_count\":1,\"lang\":\"zh-cn\",\"star\":0,\"mbtype\":0,\"mbrank\":0,\"block_word\":0,\"block_app\":0,\"credit_score\":80},\"reposts_count\":0,\"comments_count\":0,\"attitudes_count\":0,\"mlevel\":0,\"visible\":{\"type\":0,\"list_id\":0},\"darwin_tags\":[]}', '20141125', '1416897821', '1416897821');
INSERT INTO `thin_works` VALUES ('7', '1', '神圣的测试员', '1', '4', '2', '3', '1', '6.55', '0.06', '哇塞！拼出的手机厚度居然是vivo X1的厚度：6.55mm！', '快给自己点个赞。', '{\"created_at\":\"Tue Nov 25 15:09:38 +0800 2014\",\"id\":3780812388557560,\"mid\":\"3780812388557560\",\"idstr\":\"3780812388557560\",\"text\":\"\\u6709\\u624d\\u5c31\\u662f\\u4efb\\u6027\\uff01\\u6211\\u5236\\u4f5c\\u7684\\u624b\\u673a\\u539a\\u5ea6\\u4e3a6.55mm\\uff0c\\u6253\\u8d25\\u4e86\\u5168\\u56fd0.01%\\u7684\\u7f51\\u53cb\\u3002#DIY\\u521b\\u610f\\u624b\\u673a\\uff0c\\u548cX5Max\\u62fc\\u8584#\\u4e0d\\u670d\\u4f60\\u4e5f\\u6765\\u521b\\u4f5c\\uff0c\\u8d62vivo\\u624b\\u673a\\u5927\\u5956\\u3002\\u6d3b\\u52a8\\u94fe\\u63a5\\uff1ahttp:\\/\\/t.cn\\/Rzb9UGm @vivo\\u667a\\u80fd\\u624b\\u673a\",\"source_type\":1,\"source\":\"<a href=\\\"http:\\/\\/app.weibo.com\\/t\\/feed\\/1O5t8F\\\" rel=\\\"nofollow\\\">vivo\\u667a\\u80fd\\u624b\\u673aXshot<\\/a>\",\"favorited\":false,\"truncated\":false,\"in_reply_to_status_id\":\"\",\"in_reply_to_user_id\":\"\",\"in_reply_to_screen_name\":\"\",\"pic_urls\":[],\"geo\":null,\"user\":{\"id\":5119209005,\"idstr\":\"5119209005\",\"class\":1,\"screen_name\":\"\\u795e\\u5723\\u7684\\u6d4b\\u8bd5\\u5458\",\"name\":\"\\u795e\\u5723\\u7684\\u6d4b\\u8bd5\\u5458\",\"province\":\"44\",\"city\":\"3\",\"location\":\"\\u5e7f\\u4e1c \\u6df1\\u5733\",\"description\":\"\",\"url\":\"\",\"profile_image_url\":\"http:\\/\\/tp2.sinaimg.cn\\/5119209005\\/50\\/5696384742\\/1\",\"profile_url\":\"u\\/5119209005\",\"domain\":\"\",\"weihao\":\"\",\"gender\":\"m\",\"followers_count\":8,\"friends_count\":58,\"pagefriends_count\":0,\"statuses_count\":43,\"favourites_count\":0,\"created_at\":\"Sun Apr 20 14:33:43 +0800 2014\",\"following\":false,\"allow_all_act_msg\":false,\"geo_enabled\":true,\"verified\":false,\"verified_type\":-1,\"remark\":\"\",\"ptype\":0,\"allow_all_comment\":true,\"avatar_large\":\"http:\\/\\/tp2.sinaimg.cn\\/5119209005\\/180\\/5696384742\\/1\",\"avatar_hd\":\"http:\\/\\/ww4.sinaimg.cn\\/crop.0.0.180.180.1024\\/005ArG7bjw1egw3mkip6fj3050050dfy.jpg\",\"verified_reason\":\"\",\"verified_trade\":\"\",\"verified_reason_url\":\"\",\"verified_source\":\"\",\"verified_source_url\":\"\",\"follow_me\":false,\"online_status\":0,\"bi_followers_count\":1,\"lang\":\"zh-cn\",\"star\":0,\"mbtype\":0,\"mbrank\":0,\"block_word\":0,\"block_app\":0,\"credit_score\":80,\"urank\":0},\"reposts_count\":0,\"comments_count\":0,\"attitudes_count\":0,\"mlevel\":0,\"visible\":{\"type\":0,\"list_id\":0},\"darwin_tags\":[]}', '20141125', '1416899381', '1416899381');
INSERT INTO `thin_works` VALUES ('8', '1', '神圣的测试员', '2', '1', '4', '4', '1', '6.64', '0.01', '你DIY的手机厚度为6.64mm，打败了全国0.01%的网友。', '所以问题就来了，X5Max到底有多薄？', '{\"created_at\":\"Tue Nov 25 16:28:55 +0800 2014\",\"id\":3780832336995915,\"mid\":\"3780832336995915\",\"idstr\":\"3780832336995915\",\"text\":\"\\u6709\\u624d\\u5c31\\u662f\\u4efb\\u6027\\uff01\\u6211\\u5236\\u4f5c\\u7684\\u624b\\u673a\\u539a\\u5ea6\\u4e3a6.64mm\\uff0c\\u6253\\u8d25\\u4e86\\u5168\\u56fd0.01%\\u7684\\u7f51\\u53cb\\u3002#DIY\\u521b\\u610f\\u624b\\u673a\\uff0c\\u548cX5Max\\u62fc\\u8584#\\u4e0d\\u670d\\u4f60\\u4e5f\\u6765\\u521b\\u4f5c\\uff0c\\u8d62vivo\\u624b\\u673a\\u5927\\u5956\\u3002\\u6d3b\\u52a8\\u94fe\\u63a5\\uff1ahttp:\\/\\/t.cn\\/Rzb9UGm @vivo\\u667a\\u80fd\\u624b\\u673a\",\"source_type\":1,\"source\":\"<a href=\\\"http:\\/\\/app.weibo.com\\/t\\/feed\\/1O5t8F\\\" rel=\\\"nofollow\\\">vivo\\u667a\\u80fd\\u624b\\u673aXshot<\\/a>\",\"favorited\":false,\"truncated\":false,\"in_reply_to_status_id\":\"\",\"in_reply_to_user_id\":\"\",\"in_reply_to_screen_name\":\"\",\"pic_urls\":[],\"geo\":null,\"user\":{\"id\":5119209005,\"idstr\":\"5119209005\",\"class\":1,\"screen_name\":\"\\u795e\\u5723\\u7684\\u6d4b\\u8bd5\\u5458\",\"name\":\"\\u795e\\u5723\\u7684\\u6d4b\\u8bd5\\u5458\",\"province\":\"44\",\"city\":\"3\",\"location\":\"\\u5e7f\\u4e1c \\u6df1\\u5733\",\"description\":\"\",\"url\":\"\",\"profile_image_url\":\"http:\\/\\/tp2.sinaimg.cn\\/5119209005\\/50\\/5696384742\\/1\",\"profile_url\":\"u\\/5119209005\",\"domain\":\"\",\"weihao\":\"\",\"gender\":\"m\",\"followers_count\":8,\"friends_count\":58,\"pagefriends_count\":0,\"statuses_count\":43,\"favourites_count\":0,\"created_at\":\"Sun Apr 20 14:33:43 +0800 2014\",\"following\":false,\"allow_all_act_msg\":false,\"geo_enabled\":true,\"verified\":false,\"verified_type\":-1,\"remark\":\"\",\"ptype\":0,\"allow_all_comment\":true,\"avatar_large\":\"http:\\/\\/tp2.sinaimg.cn\\/5119209005\\/180\\/5696384742\\/1\",\"avatar_hd\":\"http:\\/\\/ww4.sinaimg.cn\\/crop.0.0.180.180.1024\\/005ArG7bjw1egw3mkip6fj3050050dfy.jpg\",\"verified_reason\":\"\",\"verified_trade\":\"\",\"verified_reason_url\":\"\",\"verified_source\":\"\",\"verified_source_url\":\"\",\"follow_me\":false,\"online_status\":0,\"bi_followers_count\":1,\"lang\":\"zh-cn\",\"star\":0,\"mbtype\":0,\"mbrank\":0,\"block_word\":0,\"block_app\":0,\"credit_score\":80,\"urank\":0},\"reposts_count\":0,\"comments_count\":0,\"attitudes_count\":0,\"mlevel\":0,\"visible\":{\"type\":0,\"list_id\":0},\"darwin_tags\":[]}', '20141125', '1416904137', '1416904137');
INSERT INTO `thin_works` VALUES ('9', '1', '神圣的测试员', '1', '1', '1', '1', '1', '5.74', '0.04', '你DIY的手机厚度为5.74mm，打败了全国0.04%的网友。', '简直就是中华DIY小当家！可惜还是没有X5Max薄，就是这么任性！', '{\"created_at\":\"Tue Nov 25 17:14:44 +0800 2014\",\"id\":3780843871234332,\"mid\":\"3780843871234332\",\"idstr\":\"3780843871234332\",\"text\":\"\\u6709\\u624d\\u5c31\\u662f\\u4efb\\u6027\\uff01\\u6211\\u5236\\u4f5c\\u7684\\u624b\\u673a\\u539a\\u5ea6\\u4e3a5.74mm\\uff0c\\u6253\\u8d25\\u4e86\\u5168\\u56fd0.04%\\u7684\\u7f51\\u53cb\\u3002#DIY\\u521b\\u610f\\u624b\\u673a\\uff0c\\u548cX5Max\\u62fc\\u8584#\\u4e0d\\u670d\\u4f60\\u4e5f\\u6765\\u521b\\u4f5c\\uff0c\\u8d62vivo\\u624b\\u673a\\u5927\\u5956\\u3002\\u6d3b\\u52a8\\u94fe\\u63a5\\uff1ahttp:\\/\\/t.cn\\/Rzb9UGm @vivo\\u667a\\u80fd\\u624b\\u673a\",\"source_type\":1,\"source\":\"<a href=\\\"http:\\/\\/app.weibo.com\\/t\\/feed\\/1O5t8F\\\" rel=\\\"nofollow\\\">vivo\\u667a\\u80fd\\u624b\\u673aXshot<\\/a>\",\"favorited\":false,\"truncated\":false,\"in_reply_to_status_id\":\"\",\"in_reply_to_user_id\":\"\",\"in_reply_to_screen_name\":\"\",\"pic_urls\":[],\"geo\":null,\"user\":{\"id\":5119209005,\"idstr\":\"5119209005\",\"class\":1,\"screen_name\":\"\\u795e\\u5723\\u7684\\u6d4b\\u8bd5\\u5458\",\"name\":\"\\u795e\\u5723\\u7684\\u6d4b\\u8bd5\\u5458\",\"province\":\"44\",\"city\":\"3\",\"location\":\"\\u5e7f\\u4e1c \\u6df1\\u5733\",\"description\":\"\",\"url\":\"\",\"profile_image_url\":\"http:\\/\\/tp2.sinaimg.cn\\/5119209005\\/50\\/5696384742\\/1\",\"profile_url\":\"u\\/5119209005\",\"domain\":\"\",\"weihao\":\"\",\"gender\":\"m\",\"followers_count\":8,\"friends_count\":58,\"pagefriends_count\":0,\"statuses_count\":43,\"favourites_count\":0,\"created_at\":\"Sun Apr 20 14:33:43 +0800 2014\",\"following\":false,\"allow_all_act_msg\":false,\"geo_enabled\":true,\"verified\":false,\"verified_type\":-1,\"remark\":\"\",\"ptype\":0,\"allow_all_comment\":true,\"avatar_large\":\"http:\\/\\/tp2.sinaimg.cn\\/5119209005\\/180\\/5696384742\\/1\",\"avatar_hd\":\"http:\\/\\/ww4.sinaimg.cn\\/crop.0.0.180.180.1024\\/005ArG7bjw1egw3mkip6fj3050050dfy.jpg\",\"verified_reason\":\"\",\"verified_trade\":\"\",\"verified_reason_url\":\"\",\"verified_source\":\"\",\"verified_source_url\":\"\",\"follow_me\":false,\"online_status\":0,\"bi_followers_count\":1,\"lang\":\"zh-cn\",\"star\":0,\"mbtype\":0,\"mbrank\":0,\"block_word\":0,\"block_app\":0,\"credit_score\":80,\"urank\":0},\"reposts_count\":0,\"comments_count\":0,\"attitudes_count\":0,\"mlevel\":0,\"visible\":{\"type\":0,\"list_id\":0},\"darwin_tags\":[]}', '20141125', '1416906887', '1416906887');
INSERT INTO `thin_works` VALUES ('10', '4', '夢X啦哆', '1', '1', '1', '1', '1', '5.74', '0.04', '你DIY的手机厚度为5.74mm，打败了全国0.04%的网友。', '简直就是中华DIY小当家！可惜还是没有X5Max薄，就是这么任性！', '{\"created_at\":\"Tue Nov 25 17:16:57 +0800 2014\",\"id\":3780844420472938,\"mid\":\"3780844420472938\",\"idstr\":\"3780844420472938\",\"text\":\"\\u6709\\u624d\\u5c31\\u662f\\u4efb\\u6027\\uff01\\u6211\\u5236\\u4f5c\\u7684\\u624b\\u673a\\u539a\\u5ea6\\u4e3a5.74mm\\uff0c\\u6253\\u8d25\\u4e86\\u5168\\u56fd0.04%\\u7684\\u7f51\\u53cb\\u3002#DIY\\u521b\\u610f\\u624b\\u673a\\uff0c\\u548cX5Max\\u62fc\\u8584#\\u4e0d\\u670d\\u4f60\\u4e5f\\u6765\\u521b\\u4f5c\\uff0c\\u8d62vivo\\u624b\\u673a\\u5927\\u5956\\u3002\\u6d3b\\u52a8\\u94fe\\u63a5\\uff1ahttp:\\/\\/t.cn\\/Rzb9UGm @vivo\\u667a\\u80fd\\u624b\\u673a\",\"source_type\":1,\"source\":\"<a href=\\\"http:\\/\\/app.weibo.com\\/t\\/feed\\/1O5t8F\\\" rel=\\\"nofollow\\\">vivo\\u667a\\u80fd\\u624b\\u673aXshot<\\/a>\",\"favorited\":false,\"truncated\":false,\"in_reply_to_status_id\":\"\",\"in_reply_to_user_id\":\"\",\"in_reply_to_screen_name\":\"\",\"pic_urls\":[],\"geo\":null,\"user\":{\"id\":1639222335,\"idstr\":\"1639222335\",\"class\":1,\"screen_name\":\"\\u5922X\\u5566\\u54c6\",\"name\":\"\\u5922X\\u5566\\u54c6\",\"province\":\"44\",\"city\":\"3\",\"location\":\"\\u5e7f\\u4e1c \\u6df1\\u5733\",\"description\":\"\\u6c38\\u8fdc20\\u5c81\\u5605\\u5954\\u4e09\\u9ebb\\u7529\\u4f6c\\uff0c\\u9753\\u4ed4\\u8fc7\\u5218\\u5fb7\\u534e\\uff0c\\u6709\\u578b\\u8fc7\\u6881\\u671d\\u4f1f...\",\"url\":\"http:\\/\\/fwkit.info\\/\",\"profile_image_url\":\"http:\\/\\/tp4.sinaimg.cn\\/1639222335\\/50\\/5663944633\\/1\",\"cover_image_phone\":\"http:\\/\\/ww1.sinaimg.cn\\/crop.0.0.640.640.640\\/6cf8d7ebjw1ehfr4xa8psj20hs0hsgpg.jpg\",\"profile_url\":\"wengee\",\"domain\":\"wengee\",\"weihao\":\"\",\"gender\":\"m\",\"followers_count\":233,\"friends_count\":225,\"pagefriends_count\":0,\"statuses_count\":1195,\"favourites_count\":13,\"created_at\":\"Fri Aug 28 16:34:51 +0800 2009\",\"following\":false,\"allow_all_act_msg\":false,\"geo_enabled\":true,\"verified\":false,\"verified_type\":-1,\"remark\":\"\",\"ptype\":0,\"allow_all_comment\":true,\"avatar_large\":\"http:\\/\\/tp4.sinaimg.cn\\/1639222335\\/180\\/5663944633\\/1\",\"avatar_hd\":\"http:\\/\\/tp4.sinaimg.cn\\/1639222335\\/180\\/5663944633\\/1\",\"verified_reason\":\"\",\"verified_trade\":\"\",\"verified_reason_url\":\"\",\"verified_source\":\"\",\"verified_source_url\":\"\",\"follow_me\":false,\"online_status\":0,\"bi_followers_count\":47,\"lang\":\"zh-cn\",\"star\":0,\"mbtype\":0,\"mbrank\":0,\"block_word\":0,\"block_app\":0,\"credit_score\":80,\"urank\":0},\"reposts_count\":0,\"comments_count\":0,\"attitudes_count\":0,\"mlevel\":0,\"visible\":{\"type\":0,\"list_id\":0},\"darwin_tags\":[]}', '20141125', '1416907018', '1416907018');
INSERT INTO `thin_works` VALUES ('11', '1', '神圣的测试员', '1', '1', '1', '1', '1', '5.74', '0.04', '你DIY的手机厚度为5.74mm，打败了全国0.04%的网友。', '简直就是中华DIY小当家！可惜还是没有X5Max薄，就是这么任性！', '{\"created_at\":\"Tue Nov 25 17:19:00 +0800 2014\",\"id\":3780844940637550,\"mid\":\"3780844940637550\",\"idstr\":\"3780844940637550\",\"text\":\"\\u6709\\u624d\\u5c31\\u662f\\u4efb\\u6027\\uff01\\u6211\\u5236\\u4f5c\\u7684\\u624b\\u673a\\u539a\\u5ea6\\u4e3a5.74mm\\uff0c\\u6253\\u8d25\\u4e86\\u5168\\u56fd0.04%\\u7684\\u7f51\\u53cb\\u3002#DIY\\u521b\\u610f\\u624b\\u673a\\uff0c\\u548cX5Max\\u62fc\\u8584#\\u4e0d\\u670d\\u4f60\\u4e5f\\u6765\\u521b\\u4f5c\\uff0c\\u8d62vivo\\u624b\\u673a\\u5927\\u5956\\u3002\\u6d3b\\u52a8\\u94fe\\u63a5\\uff1ahttp:\\/\\/t.cn\\/Rzb9UGm @vivo\\u667a\\u80fd\\u624b\\u673a\",\"source_type\":1,\"source\":\"<a href=\\\"http:\\/\\/app.weibo.com\\/t\\/feed\\/1O5t8F\\\" rel=\\\"nofollow\\\">vivo\\u667a\\u80fd\\u624b\\u673aXshot<\\/a>\",\"favorited\":false,\"truncated\":false,\"in_reply_to_status_id\":\"\",\"in_reply_to_user_id\":\"\",\"in_reply_to_screen_name\":\"\",\"pic_urls\":[],\"geo\":null,\"user\":{\"id\":5119209005,\"idstr\":\"5119209005\",\"class\":1,\"screen_name\":\"\\u795e\\u5723\\u7684\\u6d4b\\u8bd5\\u5458\",\"name\":\"\\u795e\\u5723\\u7684\\u6d4b\\u8bd5\\u5458\",\"province\":\"44\",\"city\":\"3\",\"location\":\"\\u5e7f\\u4e1c \\u6df1\\u5733\",\"description\":\"\",\"url\":\"\",\"profile_image_url\":\"http:\\/\\/tp2.sinaimg.cn\\/5119209005\\/50\\/5696384742\\/1\",\"profile_url\":\"u\\/5119209005\",\"domain\":\"\",\"weihao\":\"\",\"gender\":\"m\",\"followers_count\":8,\"friends_count\":58,\"pagefriends_count\":0,\"statuses_count\":43,\"favourites_count\":0,\"created_at\":\"Sun Apr 20 14:33:43 +0800 2014\",\"following\":false,\"allow_all_act_msg\":false,\"geo_enabled\":true,\"verified\":false,\"verified_type\":-1,\"remark\":\"\",\"ptype\":0,\"allow_all_comment\":true,\"avatar_large\":\"http:\\/\\/tp2.sinaimg.cn\\/5119209005\\/180\\/5696384742\\/1\",\"avatar_hd\":\"http:\\/\\/ww4.sinaimg.cn\\/crop.0.0.180.180.1024\\/005ArG7bjw1egw3mkip6fj3050050dfy.jpg\",\"verified_reason\":\"\",\"verified_trade\":\"\",\"verified_reason_url\":\"\",\"verified_source\":\"\",\"verified_source_url\":\"\",\"follow_me\":false,\"online_status\":0,\"bi_followers_count\":1,\"lang\":\"zh-cn\",\"star\":0,\"mbtype\":0,\"mbrank\":0,\"block_word\":0,\"block_app\":0,\"credit_score\":80,\"urank\":0},\"reposts_count\":0,\"comments_count\":0,\"attitudes_count\":0,\"mlevel\":0,\"visible\":{\"type\":0,\"list_id\":0},\"darwin_tags\":[]}', '20141125', '1416907142', '1416907142');
INSERT INTO `thin_works` VALUES ('12', '13', '正5青春', '4', '4', '2', '2', '3', '6.70', '0.01', '你DIY的手机厚度为6.7mm，打败了全国0.01%的网友。', '所以问题就来了，X5Max到底有多薄？', '{\"created_at\":\"Tue Nov 25 17:31:40 +0800 2014\",\"id\":3780848132526746,\"mid\":\"3780848132526746\",\"idstr\":\"3780848132526746\",\"text\":\"\\u6709\\u624d\\u5c31\\u662f\\u4efb\\u6027\\uff01\\u6211\\u5236\\u4f5c\\u7684\\u624b\\u673a\\u539a\\u5ea6\\u4e3a6.7mm\\uff0c\\u6253\\u8d25\\u4e86\\u5168\\u56fd0.01%\\u7684\\u7f51\\u53cb\\u3002#DIY\\u521b\\u610f\\u624b\\u673a\\uff0c\\u548cX5Max\\u62fc\\u8584#\\u4e0d\\u670d\\u4f60\\u4e5f\\u6765\\u521b\\u4f5c\\uff0c\\u8d62vivo\\u624b\\u673a\\u5927\\u5956\\u3002\\u6d3b\\u52a8\\u94fe\\u63a5\\uff1ahttp:\\/\\/t.cn\\/Rzb9UGm @vivo\\u667a\\u80fd\\u624b\\u673a\",\"source_type\":1,\"source\":\"<a href=\\\"http:\\/\\/app.weibo.com\\/t\\/feed\\/1O5t8F\\\" rel=\\\"nofollow\\\">vivo\\u667a\\u80fd\\u624b\\u673aXshot<\\/a>\",\"favorited\":false,\"truncated\":false,\"in_reply_to_status_id\":\"\",\"in_reply_to_user_id\":\"\",\"in_reply_to_screen_name\":\"\",\"pic_urls\":[],\"geo\":null,\"user\":{\"id\":2513765674,\"idstr\":\"2513765674\",\"class\":1,\"screen_name\":\"\\u6b635\\u9752\\u6625\",\"name\":\"\\u6b635\\u9752\\u6625\",\"province\":\"44\",\"city\":\"3\",\"location\":\"\\u5e7f\\u4e1c \\u6df1\\u5733\",\"description\":\"\\u5fae\\u535a\\u627e\\u56de\\u6765\\u4e86\\uff01\",\"url\":\"\",\"profile_image_url\":\"http:\\/\\/tp3.sinaimg.cn\\/2513765674\\/50\\/5616981294\\/1\",\"profile_url\":\"u\\/2513765674\",\"domain\":\"\",\"weihao\":\"\",\"gender\":\"m\",\"followers_count\":318,\"friends_count\":654,\"pagefriends_count\":0,\"statuses_count\":525,\"favourites_count\":0,\"created_at\":\"Fri Nov 04 17:19:57 +0800 2011\",\"following\":false,\"allow_all_act_msg\":false,\"geo_enabled\":true,\"verified\":false,\"verified_type\":-1,\"remark\":\"\",\"ptype\":0,\"allow_all_comment\":true,\"avatar_large\":\"http:\\/\\/tp3.sinaimg.cn\\/2513765674\\/180\\/5616981294\\/1\",\"avatar_hd\":\"http:\\/\\/tp3.sinaimg.cn\\/2513765674\\/180\\/5616981294\\/1\",\"verified_reason\":\"\",\"verified_trade\":\"\",\"verified_reason_url\":\"\",\"verified_source\":\"\",\"verified_source_url\":\"\",\"follow_me\":false,\"online_status\":0,\"bi_followers_count\":65,\"lang\":\"zh-cn\",\"star\":0,\"mbtype\":0,\"mbrank\":0,\"block_word\":0,\"block_app\":0,\"credit_score\":80,\"urank\":0},\"reposts_count\":0,\"comments_count\":0,\"attitudes_count\":0,\"mlevel\":0,\"visible\":{\"type\":0,\"list_id\":0},\"darwin_tags\":[]}', '20141125', '1416907903', '1416907903');
INSERT INTO `thin_works` VALUES ('13', '13', '正5青春', '1', '1', '1', '1', '1', '5.74', '0.05', '你DIY的手机厚度为5.74mm，打败了全国0.05%的网友。', '简直就是中华DIY小当家！可惜还是没有X5Max薄，就是这么任性！', '{\"created_at\":\"Tue Nov 25 17:32:46 +0800 2014\",\"id\":3780848401180520,\"mid\":\"3780848401180520\",\"idstr\":\"3780848401180520\",\"text\":\"\\u6709\\u624d\\u5c31\\u662f\\u4efb\\u6027\\uff01\\u6211\\u5236\\u4f5c\\u7684\\u624b\\u673a\\u539a\\u5ea6\\u4e3a5.74mm\\uff0c\\u6253\\u8d25\\u4e86\\u5168\\u56fd0.05%\\u7684\\u7f51\\u53cb\\u3002#DIY\\u521b\\u610f\\u624b\\u673a\\uff0c\\u548cX5Max\\u62fc\\u8584#\\u4e0d\\u670d\\u4f60\\u4e5f\\u6765\\u521b\\u4f5c\\uff0c\\u8d62vivo\\u624b\\u673a\\u5927\\u5956\\u3002\\u6d3b\\u52a8\\u94fe\\u63a5\\uff1ahttp:\\/\\/t.cn\\/Rzb9UGm @vivo\\u667a\\u80fd\\u624b\\u673a\",\"source_type\":1,\"source\":\"<a href=\\\"http:\\/\\/app.weibo.com\\/t\\/feed\\/1O5t8F\\\" rel=\\\"nofollow\\\">vivo\\u667a\\u80fd\\u624b\\u673aXshot<\\/a>\",\"favorited\":false,\"truncated\":false,\"in_reply_to_status_id\":\"\",\"in_reply_to_user_id\":\"\",\"in_reply_to_screen_name\":\"\",\"pic_urls\":[],\"geo\":null,\"user\":{\"id\":2513765674,\"idstr\":\"2513765674\",\"class\":1,\"screen_name\":\"\\u6b635\\u9752\\u6625\",\"name\":\"\\u6b635\\u9752\\u6625\",\"province\":\"44\",\"city\":\"3\",\"location\":\"\\u5e7f\\u4e1c \\u6df1\\u5733\",\"description\":\"\\u5fae\\u535a\\u627e\\u56de\\u6765\\u4e86\\uff01\",\"url\":\"\",\"profile_image_url\":\"http:\\/\\/tp3.sinaimg.cn\\/2513765674\\/50\\/5616981294\\/1\",\"profile_url\":\"u\\/2513765674\",\"domain\":\"\",\"weihao\":\"\",\"gender\":\"m\",\"followers_count\":318,\"friends_count\":654,\"pagefriends_count\":0,\"statuses_count\":525,\"favourites_count\":0,\"created_at\":\"Fri Nov 04 17:19:57 +0800 2011\",\"following\":false,\"allow_all_act_msg\":false,\"geo_enabled\":true,\"verified\":false,\"verified_type\":-1,\"remark\":\"\",\"ptype\":0,\"allow_all_comment\":true,\"avatar_large\":\"http:\\/\\/tp3.sinaimg.cn\\/2513765674\\/180\\/5616981294\\/1\",\"avatar_hd\":\"http:\\/\\/tp3.sinaimg.cn\\/2513765674\\/180\\/5616981294\\/1\",\"verified_reason\":\"\",\"verified_trade\":\"\",\"verified_reason_url\":\"\",\"verified_source\":\"\",\"verified_source_url\":\"\",\"follow_me\":false,\"online_status\":0,\"bi_followers_count\":65,\"lang\":\"zh-cn\",\"star\":0,\"mbtype\":0,\"mbrank\":0,\"block_word\":0,\"block_app\":0,\"credit_score\":80,\"urank\":0},\"reposts_count\":0,\"comments_count\":0,\"attitudes_count\":0,\"mlevel\":0,\"visible\":{\"type\":0,\"list_id\":0},\"darwin_tags\":[]}', '20141125', '1416907967', '1416907967');
INSERT INTO `thin_works` VALUES ('14', '13', '正5青春', '1', '1', '1', '1', '1', '5.74', '0.05', '你DIY的手机厚度为5.74mm，打败了全国0.05%的网友。', '简直就是中华DIY小当家！可惜还是没有X5Max薄，就是这么任性！', '{\"created_at\":\"Tue Nov 25 17:36:56 +0800 2014\",\"id\":3780849457773707,\"mid\":\"3780849457773707\",\"idstr\":\"3780849457773707\",\"text\":\"\\u6709\\u624d\\u5c31\\u662f\\u4efb\\u6027\\uff01\\u6211\\u5236\\u4f5c\\u7684\\u624b\\u673a\\u539a\\u5ea6\\u4e3a5.74mm\\uff0c\\u6253\\u8d25\\u4e86\\u5168\\u56fd0.05%\\u7684\\u7f51\\u53cb\\u3002#DIY\\u521b\\u610f\\u624b\\u673a\\uff0c\\u548cX5Max\\u62fc\\u8584#\\u4e0d\\u670d\\u4f60\\u4e5f\\u6765\\u521b\\u4f5c\\uff0c\\u8d62vivo\\u624b\\u673a\\u5927\\u5956\\u3002\\u6d3b\\u52a8\\u94fe\\u63a5\\uff1ahttp:\\/\\/t.cn\\/Rzb9UGm @vivo\\u667a\\u80fd\\u624b\\u673a\",\"source_type\":1,\"source\":\"<a href=\\\"http:\\/\\/app.weibo.com\\/t\\/feed\\/1O5t8F\\\" rel=\\\"nofollow\\\">vivo\\u667a\\u80fd\\u624b\\u673aXshot<\\/a>\",\"favorited\":false,\"truncated\":false,\"in_reply_to_status_id\":\"\",\"in_reply_to_user_id\":\"\",\"in_reply_to_screen_name\":\"\",\"pic_urls\":[],\"geo\":null,\"user\":{\"id\":2513765674,\"idstr\":\"2513765674\",\"class\":1,\"screen_name\":\"\\u6b635\\u9752\\u6625\",\"name\":\"\\u6b635\\u9752\\u6625\",\"province\":\"44\",\"city\":\"3\",\"location\":\"\\u5e7f\\u4e1c \\u6df1\\u5733\",\"description\":\"\\u5fae\\u535a\\u627e\\u56de\\u6765\\u4e86\\uff01\",\"url\":\"\",\"profile_image_url\":\"http:\\/\\/tp3.sinaimg.cn\\/2513765674\\/50\\/5616981294\\/1\",\"profile_url\":\"u\\/2513765674\",\"domain\":\"\",\"weihao\":\"\",\"gender\":\"m\",\"followers_count\":318,\"friends_count\":654,\"pagefriends_count\":0,\"statuses_count\":525,\"favourites_count\":0,\"created_at\":\"Fri Nov 04 17:19:57 +0800 2011\",\"following\":false,\"allow_all_act_msg\":false,\"geo_enabled\":true,\"verified\":false,\"verified_type\":-1,\"remark\":\"\",\"ptype\":0,\"allow_all_comment\":true,\"avatar_large\":\"http:\\/\\/tp3.sinaimg.cn\\/2513765674\\/180\\/5616981294\\/1\",\"avatar_hd\":\"http:\\/\\/tp3.sinaimg.cn\\/2513765674\\/180\\/5616981294\\/1\",\"verified_reason\":\"\",\"verified_trade\":\"\",\"verified_reason_url\":\"\",\"verified_source\":\"\",\"verified_source_url\":\"\",\"follow_me\":false,\"online_status\":0,\"bi_followers_count\":65,\"lang\":\"zh-cn\",\"star\":0,\"mbtype\":0,\"mbrank\":0,\"block_word\":0,\"block_app\":0,\"credit_score\":80,\"urank\":0},\"reposts_count\":0,\"comments_count\":0,\"attitudes_count\":0,\"mlevel\":0,\"visible\":{\"type\":0,\"list_id\":0},\"darwin_tags\":[]}', '20141125', '1416908220', '1416908220');
INSERT INTO `thin_works` VALUES ('15', '1', '神圣的测试员', '1', '4', '1', '1', '1', '5.55', '0.12', '你DIY的手机厚度为5.55mm，打败了全国0.12%的网友。', '简直就是中华DIY小当家！可惜还是没有X5Max薄，就是这么任性！', '{\"created_at\":\"Tue Nov 25 20:07:22 +0800 2014\",\"id\":3780887303272132,\"mid\":\"3780887303272132\",\"idstr\":\"3780887303272132\",\"text\":\"\\u6709\\u624d\\u5c31\\u662f\\u4efb\\u6027\\uff01\\u6211\\u5236\\u4f5c\\u7684\\u624b\\u673a\\u539a\\u5ea6\\u4e3a5.55mm\\uff0c\\u6253\\u8d25\\u4e86\\u5168\\u56fd0.12%\\u7684\\u7f51\\u53cb\\u3002#DIY\\u521b\\u610f\\u624b\\u673a\\uff0c\\u548cX5Max\\u62fc\\u8584#\\u4e0d\\u670d\\u4f60\\u4e5f\\u6765\\u521b\\u4f5c\\uff0c\\u8d62vivo\\u624b\\u673a\\u5927\\u5956\\u3002\\u6d3b\\u52a8\\u94fe\\u63a5\\uff1ahttp:\\/\\/t.cn\\/Rzb9UGm @vivo\\u667a\\u80fd\\u624b\\u673a\",\"source_type\":1,\"source\":\"<a href=\\\"http:\\/\\/app.weibo.com\\/t\\/feed\\/1O5t8F\\\" rel=\\\"nofollow\\\">vivo\\u667a\\u80fd\\u624b\\u673aXshot<\\/a>\",\"favorited\":false,\"truncated\":false,\"in_reply_to_status_id\":\"\",\"in_reply_to_user_id\":\"\",\"in_reply_to_screen_name\":\"\",\"pic_urls\":[],\"geo\":null,\"user\":{\"id\":5119209005,\"idstr\":\"5119209005\",\"class\":1,\"screen_name\":\"\\u795e\\u5723\\u7684\\u6d4b\\u8bd5\\u5458\",\"name\":\"\\u795e\\u5723\\u7684\\u6d4b\\u8bd5\\u5458\",\"province\":\"44\",\"city\":\"3\",\"location\":\"\\u5e7f\\u4e1c \\u6df1\\u5733\",\"description\":\"\",\"url\":\"\",\"profile_image_url\":\"http:\\/\\/tp2.sinaimg.cn\\/5119209005\\/50\\/5696384742\\/1\",\"profile_url\":\"u\\/5119209005\",\"domain\":\"\",\"weihao\":\"\",\"gender\":\"m\",\"followers_count\":8,\"friends_count\":58,\"pagefriends_count\":0,\"statuses_count\":43,\"favourites_count\":0,\"created_at\":\"Sun Apr 20 14:33:43 +0800 2014\",\"following\":false,\"allow_all_act_msg\":false,\"geo_enabled\":true,\"verified\":false,\"verified_type\":-1,\"remark\":\"\",\"ptype\":0,\"allow_all_comment\":true,\"avatar_large\":\"http:\\/\\/tp2.sinaimg.cn\\/5119209005\\/180\\/5696384742\\/1\",\"avatar_hd\":\"http:\\/\\/ww4.sinaimg.cn\\/crop.0.0.180.180.1024\\/005ArG7bjw1egw3mkip6fj3050050dfy.jpg\",\"verified_reason\":\"\",\"verified_trade\":\"\",\"verified_reason_url\":\"\",\"verified_source\":\"\",\"verified_source_url\":\"\",\"follow_me\":false,\"online_status\":0,\"bi_followers_count\":1,\"lang\":\"zh-cn\",\"star\":0,\"mbtype\":0,\"mbrank\":0,\"block_word\":0,\"block_app\":0,\"credit_score\":80,\"urank\":0},\"reposts_count\":0,\"comments_count\":0,\"attitudes_count\":0,\"mlevel\":0,\"visible\":{\"type\":0,\"list_id\":0},\"darwin_tags\":[]}', '20141125', '1416917243', '1416917243');
INSERT INTO `thin_works` VALUES ('16', '1', '神圣的测试员', '1', '2', '4', '2', '1', '5.25', '0.13', '你DIY的手机厚度为5.25mm，打败了全国0.13%的网友。', '简直就是中华DIY小当家！可惜还是没有X5Max薄，就是这么任性！', '{\"created_at\":\"Wed Nov 26 09:53:29 +0800 2014\",\"id\":3781095206589965,\"mid\":\"3781095206589965\",\"idstr\":\"3781095206589965\",\"text\":\"\\u6709\\u624d\\u5c31\\u662f\\u4efb\\u6027\\uff01\\u6211\\u5236\\u4f5c\\u7684\\u624b\\u673a\\u539a\\u5ea6\\u4e3a5.25mm\\uff0c\\u6253\\u8d25\\u4e86\\u5168\\u56fd0.13%\\u7684\\u7f51\\u53cb\\u3002#DIY\\u521b\\u610f\\u624b\\u673a\\uff0c\\u548cX5Max\\u62fc\\u8584#\\u4e0d\\u670d\\u4f60\\u4e5f\\u6765\\u521b\\u4f5c\\uff0c\\u8d62vivo\\u624b\\u673a\\u5927\\u5956\\u3002\\u6d3b\\u52a8\\u94fe\\u63a5\\uff1ahttp:\\/\\/t.cn\\/Rzb9UGm @vivo\\u667a\\u80fd\\u624b\\u673a\",\"source_type\":1,\"source\":\"<a href=\\\"http:\\/\\/app.weibo.com\\/t\\/feed\\/1O5t8F\\\" rel=\\\"nofollow\\\">vivo\\u667a\\u80fd\\u624b\\u673aXshot<\\/a>\",\"favorited\":false,\"truncated\":false,\"in_reply_to_status_id\":\"\",\"in_reply_to_user_id\":\"\",\"in_reply_to_screen_name\":\"\",\"pic_urls\":[{\"thumbnail_pic\":\"http:\\/\\/ww1.sinaimg.cn\\/thumbnail\\/005ArG7bjw1emo5wbda92j30dw0m878i.jpg\"}],\"thumbnail_pic\":\"http:\\/\\/ww1.sinaimg.cn\\/thumbnail\\/005ArG7bjw1emo5wbda92j30dw0m878i.jpg\",\"bmiddle_pic\":\"http:\\/\\/ww1.sinaimg.cn\\/bmiddle\\/005ArG7bjw1emo5wbda92j30dw0m878i.jpg\",\"original_pic\":\"http:\\/\\/ww1.sinaimg.cn\\/large\\/005ArG7bjw1emo5wbda92j30dw0m878i.jpg\",\"geo\":null,\"user\":{\"id\":5119209005,\"idstr\":\"5119209005\",\"class\":1,\"screen_name\":\"\\u795e\\u5723\\u7684\\u6d4b\\u8bd5\\u5458\",\"name\":\"\\u795e\\u5723\\u7684\\u6d4b\\u8bd5\\u5458\",\"province\":\"44\",\"city\":\"3\",\"location\":\"\\u5e7f\\u4e1c \\u6df1\\u5733\",\"description\":\"\",\"url\":\"\",\"profile_image_url\":\"http:\\/\\/tp2.sinaimg.cn\\/5119209005\\/50\\/5696384742\\/1\",\"profile_url\":\"u\\/5119209005\",\"domain\":\"\",\"weihao\":\"\",\"gender\":\"m\",\"followers_count\":8,\"friends_count\":58,\"pagefriends_count\":0,\"statuses_count\":43,\"favourites_count\":0,\"created_at\":\"Sun Apr 20 14:33:43 +0800 2014\",\"following\":false,\"allow_all_act_msg\":false,\"geo_enabled\":true,\"verified\":false,\"verified_type\":-1,\"remark\":\"\",\"ptype\":0,\"allow_all_comment\":true,\"avatar_large\":\"http:\\/\\/tp2.sinaimg.cn\\/5119209005\\/180\\/5696384742\\/1\",\"avatar_hd\":\"http:\\/\\/ww4.sinaimg.cn\\/crop.0.0.180.180.1024\\/005ArG7bjw1egw3mkip6fj3050050dfy.jpg\",\"verified_reason\":\"\",\"verified_trade\":\"\",\"verified_reason_url\":\"\",\"verified_source\":\"\",\"verified_source_url\":\"\",\"follow_me\":false,\"online_status\":0,\"bi_followers_count\":1,\"lang\":\"zh-cn\",\"star\":0,\"mbtype\":0,\"mbrank\":0,\"block_word\":0,\"block_app\":0,\"credit_score\":80,\"urank\":0},\"reposts_count\":0,\"comments_count\":0,\"attitudes_count\":0,\"mlevel\":0,\"visible\":{\"type\":0,\"list_id\":0},\"darwin_tags\":[]}', '20141126', '1416966808', '1416966808');
INSERT INTO `thin_works` VALUES ('17', '1', '神圣的测试员', '4', '1', '1', '1', '1', '5.89', '5.00', '你DIY的手机厚度为5.89mm，打败了全国5.00%的网友。', '简直就是中华DIY小当家！可惜还是没有X5Max薄，就是这么任性！', '{\"created_at\":\"Wed Nov 26 09:57:21 +0800 2014\",\"id\":3781096179520804,\"mid\":\"3781096179520804\",\"idstr\":\"3781096179520804\",\"text\":\"\\u6709\\u624d\\u5c31\\u662f\\u4efb\\u6027\\uff01\\u6211\\u5236\\u4f5c\\u7684\\u624b\\u673a\\u539a\\u5ea6\\u4e3a5.89mm\\uff0c\\u6253\\u8d25\\u4e86\\u5168\\u56fd5.00%\\u7684\\u7f51\\u53cb\\u3002#DIY\\u521b\\u610f\\u624b\\u673a\\uff0c\\u548cX5Max\\u62fc\\u8584#\\u4e0d\\u670d\\u4f60\\u4e5f\\u6765\\u521b\\u4f5c\\uff0c\\u8d62vivo\\u624b\\u673a\\u5927\\u5956\\u3002\\u6d3b\\u52a8\\u94fe\\u63a5\\uff1ahttp:\\/\\/t.cn\\/Rzb9UGm @vivo\\u667a\\u80fd\\u624b\\u673a\",\"source_type\":1,\"source\":\"<a href=\\\"http:\\/\\/app.weibo.com\\/t\\/feed\\/1O5t8F\\\" rel=\\\"nofollow\\\">vivo\\u667a\\u80fd\\u624b\\u673aXshot<\\/a>\",\"favorited\":false,\"truncated\":false,\"in_reply_to_status_id\":\"\",\"in_reply_to_user_id\":\"\",\"in_reply_to_screen_name\":\"\",\"pic_urls\":[{\"thumbnail_pic\":\"http:\\/\\/ww4.sinaimg.cn\\/thumbnail\\/005ArG7bjw1emo60by44fj30dw0m878i.jpg\"}],\"thumbnail_pic\":\"http:\\/\\/ww4.sinaimg.cn\\/thumbnail\\/005ArG7bjw1emo60by44fj30dw0m878i.jpg\",\"bmiddle_pic\":\"http:\\/\\/ww4.sinaimg.cn\\/bmiddle\\/005ArG7bjw1emo60by44fj30dw0m878i.jpg\",\"original_pic\":\"http:\\/\\/ww4.sinaimg.cn\\/large\\/005ArG7bjw1emo60by44fj30dw0m878i.jpg\",\"geo\":null,\"user\":{\"id\":5119209005,\"idstr\":\"5119209005\",\"class\":1,\"screen_name\":\"\\u795e\\u5723\\u7684\\u6d4b\\u8bd5\\u5458\",\"name\":\"\\u795e\\u5723\\u7684\\u6d4b\\u8bd5\\u5458\",\"province\":\"44\",\"city\":\"3\",\"location\":\"\\u5e7f\\u4e1c \\u6df1\\u5733\",\"description\":\"\",\"url\":\"\",\"profile_image_url\":\"http:\\/\\/tp2.sinaimg.cn\\/5119209005\\/50\\/5696384742\\/1\",\"profile_url\":\"u\\/5119209005\",\"domain\":\"\",\"weihao\":\"\",\"gender\":\"m\",\"followers_count\":8,\"friends_count\":58,\"pagefriends_count\":0,\"statuses_count\":43,\"favourites_count\":0,\"created_at\":\"Sun Apr 20 14:33:43 +0800 2014\",\"following\":false,\"allow_all_act_msg\":false,\"geo_enabled\":true,\"verified\":false,\"verified_type\":-1,\"remark\":\"\",\"ptype\":0,\"allow_all_comment\":true,\"avatar_large\":\"http:\\/\\/tp2.sinaimg.cn\\/5119209005\\/180\\/5696384742\\/1\",\"avatar_hd\":\"http:\\/\\/ww4.sinaimg.cn\\/crop.0.0.180.180.1024\\/005ArG7bjw1egw3mkip6fj3050050dfy.jpg\",\"verified_reason\":\"\",\"verified_trade\":\"\",\"verified_reason_url\":\"\",\"verified_source\":\"\",\"verified_source_url\":\"\",\"follow_me\":false,\"online_status\":0,\"bi_followers_count\":1,\"lang\":\"zh-cn\",\"star\":0,\"mbtype\":0,\"mbrank\":0,\"block_word\":0,\"block_app\":0,\"credit_score\":80,\"urank\":0},\"reposts_count\":0,\"comments_count\":0,\"attitudes_count\":0,\"mlevel\":0,\"visible\":{\"type\":0,\"list_id\":0},\"darwin_tags\":[]}', '20141126', '1416967040', '1416967040');

-- ----------------------------
-- Table structure for vivox5max_signin
-- ----------------------------
DROP TABLE IF EXISTS `vivox5max_signin`;
CREATE TABLE `vivox5max_signin` (
  `id` int(11) unsigned NOT NULL AUTO_INCREMENT,
  `userId` int(11) NOT NULL,
  `nickname` varchar(90) DEFAULT NULL,
  `date` varchar(10) DEFAULT NULL,
  `createTime` int(10) NOT NULL,
  `updateTime` int(10) NOT NULL,
  PRIMARY KEY (`id`),
  KEY `userId_date` (`userId`,`date`) USING BTREE
) ENGINE=InnoDB AUTO_INCREMENT=4 DEFAULT CHARSET=utf8;

-- ----------------------------
-- Records of vivox5max_signin
-- ----------------------------
INSERT INTO `vivox5max_signin` VALUES ('1', '1', '神圣的测试员', '20141210', '1418200531', '1418200531');
INSERT INTO `vivox5max_signin` VALUES ('2', '3', 'Fung Wing Kit', '20141210', '1418201371', '1418201371');
INSERT INTO `vivox5max_signin` VALUES ('3', '1', '神圣的测试员', '20141218', '1418869723', '1418869723');

-- ----------------------------
-- Table structure for vivox5max_stat
-- ----------------------------
DROP TABLE IF EXISTS `vivox5max_stat`;
CREATE TABLE `vivox5max_stat` (
  `userId` int(11) unsigned NOT NULL,
  `drawTotal` int(11) unsigned NOT NULL DEFAULT '0',
  `drawLeft` int(11) unsigned NOT NULL DEFAULT '0',
  `createTime` int(10) NOT NULL,
  `updateTime` int(10) NOT NULL,
  PRIMARY KEY (`userId`)
) ENGINE=InnoDB DEFAULT CHARSET=utf8;

-- ----------------------------
-- Records of vivox5max_stat
-- ----------------------------
INSERT INTO `vivox5max_stat` VALUES ('1', '6', '3', '1418200531', '1418200531');
INSERT INTO `vivox5max_stat` VALUES ('3', '3', '2', '1418201371', '1418201371');

-- ----------------------------
-- Table structure for x5tour_city
-- ----------------------------
DROP TABLE IF EXISTS `x5tour_city`;
CREATE TABLE `x5tour_city` (
  `id` int(11) unsigned NOT NULL AUTO_INCREMENT,
  `name` varchar(20) NOT NULL,
  `label` varchar(10) NOT NULL,
  `status` smallint(6) NOT NULL DEFAULT '0',
  `startTime` int(10) DEFAULT NULL,
  `endTime` int(10) DEFAULT NULL,
  `eventTime` int(10) DEFAULT NULL,
  `sort` smallint(6) NOT NULL DEFAULT '0',
  `blankMsg` varchar(255) DEFAULT NULL,
  `weibo` varchar(255) DEFAULT NULL,
  `regUrl` varchar(255) DEFAULT NULL,
  `createTime` int(10) NOT NULL,
  `updateTime` int(10) NOT NULL,
  PRIMARY KEY (`id`),
  KEY `startTime` (`startTime`) USING BTREE,
  KEY `endTime` (`endTime`) USING BTREE
) ENGINE=InnoDB AUTO_INCREMENT=7 DEFAULT CHARSET=utf8;

-- ----------------------------
-- Records of x5tour_city
-- ----------------------------
INSERT INTO `x5tour_city` VALUES ('1', 'chengdu', '成都', '3', '1412870400', '1413129599', '1413043200', '6', '你最拿手的歌是什么？', 'Hi-Fi #K歌之王X5#口袋里的K歌之王。我爱K歌，我参加了X5新品体验之旅，我在KTV必点的一首歌是：{TEXT}。你在KTV必点哪首歌呢？参加X5新品体验之旅，赢取X5手机大奖吧 {URL}', 'http://bbs.vivo.com.cn/thread-1582895-1-1.html', '1412821134', '1412821134');
INSERT INTO `x5tour_city` VALUES ('2', 'shenzhen', '深圳', '3', '1413129600', '1413647999', '1413561600', '5', 'vivo X5最吸引你的是什么？', 'Hi-Fi#K歌之王X5#搭载8种经典音效，专业实时耳返。我最喜欢X5的是{TEXT}。快来说出你最喜欢X5的地方，赢取手机大奖。 {URL}', 'http://bbs.vivo.com.cn/thread-1582912-1-1.html', '1412821134', '1412821134');
INSERT INTO `x5tour_city` VALUES ('3', 'chongqing', '重庆', '3', '1413129600', '1413647999', '1413561600', '4', 'K歌众生相，你是属于哪一种？', 'Hi-Fi#K歌之王X5#首次在智能终端设备上搭载全球专业级卡拉OK数字环绕声信号处理芯片YAMAHA YSS205X，绝佳的音乐体验由此产生，让我无处不OK。我是{TEXT}，K歌众生相，你是哪一种？来参加X5新品体验之旅，赢取X5手机等大奖。 {URL}', 'http://bbs.vivo.com.cn/thread-1582908-1-1.html', '1412821134', '1412821134');
INSERT INTO `x5tour_city` VALUES ('4', 'nanjing', '南京', '1', '1413129600', '1434252799', '1414166400', '3', '请上传你的K歌囧照吧！', 'Hi-Fi#K歌之王X5#实时消除手机中歌曲原音部分，让我“唱”通无阻，这个feel倍儿爽。独乐乐不如众乐乐，快来和我一起晒K歌囧照，惊喜大奖等你拿！ {URL}', 'http://bbs.vivo.com.cn/thread-1582917-1-1.html', '1412821134', '1412821134');
INSERT INTO `x5tour_city` VALUES ('5', 'tianjin', '天津', '2', '1413129600', '1414252799', '1414166400', '2', '哪句歌词最能描述你现在的生活状态？', 'Hi-Fi#K歌之王X5#连上音箱，手机瞬间变身麦克风，随时随地停不下来。我要用X5表达我现在的生活状态{TEXT}。分享爱，赢手机。 {URL}', 'http://bbs.vivo.com.cn/thread-1582923-1-1.html', '1412821134', '1412821134');
INSERT INTO `x5tour_city` VALUES ('6', 'haerbin', '哈尔滨', '2', '1413129600', '1414252799', '1414166400', '1', '你喜欢5年以上的偶像是哪一个？', 'Hi-Fi#K歌之王X5#搭配定制版本CS4398 DAC，极致Hi-Fi，回味无穷经典。我参加了X5新品体验之旅，用X5向我最爱的{TEXT}致敬。你也来参加赢手机大奖 {URL}', 'http://bbs.vivo.com.cn/thread-1582926-1-1.html', '1412821134', '1412821134');

-- ----------------------------
-- Table structure for x5tour_stat
-- ----------------------------
DROP TABLE IF EXISTS `x5tour_stat`;
CREATE TABLE `x5tour_stat` (
  `userId` int(11) unsigned NOT NULL,
  `drawTotal` int(11) unsigned NOT NULL DEFAULT '0',
  `drawLeft` int(11) unsigned NOT NULL DEFAULT '0',
  `createTime` int(10) NOT NULL,
  `updateTime` int(10) NOT NULL,
  PRIMARY KEY (`userId`)
) ENGINE=InnoDB DEFAULT CHARSET=utf8;

-- ----------------------------
-- Records of x5tour_stat
-- ----------------------------
INSERT INTO `x5tour_stat` VALUES ('1', '57', '4', '1412842712', '1412842712');
INSERT INTO `x5tour_stat` VALUES ('4', '3', '3', '1413533514', '1413533514');
INSERT INTO `x5tour_stat` VALUES ('9', '0', '0', '1413534095', '1413534095');

-- ----------------------------
-- Table structure for x5tour_weibo
-- ----------------------------
DROP TABLE IF EXISTS `x5tour_weibo`;
CREATE TABLE `x5tour_weibo` (
  `id` int(11) unsigned NOT NULL AUTO_INCREMENT,
  `cityId` int(11) unsigned NOT NULL,
  `userId` int(11) unsigned NOT NULL,
  `nickname` varchar(90) DEFAULT NULL,
  `date` varchar(10) DEFAULT NULL,
  `statusId` varchar(90) DEFAULT NULL,
  `mId` varchar(90) DEFAULT NULL,
  `text` varchar(255) DEFAULT NULL,
  `status` varchar(255) DEFAULT NULL,
  `response` text,
  `createTime` int(10) NOT NULL,
  `updateTime` int(10) NOT NULL,
  PRIMARY KEY (`id`),
  KEY `cityId` (`cityId`) USING BTREE,
  KEY `createTime` (`createTime`) USING BTREE,
  KEY `cityId_createTime` (`cityId`,`createTime`) USING BTREE,
  KEY `userId_date` (`userId`,`date`) USING BTREE
) ENGINE=InnoDB AUTO_INCREMENT=27 DEFAULT CHARSET=utf8;

-- ----------------------------
-- Records of x5tour_weibo
-- ----------------------------
INSERT INTO `x5tour_weibo` VALUES ('1', '1', '1', 'vivo冯永杰', '2014-10-10', '3763813981637175', null, '123', 'Hi-Fi# K歌之王X5#口袋里的K歌之王。我爱K歌，我参加了X5新品体验会，要用X5唱我最喜欢的歌123，你也来参加吧，赢取X5手机大奖吧 http://activity.v.vivogeek.com/x5tour/\r\n', '{\"created_at\":\"Thu Oct 09 17:24:03 +0800 2014\",\"id\":3.7638139816372e+15,\"mid\":\"3763813981637175\",\"idstr\":\"3763813981637175\",\"text\":\"Hi-Fi# K\\u6b4c\\u4e4b\\u738bX5#\\u53e3\\u888b\\u91cc\\u7684K\\u6b4c\\u4e4b\\u738b\\u3002\\u6211\\u7231K\\u6b4c\\uff0c\\u6211\\u53c2\\u52a0\\u4e86X5\\u65b0\\u54c1\\u4f53\\u9a8c\\u4f1a\\uff0c\\u8981\\u7528X5\\u5531\\u6211\\u6700\\u559c\\u6b22\\u7684\\u6b4c123\\uff0c\\u4f60\\u4e5f\\u6765\\u53c2\\u52a0\\u5427\\uff0c\\u8d62\\u53d6X5\\u624b\\u673a\\u5927\\u5956\\u5427 http:\\/\\/t.cn\\/RhFN1sm\\r \",\"source\":\"<a href=\\\"http:\\/\\/app.weibo.com\\/t\\/feed\\/1rdpS2\\\" rel=\\\"nofollow\\\">vivo\\u667a\\u80fd\\u624b\\u673aXplay<\\/a>\",\"source_type\":1,\"favorited\":false,\"truncated\":false,\"in_reply_to_status_id\":\"\",\"in_reply_to_user_id\":\"\",\"in_reply_to_screen_name\":\"\",\"pic_urls\":[],\"geo\":null,\"user\":{\"id\":5119209005,\"idstr\":\"5119209005\",\"class\":1,\"screen_name\":\"vivo\\u51af\\u6c38\\u6770\",\"name\":\"vivo\\u51af\\u6c38\\u6770\",\"province\":\"44\",\"city\":\"3\",\"location\":\"\\u5e7f\\u4e1c \\u6df1\\u5733\",\"description\":\"\",\"url\":\"\",\"profile_image_url\":\"http:\\/\\/tp2.sinaimg.cn\\/5119209005\\/50\\/5696384742\\/1\",\"profile_url\":\"u\\/5119209005\",\"domain\":\"\",\"weihao\":\"\",\"gender\":\"m\",\"followers_count\":5,\"friends_count\":55,\"pagefriends_count\":0,\"statuses_count\":50,\"favourites_count\":0,\"created_at\":\"Sun Apr 20 14:33:43 +0800 2014\",\"following\":false,\"allow_all_act_msg\":false,\"geo_enabled\":true,\"verified\":false,\"verified_type\":-1,\"remark\":\"\",\"ptype\":0,\"allow_all_comment\":true,\"avatar_large\":\"http:\\/\\/tp2.sinaimg.cn\\/5119209005\\/180\\/5696384742\\/1\",\"avatar_hd\":\"http:\\/\\/ww4.sinaimg.cn\\/crop.0.0.180.180.1024\\/005ArG7bjw1egw3mkip6fj3050050dfy.jpg\",\"verified_reason\":\"\",\"verified_trade\":\"\",\"verified_reason_url\":\"\",\"verified_source\":\"\",\"verified_source_url\":\"\",\"follow_me\":false,\"online_status\":0,\"bi_followers_count\":1,\"lang\":\"zh-cn\",\"star\":0,\"mbtype\":0,\"mbrank\":0,\"block_word\":0,\"block_app\":0,\"credit_score\":0},\"reposts_count\":0,\"comments_count\":0,\"attitudes_count\":0,\"mlevel\":0,\"visible\":{\"type\":0,\"list_id\":0},\"darwin_tags\":[]}', '1412846654', '1412846654');
INSERT INTO `x5tour_weibo` VALUES ('2', '1', '1', 'vivo冯永杰', '2014-10-10', '3763824915697500', null, '123', 'Hi-Fi# K歌之王X5#口袋里的K歌之王。我爱K歌，我参加了X5新品体验会，要用X5唱我最喜欢的歌123，你也来参加吧，赢取X5手机大奖吧 http://activity.v.vivogeek.com/x5tour/\r\n', '{\"created_at\":\"Thu Oct 09 18:07:29 +0800 2014\",\"id\":3.7638249156975e+15,\"mid\":\"3763824915697500\",\"idstr\":\"3763824915697500\",\"text\":\"Hi-Fi# K\\u6b4c\\u4e4b\\u738bX5#\\u53e3\\u888b\\u91cc\\u7684K\\u6b4c\\u4e4b\\u738b\\u3002\\u6211\\u7231K\\u6b4c\\uff0c\\u6211\\u53c2\\u52a0\\u4e86X5\\u65b0\\u54c1\\u4f53\\u9a8c\\u4f1a\\uff0c\\u8981\\u7528X5\\u5531\\u6211\\u6700\\u559c\\u6b22\\u7684\\u6b4c123\\uff0c\\u4f60\\u4e5f\\u6765\\u53c2\\u52a0\\u5427\\uff0c\\u8d62\\u53d6X5\\u624b\\u673a\\u5927\\u5956\\u5427 http:\\/\\/t.cn\\/RhFN1sm\\r \",\"source\":\"<a href=\\\"http:\\/\\/app.weibo.com\\/t\\/feed\\/1rdpS2\\\" rel=\\\"nofollow\\\">vivo\\u667a\\u80fd\\u624b\\u673aXplay<\\/a>\",\"source_type\":1,\"favorited\":false,\"truncated\":false,\"in_reply_to_status_id\":\"\",\"in_reply_to_user_id\":\"\",\"in_reply_to_screen_name\":\"\",\"pic_urls\":[],\"geo\":null,\"user\":{\"id\":5119209005,\"idstr\":\"5119209005\",\"class\":1,\"screen_name\":\"vivo\\u51af\\u6c38\\u6770\",\"name\":\"vivo\\u51af\\u6c38\\u6770\",\"province\":\"44\",\"city\":\"3\",\"location\":\"\\u5e7f\\u4e1c \\u6df1\\u5733\",\"description\":\"\",\"url\":\"\",\"profile_image_url\":\"http:\\/\\/tp2.sinaimg.cn\\/5119209005\\/50\\/5696384742\\/1\",\"profile_url\":\"u\\/5119209005\",\"domain\":\"\",\"weihao\":\"\",\"gender\":\"m\",\"followers_count\":5,\"friends_count\":55,\"pagefriends_count\":0,\"statuses_count\":50,\"favourites_count\":0,\"created_at\":\"Sun Apr 20 14:33:43 +0800 2014\",\"following\":false,\"allow_all_act_msg\":false,\"geo_enabled\":true,\"verified\":false,\"verified_type\":-1,\"remark\":\"\",\"ptype\":0,\"allow_all_comment\":true,\"avatar_large\":\"http:\\/\\/tp2.sinaimg.cn\\/5119209005\\/180\\/5696384742\\/1\",\"avatar_hd\":\"http:\\/\\/ww4.sinaimg.cn\\/crop.0.0.180.180.1024\\/005ArG7bjw1egw3mkip6fj3050050dfy.jpg\",\"verified_reason\":\"\",\"verified_trade\":\"\",\"verified_reason_url\":\"\",\"verified_source\":\"\",\"verified_source_url\":\"\",\"follow_me\":false,\"online_status\":0,\"bi_followers_count\":1,\"lang\":\"zh-cn\",\"star\":0,\"mbtype\":0,\"mbrank\":0,\"block_word\":0,\"block_app\":0,\"credit_score\":0},\"reposts_count\":0,\"comments_count\":0,\"attitudes_count\":0,\"mlevel\":0,\"visible\":{\"type\":0,\"list_id\":0},\"darwin_tags\":[]}', '1412849262', '1412849262');
INSERT INTO `x5tour_weibo` VALUES ('3', '1', '1', 'vivo冯永杰', '2014-10-10', '3763825142427371', null, '3652', 'Hi-Fi# K歌之王X5#口袋里的K歌之王。我爱K歌，我参加了X5新品体验会，要用X5唱我最喜欢的歌3652，你也来参加吧，赢取X5手机大奖吧 http://activity.v.vivogeek.com/x5tour/\r\n', '{\"created_at\":\"Thu Oct 09 18:08:24 +0800 2014\",\"id\":3.7638251424274e+15,\"mid\":\"3763825142427371\",\"idstr\":\"3763825142427371\",\"text\":\"Hi-Fi# K\\u6b4c\\u4e4b\\u738bX5#\\u53e3\\u888b\\u91cc\\u7684K\\u6b4c\\u4e4b\\u738b\\u3002\\u6211\\u7231K\\u6b4c\\uff0c\\u6211\\u53c2\\u52a0\\u4e86X5\\u65b0\\u54c1\\u4f53\\u9a8c\\u4f1a\\uff0c\\u8981\\u7528X5\\u5531\\u6211\\u6700\\u559c\\u6b22\\u7684\\u6b4c3652\\uff0c\\u4f60\\u4e5f\\u6765\\u53c2\\u52a0\\u5427\\uff0c\\u8d62\\u53d6X5\\u624b\\u673a\\u5927\\u5956\\u5427 http:\\/\\/t.cn\\/RhFN1sm\\r \",\"source\":\"<a href=\\\"http:\\/\\/app.weibo.com\\/t\\/feed\\/1rdpS2\\\" rel=\\\"nofollow\\\">vivo\\u667a\\u80fd\\u624b\\u673aXplay<\\/a>\",\"source_type\":1,\"favorited\":false,\"truncated\":false,\"in_reply_to_status_id\":\"\",\"in_reply_to_user_id\":\"\",\"in_reply_to_screen_name\":\"\",\"pic_urls\":[],\"geo\":null,\"user\":{\"id\":5119209005,\"idstr\":\"5119209005\",\"class\":1,\"screen_name\":\"vivo\\u51af\\u6c38\\u6770\",\"name\":\"vivo\\u51af\\u6c38\\u6770\",\"province\":\"44\",\"city\":\"3\",\"location\":\"\\u5e7f\\u4e1c \\u6df1\\u5733\",\"description\":\"\",\"url\":\"\",\"profile_image_url\":\"http:\\/\\/tp2.sinaimg.cn\\/5119209005\\/50\\/5696384742\\/1\",\"profile_url\":\"u\\/5119209005\",\"domain\":\"\",\"weihao\":\"\",\"gender\":\"m\",\"followers_count\":5,\"friends_count\":55,\"pagefriends_count\":0,\"statuses_count\":50,\"favourites_count\":0,\"created_at\":\"Sun Apr 20 14:33:43 +0800 2014\",\"following\":false,\"allow_all_act_msg\":false,\"geo_enabled\":true,\"verified\":false,\"verified_type\":-1,\"remark\":\"\",\"ptype\":0,\"allow_all_comment\":true,\"avatar_large\":\"http:\\/\\/tp2.sinaimg.cn\\/5119209005\\/180\\/5696384742\\/1\",\"avatar_hd\":\"http:\\/\\/ww4.sinaimg.cn\\/crop.0.0.180.180.1024\\/005ArG7bjw1egw3mkip6fj3050050dfy.jpg\",\"verified_reason\":\"\",\"verified_trade\":\"\",\"verified_reason_url\":\"\",\"verified_source\":\"\",\"verified_source_url\":\"\",\"follow_me\":false,\"online_status\":0,\"bi_followers_count\":1,\"lang\":\"zh-cn\",\"star\":0,\"mbtype\":0,\"mbrank\":0,\"block_word\":0,\"block_app\":0,\"credit_score\":0},\"reposts_count\":0,\"comments_count\":0,\"attitudes_count\":0,\"mlevel\":0,\"visible\":{\"type\":0,\"list_id\":0},\"darwin_tags\":[]}', '1412849317', '1412849317');
INSERT INTO `x5tour_weibo` VALUES ('4', '1', '1', 'vivo冯永杰', '2014-10-10', '3764123106235404', null, '越难越爱', 'Hi-Fi #K歌之王X5#口袋里的K歌之王。我爱K歌，我参加了X5新品体验之旅，我在KTV必点的一首歌是：越难越爱。你在KTV必点哪首歌呢？参加X5新品体验之旅，赢取X5手机大奖吧 http://activity.v.vivogeek.com/x5tour/', '{\"created_at\":\"Fri Oct 10 13:52:25 +0800 2014\",\"id\":3.7641231062354e+15,\"mid\":\"3764123106235404\",\"idstr\":\"3764123106235404\",\"text\":\"Hi-Fi #K\\u6b4c\\u4e4b\\u738bX5#\\u53e3\\u888b\\u91cc\\u7684K\\u6b4c\\u4e4b\\u738b\\u3002\\u6211\\u7231K\\u6b4c\\uff0c\\u6211\\u53c2\\u52a0\\u4e86X5\\u65b0\\u54c1\\u4f53\\u9a8c\\u4e4b\\u65c5\\uff0c\\u6211\\u5728KTV\\u5fc5\\u70b9\\u7684\\u4e00\\u9996\\u6b4c\\u662f\\uff1a\\u8d8a\\u96be\\u8d8a\\u7231\\u3002\\u4f60\\u5728KTV\\u5fc5\\u70b9\\u54ea\\u9996\\u6b4c\\u5462\\uff1f\\u53c2\\u52a0X5\\u65b0\\u54c1\\u4f53\\u9a8c\\u4e4b\\u65c5\\uff0c\\u8d62\\u53d6X5\\u624b\\u673a\\u5927\\u5956\\u5427 http:\\/\\/t.cn\\/RhFN1sm\",\"source\":\"<a href=\\\"http:\\/\\/app.weibo.com\\/t\\/feed\\/1rdpS2\\\" rel=\\\"nofollow\\\">vivo\\u667a\\u80fd\\u624b\\u673aXplay<\\/a>\",\"source_type\":1,\"favorited\":false,\"truncated\":false,\"in_reply_to_status_id\":\"\",\"in_reply_to_user_id\":\"\",\"in_reply_to_screen_name\":\"\",\"pic_urls\":[],\"geo\":null,\"user\":{\"id\":5119209005,\"idstr\":\"5119209005\",\"class\":1,\"screen_name\":\"vivo\\u51af\\u6c38\\u6770\",\"name\":\"vivo\\u51af\\u6c38\\u6770\",\"province\":\"44\",\"city\":\"3\",\"location\":\"\\u5e7f\\u4e1c \\u6df1\\u5733\",\"description\":\"\",\"url\":\"\",\"profile_image_url\":\"http:\\/\\/tp2.sinaimg.cn\\/5119209005\\/50\\/5696384742\\/1\",\"profile_url\":\"u\\/5119209005\",\"domain\":\"\",\"weihao\":\"\",\"gender\":\"m\",\"followers_count\":5,\"friends_count\":55,\"pagefriends_count\":0,\"statuses_count\":50,\"favourites_count\":0,\"created_at\":\"Sun Apr 20 14:33:43 +0800 2014\",\"following\":false,\"allow_all_act_msg\":false,\"geo_enabled\":true,\"verified\":false,\"verified_type\":-1,\"remark\":\"\",\"ptype\":0,\"allow_all_comment\":true,\"avatar_large\":\"http:\\/\\/tp2.sinaimg.cn\\/5119209005\\/180\\/5696384742\\/1\",\"avatar_hd\":\"http:\\/\\/ww4.sinaimg.cn\\/crop.0.0.180.180.1024\\/005ArG7bjw1egw3mkip6fj3050050dfy.jpg\",\"verified_reason\":\"\",\"verified_trade\":\"\",\"verified_reason_url\":\"\",\"verified_source\":\"\",\"verified_source_url\":\"\",\"follow_me\":false,\"online_status\":0,\"bi_followers_count\":1,\"lang\":\"zh-cn\",\"star\":0,\"mbtype\":0,\"mbrank\":0,\"block_word\":0,\"block_app\":0,\"credit_score\":0},\"reposts_count\":0,\"comments_count\":0,\"attitudes_count\":0,\"mlevel\":0,\"visible\":{\"type\":0,\"list_id\":0},\"darwin_tags\":[]}', '1412920357', '1412920357');
INSERT INTO `x5tour_weibo` VALUES ('5', '1', '1', 'vivo冯永杰', '2014-10-10', '3764137617840781', null, '随便吧', 'Hi-Fi #K歌之王X5#口袋里的K歌之王。我爱K歌，我参加了X5新品体验之旅，我在KTV必点的一首歌是：随便吧。你在KTV必点哪首歌呢？参加X5新品体验之旅，赢取X5手机大奖吧 http://activity.v.vivogeek.com/x5tour/', '{\"created_at\":\"Fri Oct 10 14:50:04 +0800 2014\",\"id\":3.7641376178408e+15,\"mid\":\"3764137617840781\",\"idstr\":\"3764137617840781\",\"text\":\"Hi-Fi #K\\u6b4c\\u4e4b\\u738bX5#\\u53e3\\u888b\\u91cc\\u7684K\\u6b4c\\u4e4b\\u738b\\u3002\\u6211\\u7231K\\u6b4c\\uff0c\\u6211\\u53c2\\u52a0\\u4e86X5\\u65b0\\u54c1\\u4f53\\u9a8c\\u4e4b\\u65c5\\uff0c\\u6211\\u5728KTV\\u5fc5\\u70b9\\u7684\\u4e00\\u9996\\u6b4c\\u662f\\uff1a\\u968f\\u4fbf\\u5427\\u3002\\u4f60\\u5728KTV\\u5fc5\\u70b9\\u54ea\\u9996\\u6b4c\\u5462\\uff1f\\u53c2\\u52a0X5\\u65b0\\u54c1\\u4f53\\u9a8c\\u4e4b\\u65c5\\uff0c\\u8d62\\u53d6X5\\u624b\\u673a\\u5927\\u5956\\u5427 http:\\/\\/t.cn\\/RhFN1sm\",\"source\":\"<a href=\\\"http:\\/\\/app.weibo.com\\/t\\/feed\\/1rdpS2\\\" rel=\\\"nofollow\\\">vivo\\u667a\\u80fd\\u624b\\u673aXplay<\\/a>\",\"source_type\":1,\"favorited\":false,\"truncated\":false,\"in_reply_to_status_id\":\"\",\"in_reply_to_user_id\":\"\",\"in_reply_to_screen_name\":\"\",\"pic_urls\":[],\"geo\":null,\"user\":{\"id\":5119209005,\"idstr\":\"5119209005\",\"class\":1,\"screen_name\":\"vivo\\u51af\\u6c38\\u6770\",\"name\":\"vivo\\u51af\\u6c38\\u6770\",\"province\":\"44\",\"city\":\"3\",\"location\":\"\\u5e7f\\u4e1c \\u6df1\\u5733\",\"description\":\"\",\"url\":\"\",\"profile_image_url\":\"http:\\/\\/tp2.sinaimg.cn\\/5119209005\\/50\\/5696384742\\/1\",\"profile_url\":\"u\\/5119209005\",\"domain\":\"\",\"weihao\":\"\",\"gender\":\"m\",\"followers_count\":5,\"friends_count\":55,\"pagefriends_count\":0,\"statuses_count\":50,\"favourites_count\":0,\"created_at\":\"Sun Apr 20 14:33:43 +0800 2014\",\"following\":false,\"allow_all_act_msg\":false,\"geo_enabled\":true,\"verified\":false,\"verified_type\":-1,\"remark\":\"\",\"ptype\":0,\"allow_all_comment\":true,\"avatar_large\":\"http:\\/\\/tp2.sinaimg.cn\\/5119209005\\/180\\/5696384742\\/1\",\"avatar_hd\":\"http:\\/\\/ww4.sinaimg.cn\\/crop.0.0.180.180.1024\\/005ArG7bjw1egw3mkip6fj3050050dfy.jpg\",\"verified_reason\":\"\",\"verified_trade\":\"\",\"verified_reason_url\":\"\",\"verified_source\":\"\",\"verified_source_url\":\"\",\"follow_me\":false,\"online_status\":0,\"bi_followers_count\":1,\"lang\":\"zh-cn\",\"star\":0,\"mbtype\":0,\"mbrank\":0,\"block_word\":0,\"block_app\":0,\"credit_score\":0},\"reposts_count\":0,\"comments_count\":0,\"attitudes_count\":0,\"mlevel\":0,\"visible\":{\"type\":0,\"list_id\":0},\"darwin_tags\":[]}', '1412923818', '1412923818');
INSERT INTO `x5tour_weibo` VALUES ('6', '1', '1', 'vivo冯永杰', '2014-10-10', '3764137844585927', null, '好啊', 'Hi-Fi #K歌之王X5#口袋里的K歌之王。我爱K歌，我参加了X5新品体验之旅，我在KTV必点的一首歌是：好啊。你在KTV必点哪首歌呢？参加X5新品体验之旅，赢取X5手机大奖吧 http://activity.v.vivogeek.com/x5tour/', '{\"created_at\":\"Fri Oct 10 14:50:57 +0800 2014\",\"id\":3.7641378445859e+15,\"mid\":\"3764137844585927\",\"idstr\":\"3764137844585927\",\"text\":\"Hi-Fi #K\\u6b4c\\u4e4b\\u738bX5#\\u53e3\\u888b\\u91cc\\u7684K\\u6b4c\\u4e4b\\u738b\\u3002\\u6211\\u7231K\\u6b4c\\uff0c\\u6211\\u53c2\\u52a0\\u4e86X5\\u65b0\\u54c1\\u4f53\\u9a8c\\u4e4b\\u65c5\\uff0c\\u6211\\u5728KTV\\u5fc5\\u70b9\\u7684\\u4e00\\u9996\\u6b4c\\u662f\\uff1a\\u597d\\u554a\\u3002\\u4f60\\u5728KTV\\u5fc5\\u70b9\\u54ea\\u9996\\u6b4c\\u5462\\uff1f\\u53c2\\u52a0X5\\u65b0\\u54c1\\u4f53\\u9a8c\\u4e4b\\u65c5\\uff0c\\u8d62\\u53d6X5\\u624b\\u673a\\u5927\\u5956\\u5427 http:\\/\\/t.cn\\/RhFN1sm\",\"source\":\"<a href=\\\"http:\\/\\/app.weibo.com\\/t\\/feed\\/1rdpS2\\\" rel=\\\"nofollow\\\">vivo\\u667a\\u80fd\\u624b\\u673aXplay<\\/a>\",\"source_type\":1,\"favorited\":false,\"truncated\":false,\"in_reply_to_status_id\":\"\",\"in_reply_to_user_id\":\"\",\"in_reply_to_screen_name\":\"\",\"pic_urls\":[],\"geo\":null,\"user\":{\"id\":5119209005,\"idstr\":\"5119209005\",\"class\":1,\"screen_name\":\"vivo\\u51af\\u6c38\\u6770\",\"name\":\"vivo\\u51af\\u6c38\\u6770\",\"province\":\"44\",\"city\":\"3\",\"location\":\"\\u5e7f\\u4e1c \\u6df1\\u5733\",\"description\":\"\",\"url\":\"\",\"profile_image_url\":\"http:\\/\\/tp2.sinaimg.cn\\/5119209005\\/50\\/5696384742\\/1\",\"profile_url\":\"u\\/5119209005\",\"domain\":\"\",\"weihao\":\"\",\"gender\":\"m\",\"followers_count\":5,\"friends_count\":55,\"pagefriends_count\":0,\"statuses_count\":50,\"favourites_count\":0,\"created_at\":\"Sun Apr 20 14:33:43 +0800 2014\",\"following\":false,\"allow_all_act_msg\":false,\"geo_enabled\":true,\"verified\":false,\"verified_type\":-1,\"remark\":\"\",\"ptype\":0,\"allow_all_comment\":true,\"avatar_large\":\"http:\\/\\/tp2.sinaimg.cn\\/5119209005\\/180\\/5696384742\\/1\",\"avatar_hd\":\"http:\\/\\/ww4.sinaimg.cn\\/crop.0.0.180.180.1024\\/005ArG7bjw1egw3mkip6fj3050050dfy.jpg\",\"verified_reason\":\"\",\"verified_trade\":\"\",\"verified_reason_url\":\"\",\"verified_source\":\"\",\"verified_source_url\":\"\",\"follow_me\":false,\"online_status\":0,\"bi_followers_count\":1,\"lang\":\"zh-cn\",\"star\":0,\"mbtype\":0,\"mbrank\":0,\"block_word\":0,\"block_app\":0,\"credit_score\":0},\"reposts_count\":0,\"comments_count\":0,\"attitudes_count\":0,\"mlevel\":0,\"visible\":{\"type\":0,\"list_id\":0},\"darwin_tags\":[]}', '1412923869', '1412923869');
INSERT INTO `x5tour_weibo` VALUES ('7', '1', '1', 'vivo冯永杰', '2014-10-10', '3764138012141250', null, '试试看', 'Hi-Fi #K歌之王X5#口袋里的K歌之王。我爱K歌，我参加了X5新品体验之旅，我在KTV必点的一首歌是：试试看。你在KTV必点哪首歌呢？参加X5新品体验之旅，赢取X5手机大奖吧 http://activity.v.vivogeek.com/x5tour/', '{\"created_at\":\"Fri Oct 10 14:51:37 +0800 2014\",\"id\":3.7641380121412e+15,\"mid\":\"3764138012141250\",\"idstr\":\"3764138012141250\",\"text\":\"Hi-Fi #K\\u6b4c\\u4e4b\\u738bX5#\\u53e3\\u888b\\u91cc\\u7684K\\u6b4c\\u4e4b\\u738b\\u3002\\u6211\\u7231K\\u6b4c\\uff0c\\u6211\\u53c2\\u52a0\\u4e86X5\\u65b0\\u54c1\\u4f53\\u9a8c\\u4e4b\\u65c5\\uff0c\\u6211\\u5728KTV\\u5fc5\\u70b9\\u7684\\u4e00\\u9996\\u6b4c\\u662f\\uff1a\\u8bd5\\u8bd5\\u770b\\u3002\\u4f60\\u5728KTV\\u5fc5\\u70b9\\u54ea\\u9996\\u6b4c\\u5462\\uff1f\\u53c2\\u52a0X5\\u65b0\\u54c1\\u4f53\\u9a8c\\u4e4b\\u65c5\\uff0c\\u8d62\\u53d6X5\\u624b\\u673a\\u5927\\u5956\\u5427 http:\\/\\/t.cn\\/RhFN1sm\",\"source\":\"<a href=\\\"http:\\/\\/app.weibo.com\\/t\\/feed\\/1rdpS2\\\" rel=\\\"nofollow\\\">vivo\\u667a\\u80fd\\u624b\\u673aXplay<\\/a>\",\"source_type\":1,\"favorited\":false,\"truncated\":false,\"in_reply_to_status_id\":\"\",\"in_reply_to_user_id\":\"\",\"in_reply_to_screen_name\":\"\",\"pic_urls\":[],\"geo\":null,\"user\":{\"id\":5119209005,\"idstr\":\"5119209005\",\"class\":1,\"screen_name\":\"vivo\\u51af\\u6c38\\u6770\",\"name\":\"vivo\\u51af\\u6c38\\u6770\",\"province\":\"44\",\"city\":\"3\",\"location\":\"\\u5e7f\\u4e1c \\u6df1\\u5733\",\"description\":\"\",\"url\":\"\",\"profile_image_url\":\"http:\\/\\/tp2.sinaimg.cn\\/5119209005\\/50\\/5696384742\\/1\",\"profile_url\":\"u\\/5119209005\",\"domain\":\"\",\"weihao\":\"\",\"gender\":\"m\",\"followers_count\":5,\"friends_count\":55,\"pagefriends_count\":0,\"statuses_count\":50,\"favourites_count\":0,\"created_at\":\"Sun Apr 20 14:33:43 +0800 2014\",\"following\":false,\"allow_all_act_msg\":false,\"geo_enabled\":true,\"verified\":false,\"verified_type\":-1,\"remark\":\"\",\"ptype\":0,\"allow_all_comment\":true,\"avatar_large\":\"http:\\/\\/tp2.sinaimg.cn\\/5119209005\\/180\\/5696384742\\/1\",\"avatar_hd\":\"http:\\/\\/ww4.sinaimg.cn\\/crop.0.0.180.180.1024\\/005ArG7bjw1egw3mkip6fj3050050dfy.jpg\",\"verified_reason\":\"\",\"verified_trade\":\"\",\"verified_reason_url\":\"\",\"verified_source\":\"\",\"verified_source_url\":\"\",\"follow_me\":false,\"online_status\":0,\"bi_followers_count\":1,\"lang\":\"zh-cn\",\"star\":0,\"mbtype\":0,\"mbrank\":0,\"block_word\":0,\"block_app\":0,\"credit_score\":0},\"reposts_count\":0,\"comments_count\":0,\"attitudes_count\":0,\"mlevel\":0,\"visible\":{\"type\":0,\"list_id\":0},\"darwin_tags\":[]}', '1412923911', '1412923911');
INSERT INTO `x5tour_weibo` VALUES ('8', '1', '1', 'vivo冯永杰', '2014-10-10', '3764146241660120', null, '很爱很爱你', 'Hi-Fi #K歌之王X5#口袋里的K歌之王。我爱K歌，我参加了X5新品体验之旅，我在KTV必点的一首歌是：很爱很爱你。你在KTV必点哪首歌呢？参加X5新品体验之旅，赢取X5手机大奖吧 http://activity.v.vivogeek.com/x5tour/', '{\"created_at\":\"Fri Oct 10 15:24:20 +0800 2014\",\"id\":3.7641462416601e+15,\"mid\":\"3764146241660120\",\"idstr\":\"3764146241660120\",\"text\":\"Hi-Fi #K\\u6b4c\\u4e4b\\u738bX5#\\u53e3\\u888b\\u91cc\\u7684K\\u6b4c\\u4e4b\\u738b\\u3002\\u6211\\u7231K\\u6b4c\\uff0c\\u6211\\u53c2\\u52a0\\u4e86X5\\u65b0\\u54c1\\u4f53\\u9a8c\\u4e4b\\u65c5\\uff0c\\u6211\\u5728KTV\\u5fc5\\u70b9\\u7684\\u4e00\\u9996\\u6b4c\\u662f\\uff1a\\u5f88\\u7231\\u5f88\\u7231\\u4f60\\u3002\\u4f60\\u5728KTV\\u5fc5\\u70b9\\u54ea\\u9996\\u6b4c\\u5462\\uff1f\\u53c2\\u52a0X5\\u65b0\\u54c1\\u4f53\\u9a8c\\u4e4b\\u65c5\\uff0c\\u8d62\\u53d6X5\\u624b\\u673a\\u5927\\u5956\\u5427 http:\\/\\/t.cn\\/RhFN1sm\",\"source\":\"<a href=\\\"http:\\/\\/app.weibo.com\\/t\\/feed\\/1rdpS2\\\" rel=\\\"nofollow\\\">vivo\\u667a\\u80fd\\u624b\\u673aXplay<\\/a>\",\"source_type\":1,\"favorited\":false,\"truncated\":false,\"in_reply_to_status_id\":\"\",\"in_reply_to_user_id\":\"\",\"in_reply_to_screen_name\":\"\",\"pic_urls\":[],\"geo\":null,\"user\":{\"id\":5119209005,\"idstr\":\"5119209005\",\"class\":1,\"screen_name\":\"vivo\\u51af\\u6c38\\u6770\",\"name\":\"vivo\\u51af\\u6c38\\u6770\",\"province\":\"44\",\"city\":\"3\",\"location\":\"\\u5e7f\\u4e1c \\u6df1\\u5733\",\"description\":\"\",\"url\":\"\",\"profile_image_url\":\"http:\\/\\/tp2.sinaimg.cn\\/5119209005\\/50\\/5696384742\\/1\",\"profile_url\":\"u\\/5119209005\",\"domain\":\"\",\"weihao\":\"\",\"gender\":\"m\",\"followers_count\":5,\"friends_count\":55,\"pagefriends_count\":0,\"statuses_count\":50,\"favourites_count\":0,\"created_at\":\"Sun Apr 20 14:33:43 +0800 2014\",\"following\":false,\"allow_all_act_msg\":false,\"geo_enabled\":true,\"verified\":false,\"verified_type\":-1,\"remark\":\"\",\"ptype\":0,\"allow_all_comment\":true,\"avatar_large\":\"http:\\/\\/tp2.sinaimg.cn\\/5119209005\\/180\\/5696384742\\/1\",\"avatar_hd\":\"http:\\/\\/ww4.sinaimg.cn\\/crop.0.0.180.180.1024\\/005ArG7bjw1egw3mkip6fj3050050dfy.jpg\",\"verified_reason\":\"\",\"verified_trade\":\"\",\"verified_reason_url\":\"\",\"verified_source\":\"\",\"verified_source_url\":\"\",\"follow_me\":false,\"online_status\":0,\"bi_followers_count\":1,\"lang\":\"zh-cn\",\"star\":0,\"mbtype\":0,\"mbrank\":0,\"block_word\":0,\"block_app\":0,\"credit_score\":0},\"reposts_count\":0,\"comments_count\":0,\"attitudes_count\":0,\"mlevel\":0,\"visible\":{\"type\":0,\"list_id\":0},\"darwin_tags\":[]}', '1412925874', '1412925874');
INSERT INTO `x5tour_weibo` VALUES ('9', '1', '1', 'vivo冯永杰', '2014-10-10', '3764148170983902', null, '13312', 'Hi-Fi #K歌之王X5#口袋里的K歌之王。我爱K歌，我参加了X5新品体验之旅，我在KTV必点的一首歌是：13312。你在KTV必点哪首歌呢？参加X5新品体验之旅，赢取X5手机大奖吧 http://activity.v.vivogeek.com/x5tour/', '{\"created_at\":\"Fri Oct 10 15:32:00 +0800 2014\",\"id\":3.7641481709839e+15,\"mid\":\"3764148170983902\",\"idstr\":\"3764148170983902\",\"text\":\"Hi-Fi #K\\u6b4c\\u4e4b\\u738bX5#\\u53e3\\u888b\\u91cc\\u7684K\\u6b4c\\u4e4b\\u738b\\u3002\\u6211\\u7231K\\u6b4c\\uff0c\\u6211\\u53c2\\u52a0\\u4e86X5\\u65b0\\u54c1\\u4f53\\u9a8c\\u4e4b\\u65c5\\uff0c\\u6211\\u5728KTV\\u5fc5\\u70b9\\u7684\\u4e00\\u9996\\u6b4c\\u662f\\uff1a13312\\u3002\\u4f60\\u5728KTV\\u5fc5\\u70b9\\u54ea\\u9996\\u6b4c\\u5462\\uff1f\\u53c2\\u52a0X5\\u65b0\\u54c1\\u4f53\\u9a8c\\u4e4b\\u65c5\\uff0c\\u8d62\\u53d6X5\\u624b\\u673a\\u5927\\u5956\\u5427 http:\\/\\/t.cn\\/RhFN1sm\",\"source\":\"<a href=\\\"http:\\/\\/app.weibo.com\\/t\\/feed\\/1rdpS2\\\" rel=\\\"nofollow\\\">vivo\\u667a\\u80fd\\u624b\\u673aXplay<\\/a>\",\"source_type\":1,\"favorited\":false,\"truncated\":false,\"in_reply_to_status_id\":\"\",\"in_reply_to_user_id\":\"\",\"in_reply_to_screen_name\":\"\",\"pic_urls\":[],\"geo\":null,\"user\":{\"id\":5119209005,\"idstr\":\"5119209005\",\"class\":1,\"screen_name\":\"vivo\\u51af\\u6c38\\u6770\",\"name\":\"vivo\\u51af\\u6c38\\u6770\",\"province\":\"44\",\"city\":\"3\",\"location\":\"\\u5e7f\\u4e1c \\u6df1\\u5733\",\"description\":\"\",\"url\":\"\",\"profile_image_url\":\"http:\\/\\/tp2.sinaimg.cn\\/5119209005\\/50\\/5696384742\\/1\",\"profile_url\":\"u\\/5119209005\",\"domain\":\"\",\"weihao\":\"\",\"gender\":\"m\",\"followers_count\":5,\"friends_count\":55,\"pagefriends_count\":0,\"statuses_count\":50,\"favourites_count\":0,\"created_at\":\"Sun Apr 20 14:33:43 +0800 2014\",\"following\":false,\"allow_all_act_msg\":false,\"geo_enabled\":true,\"verified\":false,\"verified_type\":-1,\"remark\":\"\",\"ptype\":0,\"allow_all_comment\":true,\"avatar_large\":\"http:\\/\\/tp2.sinaimg.cn\\/5119209005\\/180\\/5696384742\\/1\",\"avatar_hd\":\"http:\\/\\/ww4.sinaimg.cn\\/crop.0.0.180.180.1024\\/005ArG7bjw1egw3mkip6fj3050050dfy.jpg\",\"verified_reason\":\"\",\"verified_trade\":\"\",\"verified_reason_url\":\"\",\"verified_source\":\"\",\"verified_source_url\":\"\",\"follow_me\":false,\"online_status\":0,\"bi_followers_count\":1,\"lang\":\"zh-cn\",\"star\":0,\"mbtype\":0,\"mbrank\":0,\"block_word\":0,\"block_app\":0,\"credit_score\":0},\"reposts_count\":0,\"comments_count\":0,\"attitudes_count\":0,\"mlevel\":0,\"visible\":{\"type\":0,\"list_id\":0},\"darwin_tags\":[]}', '1412926332', '1412926332');
INSERT INTO `x5tour_weibo` VALUES ('10', '1', '1', 'vivo冯永杰', '2014-10-10', '3764148388817953', null, '678', 'Hi-Fi #K歌之王X5#口袋里的K歌之王。我爱K歌，我参加了X5新品体验之旅，我在KTV必点的一首歌是：678。你在KTV必点哪首歌呢？参加X5新品体验之旅，赢取X5手机大奖吧 http://activity.v.vivogeek.com/x5tour/', '{\"created_at\":\"Fri Oct 10 15:32:52 +0800 2014\",\"id\":3.764148388818e+15,\"mid\":\"3764148388817953\",\"idstr\":\"3764148388817953\",\"text\":\"Hi-Fi #K\\u6b4c\\u4e4b\\u738bX5#\\u53e3\\u888b\\u91cc\\u7684K\\u6b4c\\u4e4b\\u738b\\u3002\\u6211\\u7231K\\u6b4c\\uff0c\\u6211\\u53c2\\u52a0\\u4e86X5\\u65b0\\u54c1\\u4f53\\u9a8c\\u4e4b\\u65c5\\uff0c\\u6211\\u5728KTV\\u5fc5\\u70b9\\u7684\\u4e00\\u9996\\u6b4c\\u662f\\uff1a678\\u3002\\u4f60\\u5728KTV\\u5fc5\\u70b9\\u54ea\\u9996\\u6b4c\\u5462\\uff1f\\u53c2\\u52a0X5\\u65b0\\u54c1\\u4f53\\u9a8c\\u4e4b\\u65c5\\uff0c\\u8d62\\u53d6X5\\u624b\\u673a\\u5927\\u5956\\u5427 http:\\/\\/t.cn\\/RhFN1sm\",\"source\":\"<a href=\\\"http:\\/\\/app.weibo.com\\/t\\/feed\\/1rdpS2\\\" rel=\\\"nofollow\\\">vivo\\u667a\\u80fd\\u624b\\u673aXplay<\\/a>\",\"source_type\":1,\"favorited\":false,\"truncated\":false,\"in_reply_to_status_id\":\"\",\"in_reply_to_user_id\":\"\",\"in_reply_to_screen_name\":\"\",\"pic_urls\":[],\"geo\":null,\"user\":{\"id\":5119209005,\"idstr\":\"5119209005\",\"class\":1,\"screen_name\":\"vivo\\u51af\\u6c38\\u6770\",\"name\":\"vivo\\u51af\\u6c38\\u6770\",\"province\":\"44\",\"city\":\"3\",\"location\":\"\\u5e7f\\u4e1c \\u6df1\\u5733\",\"description\":\"\",\"url\":\"\",\"profile_image_url\":\"http:\\/\\/tp2.sinaimg.cn\\/5119209005\\/50\\/5696384742\\/1\",\"profile_url\":\"u\\/5119209005\",\"domain\":\"\",\"weihao\":\"\",\"gender\":\"m\",\"followers_count\":5,\"friends_count\":55,\"pagefriends_count\":0,\"statuses_count\":50,\"favourites_count\":0,\"created_at\":\"Sun Apr 20 14:33:43 +0800 2014\",\"following\":false,\"allow_all_act_msg\":false,\"geo_enabled\":true,\"verified\":false,\"verified_type\":-1,\"remark\":\"\",\"ptype\":0,\"allow_all_comment\":true,\"avatar_large\":\"http:\\/\\/tp2.sinaimg.cn\\/5119209005\\/180\\/5696384742\\/1\",\"avatar_hd\":\"http:\\/\\/ww4.sinaimg.cn\\/crop.0.0.180.180.1024\\/005ArG7bjw1egw3mkip6fj3050050dfy.jpg\",\"verified_reason\":\"\",\"verified_trade\":\"\",\"verified_reason_url\":\"\",\"verified_source\":\"\",\"verified_source_url\":\"\",\"follow_me\":false,\"online_status\":0,\"bi_followers_count\":1,\"lang\":\"zh-cn\",\"star\":0,\"mbtype\":0,\"mbrank\":0,\"block_word\":0,\"block_app\":0,\"credit_score\":0},\"reposts_count\":0,\"comments_count\":0,\"attitudes_count\":0,\"mlevel\":0,\"visible\":{\"type\":0,\"list_id\":0},\"darwin_tags\":[]}', '1412926386', '1412926386');
INSERT INTO `x5tour_weibo` VALUES ('11', '1', '1', 'vivo冯永杰', '2014-10-10', '3764159080059504', null, 'fdafwer', 'Hi-Fi #K歌之王X5#口袋里的K歌之王。我爱K歌，我参加了X5新品体验之旅，我在KTV必点的一首歌是：fdafwer。你在KTV必点哪首歌呢？参加X5新品体验之旅，赢取X5手机大奖吧 http://activity.v.vivogeek.com/x5tour/', '{\"created_at\":\"Fri Oct 10 16:15:21 +0800 2014\",\"id\":3.7641590800595e+15,\"mid\":\"3764159080059504\",\"idstr\":\"3764159080059504\",\"text\":\"Hi-Fi #K\\u6b4c\\u4e4b\\u738bX5#\\u53e3\\u888b\\u91cc\\u7684K\\u6b4c\\u4e4b\\u738b\\u3002\\u6211\\u7231K\\u6b4c\\uff0c\\u6211\\u53c2\\u52a0\\u4e86X5\\u65b0\\u54c1\\u4f53\\u9a8c\\u4e4b\\u65c5\\uff0c\\u6211\\u5728KTV\\u5fc5\\u70b9\\u7684\\u4e00\\u9996\\u6b4c\\u662f\\uff1afdafwer\\u3002\\u4f60\\u5728KTV\\u5fc5\\u70b9\\u54ea\\u9996\\u6b4c\\u5462\\uff1f\\u53c2\\u52a0X5\\u65b0\\u54c1\\u4f53\\u9a8c\\u4e4b\\u65c5\\uff0c\\u8d62\\u53d6X5\\u624b\\u673a\\u5927\\u5956\\u5427 http:\\/\\/t.cn\\/RhFN1sm\",\"source\":\"<a href=\\\"http:\\/\\/app.weibo.com\\/t\\/feed\\/1rdpS2\\\" rel=\\\"nofollow\\\">vivo\\u667a\\u80fd\\u624b\\u673aXplay<\\/a>\",\"source_type\":1,\"favorited\":false,\"truncated\":false,\"in_reply_to_status_id\":\"\",\"in_reply_to_user_id\":\"\",\"in_reply_to_screen_name\":\"\",\"pic_urls\":[],\"geo\":null,\"user\":{\"id\":5119209005,\"idstr\":\"5119209005\",\"class\":1,\"screen_name\":\"vivo\\u51af\\u6c38\\u6770\",\"name\":\"vivo\\u51af\\u6c38\\u6770\",\"province\":\"44\",\"city\":\"3\",\"location\":\"\\u5e7f\\u4e1c \\u6df1\\u5733\",\"description\":\"\",\"url\":\"\",\"profile_image_url\":\"http:\\/\\/tp2.sinaimg.cn\\/5119209005\\/50\\/5696384742\\/1\",\"profile_url\":\"u\\/5119209005\",\"domain\":\"\",\"weihao\":\"\",\"gender\":\"m\",\"followers_count\":5,\"friends_count\":55,\"pagefriends_count\":0,\"statuses_count\":50,\"favourites_count\":0,\"created_at\":\"Sun Apr 20 14:33:43 +0800 2014\",\"following\":false,\"allow_all_act_msg\":false,\"geo_enabled\":true,\"verified\":false,\"verified_type\":-1,\"remark\":\"\",\"ptype\":0,\"allow_all_comment\":true,\"avatar_large\":\"http:\\/\\/tp2.sinaimg.cn\\/5119209005\\/180\\/5696384742\\/1\",\"avatar_hd\":\"http:\\/\\/ww4.sinaimg.cn\\/crop.0.0.180.180.1024\\/005ArG7bjw1egw3mkip6fj3050050dfy.jpg\",\"verified_reason\":\"\",\"verified_trade\":\"\",\"verified_reason_url\":\"\",\"verified_source\":\"\",\"verified_source_url\":\"\",\"follow_me\":false,\"online_status\":0,\"bi_followers_count\":1,\"lang\":\"zh-cn\",\"star\":0,\"mbtype\":0,\"mbrank\":0,\"block_word\":0,\"block_app\":0,\"credit_score\":0},\"reposts_count\":0,\"comments_count\":0,\"attitudes_count\":0,\"mlevel\":0,\"visible\":{\"type\":0,\"list_id\":0},\"darwin_tags\":[]}', '1412928935', '1412928935');
INSERT INTO `x5tour_weibo` VALUES ('12', '2', '1', 'vivo冯永杰', '20141014', '3765616227765172', null, '极速4G网络，看电影，传文件，畅享未来速度', 'Hi-Fi#K歌之王X5#搭载8种经典音效，专业实时耳返。我最喜欢X5的是极速4G网络，看电影，传文件，畅享未来速度。快来说出你最喜欢X5的地方，赢取手机大奖。 http://activity.v.vivogeek.com/x5tour/', '{\"created_at\":\"Tue Oct 14 16:45:31 +0800 2014\",\"id\":3.7656162277652e+15,\"mid\":\"3765616227765172\",\"idstr\":\"3765616227765172\",\"text\":\"Hi-Fi#K\\u6b4c\\u4e4b\\u738bX5#\\u642d\\u8f7d8\\u79cd\\u7ecf\\u5178\\u97f3\\u6548\\uff0c\\u4e13\\u4e1a\\u5b9e\\u65f6\\u8033\\u8fd4\\u3002\\u6211\\u6700\\u559c\\u6b22X5\\u7684\\u662f\\u6781\\u901f4G\\u7f51\\u7edc\\uff0c\\u770b\\u7535\\u5f71\\uff0c\\u4f20\\u6587\\u4ef6\\uff0c\\u7545\\u4eab\\u672a\\u6765\\u901f\\u5ea6\\u3002\\u5feb\\u6765\\u8bf4\\u51fa\\u4f60\\u6700\\u559c\\u6b22X5\\u7684\\u5730\\u65b9\\uff0c\\u8d62\\u53d6\\u624b\\u673a\\u5927\\u5956\\u3002 http:\\/\\/t.cn\\/RhFN1sm\",\"source\":\"<a href=\\\"http:\\/\\/app.weibo.com\\/t\\/feed\\/1rdpS2\\\" rel=\\\"nofollow\\\">vivo\\u667a\\u80fd\\u624b\\u673aXplay<\\/a>\",\"source_type\":1,\"favorited\":false,\"truncated\":false,\"in_reply_to_status_id\":\"\",\"in_reply_to_user_id\":\"\",\"in_reply_to_screen_name\":\"\",\"pic_urls\":[],\"geo\":null,\"user\":{\"id\":5119209005,\"idstr\":\"5119209005\",\"class\":1,\"screen_name\":\"vivo\\u51af\\u6c38\\u6770\",\"name\":\"vivo\\u51af\\u6c38\\u6770\",\"province\":\"44\",\"city\":\"3\",\"location\":\"\\u5e7f\\u4e1c \\u6df1\\u5733\",\"description\":\"\",\"url\":\"\",\"profile_image_url\":\"http:\\/\\/tp2.sinaimg.cn\\/5119209005\\/50\\/5696384742\\/1\",\"profile_url\":\"u\\/5119209005\",\"domain\":\"\",\"weihao\":\"\",\"gender\":\"m\",\"followers_count\":5,\"friends_count\":55,\"pagefriends_count\":0,\"statuses_count\":50,\"favourites_count\":0,\"created_at\":\"Sun Apr 20 14:33:43 +0800 2014\",\"following\":false,\"allow_all_act_msg\":false,\"geo_enabled\":true,\"verified\":false,\"verified_type\":-1,\"remark\":\"\",\"ptype\":0,\"allow_all_comment\":true,\"avatar_large\":\"http:\\/\\/tp2.sinaimg.cn\\/5119209005\\/180\\/5696384742\\/1\",\"avatar_hd\":\"http:\\/\\/ww4.sinaimg.cn\\/crop.0.0.180.180.1024\\/005ArG7bjw1egw3mkip6fj3050050dfy.jpg\",\"verified_reason\":\"\",\"verified_trade\":\"\",\"verified_reason_url\":\"\",\"verified_source\":\"\",\"verified_source_url\":\"\",\"follow_me\":false,\"online_status\":0,\"bi_followers_count\":1,\"lang\":\"zh-cn\",\"star\":0,\"mbtype\":0,\"mbrank\":0,\"block_word\":0,\"block_app\":0,\"credit_score\":0},\"reposts_count\":0,\"comments_count\":0,\"attitudes_count\":0,\"mlevel\":0,\"visible\":{\"type\":0,\"list_id\":0},\"darwin_tags\":[]}', '1413276349', '1413276349');
INSERT INTO `x5tour_weibo` VALUES ('13', '3', '1', 'vivo冯永杰', '20141014', '3765616995059339', null, '唱歌好听但不是麦霸党', 'Hi-Fi#K歌之王X5#首次在智能终端设备上搭载全球专业级卡拉OK数字环绕声信号处理芯片YAMAHA YSS205X，绝佳的音乐体验由此产生，让我无处不OK。我是唱歌好听但不是麦霸党，K歌众生相，你是哪一种？来参加X5新品体验之旅，赢取X5手机等大奖。 http://activity.v.vivogeek.com/x5tour/', '{\"created_at\":\"Tue Oct 14 16:48:34 +0800 2014\",\"id\":3.7656169950593e+15,\"mid\":\"3765616995059339\",\"idstr\":\"3765616995059339\",\"text\":\"Hi-Fi#K\\u6b4c\\u4e4b\\u738bX5#\\u9996\\u6b21\\u5728\\u667a\\u80fd\\u7ec8\\u7aef\\u8bbe\\u5907\\u4e0a\\u642d\\u8f7d\\u5168\\u7403\\u4e13\\u4e1a\\u7ea7\\u5361\\u62c9OK\\u6570\\u5b57\\u73af\\u7ed5\\u58f0\\u4fe1\\u53f7\\u5904\\u7406\\u82af\\u7247YAMAHA YSS205X\\uff0c\\u7edd\\u4f73\\u7684\\u97f3\\u4e50\\u4f53\\u9a8c\\u7531\\u6b64\\u4ea7\\u751f\\uff0c\\u8ba9\\u6211\\u65e0\\u5904\\u4e0dOK\\u3002\\u6211\\u662f\\u5531\\u6b4c\\u597d\\u542c\\u4f46\\u4e0d\\u662f\\u9ea6\\u9738\\u515a\\uff0cK\\u6b4c\\u4f17\\u751f\\u76f8\\uff0c\\u4f60\\u662f\\u54ea\\u4e00\\u79cd\\uff1f\\u6765\\u53c2\\u52a0X5\\u65b0\\u54c1\\u4f53\\u9a8c\\u4e4b\\u65c5\\uff0c\\u8d62\\u53d6X5\\u624b\\u673a\\u7b49\\u5927\\u5956\\u3002 http:\\/\\/t.cn\\/RhFN1sm\",\"source\":\"<a href=\\\"http:\\/\\/app.weibo.com\\/t\\/feed\\/1rdpS2\\\" rel=\\\"nofollow\\\">vivo\\u667a\\u80fd\\u624b\\u673aXplay<\\/a>\",\"source_type\":1,\"favorited\":false,\"truncated\":false,\"in_reply_to_status_id\":\"\",\"in_reply_to_user_id\":\"\",\"in_reply_to_screen_name\":\"\",\"pic_urls\":[],\"geo\":null,\"user\":{\"id\":5119209005,\"idstr\":\"5119209005\",\"class\":1,\"screen_name\":\"vivo\\u51af\\u6c38\\u6770\",\"name\":\"vivo\\u51af\\u6c38\\u6770\",\"province\":\"44\",\"city\":\"3\",\"location\":\"\\u5e7f\\u4e1c \\u6df1\\u5733\",\"description\":\"\",\"url\":\"\",\"profile_image_url\":\"http:\\/\\/tp2.sinaimg.cn\\/5119209005\\/50\\/5696384742\\/1\",\"profile_url\":\"u\\/5119209005\",\"domain\":\"\",\"weihao\":\"\",\"gender\":\"m\",\"followers_count\":5,\"friends_count\":55,\"pagefriends_count\":0,\"statuses_count\":50,\"favourites_count\":0,\"created_at\":\"Sun Apr 20 14:33:43 +0800 2014\",\"following\":false,\"allow_all_act_msg\":false,\"geo_enabled\":true,\"verified\":false,\"verified_type\":-1,\"remark\":\"\",\"ptype\":0,\"allow_all_comment\":true,\"avatar_large\":\"http:\\/\\/tp2.sinaimg.cn\\/5119209005\\/180\\/5696384742\\/1\",\"avatar_hd\":\"http:\\/\\/ww4.sinaimg.cn\\/crop.0.0.180.180.1024\\/005ArG7bjw1egw3mkip6fj3050050dfy.jpg\",\"verified_reason\":\"\",\"verified_trade\":\"\",\"verified_reason_url\":\"\",\"verified_source\":\"\",\"verified_source_url\":\"\",\"follow_me\":false,\"online_status\":0,\"bi_followers_count\":1,\"lang\":\"zh-cn\",\"star\":0,\"mbtype\":0,\"mbrank\":0,\"block_word\":0,\"block_app\":0,\"credit_score\":0},\"reposts_count\":0,\"comments_count\":0,\"attitudes_count\":0,\"mlevel\":0,\"visible\":{\"type\":0,\"list_id\":0},\"darwin_tags\":[]}', '1413276533', '1413276533');
INSERT INTO `x5tour_weibo` VALUES ('14', '2', '1', 'vivo冯永杰', '20141015', '3765903465990445', null, '6.3mm极致超薄机身， 手感没得说', 'Hi-Fi#K歌之王X5#搭载8种经典音效，专业实时耳返。我最喜欢X5的是6.3mm极致超薄机身， 手感没得说。快来说出你最喜欢X5的地方，赢取手机大奖。 http://activity.v.vivogeek.com/x5tour/', '{\"created_at\":\"Wed Oct 15 11:46:55 +0800 2014\",\"id\":3.7659034659904e+15,\"mid\":\"3765903465990445\",\"idstr\":\"3765903465990445\",\"text\":\"Hi-Fi#K\\u6b4c\\u4e4b\\u738bX5#\\u642d\\u8f7d8\\u79cd\\u7ecf\\u5178\\u97f3\\u6548\\uff0c\\u4e13\\u4e1a\\u5b9e\\u65f6\\u8033\\u8fd4\\u3002\\u6211\\u6700\\u559c\\u6b22X5\\u7684\\u662f6.3mm\\u6781\\u81f4\\u8d85\\u8584\\u673a\\u8eab\\uff0c \\u624b\\u611f\\u6ca1\\u5f97\\u8bf4\\u3002\\u5feb\\u6765\\u8bf4\\u51fa\\u4f60\\u6700\\u559c\\u6b22X5\\u7684\\u5730\\u65b9\\uff0c\\u8d62\\u53d6\\u624b\\u673a\\u5927\\u5956\\u3002 http:\\/\\/t.cn\\/RhFN1sm\",\"source\":\"<a href=\\\"http:\\/\\/app.weibo.com\\/t\\/feed\\/1rdpS2\\\" rel=\\\"nofollow\\\">vivo\\u667a\\u80fd\\u624b\\u673aXplay<\\/a>\",\"source_type\":1,\"favorited\":false,\"truncated\":false,\"in_reply_to_status_id\":\"\",\"in_reply_to_user_id\":\"\",\"in_reply_to_screen_name\":\"\",\"pic_urls\":[],\"geo\":null,\"user\":{\"id\":5119209005,\"idstr\":\"5119209005\",\"class\":1,\"screen_name\":\"vivo\\u51af\\u6c38\\u6770\",\"name\":\"vivo\\u51af\\u6c38\\u6770\",\"province\":\"44\",\"city\":\"3\",\"location\":\"\\u5e7f\\u4e1c \\u6df1\\u5733\",\"description\":\"\",\"url\":\"\",\"profile_image_url\":\"http:\\/\\/tp2.sinaimg.cn\\/5119209005\\/50\\/5696384742\\/1\",\"profile_url\":\"u\\/5119209005\",\"domain\":\"\",\"weihao\":\"\",\"gender\":\"m\",\"followers_count\":5,\"friends_count\":55,\"pagefriends_count\":0,\"statuses_count\":50,\"favourites_count\":0,\"created_at\":\"Sun Apr 20 14:33:43 +0800 2014\",\"following\":false,\"allow_all_act_msg\":false,\"geo_enabled\":true,\"verified\":false,\"verified_type\":-1,\"remark\":\"\",\"ptype\":0,\"allow_all_comment\":true,\"avatar_large\":\"http:\\/\\/tp2.sinaimg.cn\\/5119209005\\/180\\/5696384742\\/1\",\"avatar_hd\":\"http:\\/\\/ww4.sinaimg.cn\\/crop.0.0.180.180.1024\\/005ArG7bjw1egw3mkip6fj3050050dfy.jpg\",\"verified_reason\":\"\",\"verified_trade\":\"\",\"verified_reason_url\":\"\",\"verified_source\":\"\",\"verified_source_url\":\"\",\"follow_me\":false,\"online_status\":0,\"bi_followers_count\":1,\"lang\":\"zh-cn\",\"star\":0,\"mbtype\":0,\"mbrank\":0,\"block_word\":0,\"block_app\":0,\"credit_score\":0},\"reposts_count\":0,\"comments_count\":0,\"attitudes_count\":0,\"mlevel\":0,\"visible\":{\"type\":0,\"list_id\":0},\"darwin_tags\":[]}', '1413344833', '1413344833');
INSERT INTO `x5tour_weibo` VALUES ('15', '2', '1', 'vivo冯永杰', '20141015', '3765953390895930', null, '1.7GHz真八核处理器， 玩3D游戏游刃有余', 'Hi-Fi#K歌之王X5#搭载8种经典音效，专业实时耳返。我最喜欢X5的是1.7GHz真八核处理器， 玩3D游戏游刃有余。快来说出你最喜欢X5的地方，赢取手机大奖。 http://activity.v.vivogeek.com/x5tour/', '{\"created_at\":\"Wed Oct 15 15:05:18 +0800 2014\",\"id\":3.7659533908959e+15,\"mid\":\"3765953390895930\",\"idstr\":\"3765953390895930\",\"text\":\"Hi-Fi#K\\u6b4c\\u4e4b\\u738bX5#\\u642d\\u8f7d8\\u79cd\\u7ecf\\u5178\\u97f3\\u6548\\uff0c\\u4e13\\u4e1a\\u5b9e\\u65f6\\u8033\\u8fd4\\u3002\\u6211\\u6700\\u559c\\u6b22X5\\u7684\\u662f1.7GHz\\u771f\\u516b\\u6838\\u5904\\u7406\\u5668\\uff0c \\u73a93D\\u6e38\\u620f\\u6e38\\u5203\\u6709\\u4f59\\u3002\\u5feb\\u6765\\u8bf4\\u51fa\\u4f60\\u6700\\u559c\\u6b22X5\\u7684\\u5730\\u65b9\\uff0c\\u8d62\\u53d6\\u624b\\u673a\\u5927\\u5956\\u3002 http:\\/\\/t.cn\\/RhFN1sm\",\"source\":\"<a href=\\\"http:\\/\\/app.weibo.com\\/t\\/feed\\/1rdpS2\\\" rel=\\\"nofollow\\\">vivo\\u667a\\u80fd\\u624b\\u673aXplay<\\/a>\",\"source_type\":1,\"favorited\":false,\"truncated\":false,\"in_reply_to_status_id\":\"\",\"in_reply_to_user_id\":\"\",\"in_reply_to_screen_name\":\"\",\"pic_urls\":[],\"geo\":null,\"user\":{\"id\":5119209005,\"idstr\":\"5119209005\",\"class\":1,\"screen_name\":\"vivo\\u51af\\u6c38\\u6770\",\"name\":\"vivo\\u51af\\u6c38\\u6770\",\"province\":\"44\",\"city\":\"3\",\"location\":\"\\u5e7f\\u4e1c \\u6df1\\u5733\",\"description\":\"\",\"url\":\"\",\"profile_image_url\":\"http:\\/\\/tp2.sinaimg.cn\\/5119209005\\/50\\/5696384742\\/1\",\"profile_url\":\"u\\/5119209005\",\"domain\":\"\",\"weihao\":\"\",\"gender\":\"m\",\"followers_count\":5,\"friends_count\":55,\"pagefriends_count\":0,\"statuses_count\":50,\"favourites_count\":0,\"created_at\":\"Sun Apr 20 14:33:43 +0800 2014\",\"following\":false,\"allow_all_act_msg\":false,\"geo_enabled\":true,\"verified\":false,\"verified_type\":-1,\"remark\":\"\",\"ptype\":0,\"allow_all_comment\":true,\"avatar_large\":\"http:\\/\\/tp2.sinaimg.cn\\/5119209005\\/180\\/5696384742\\/1\",\"avatar_hd\":\"http:\\/\\/ww4.sinaimg.cn\\/crop.0.0.180.180.1024\\/005ArG7bjw1egw3mkip6fj3050050dfy.jpg\",\"verified_reason\":\"\",\"verified_trade\":\"\",\"verified_reason_url\":\"\",\"verified_source\":\"\",\"verified_source_url\":\"\",\"follow_me\":false,\"online_status\":0,\"bi_followers_count\":1,\"lang\":\"zh-cn\",\"star\":0,\"mbtype\":0,\"mbrank\":0,\"block_word\":0,\"block_app\":0,\"credit_score\":0},\"reposts_count\":0,\"comments_count\":0,\"attitudes_count\":0,\"mlevel\":0,\"visible\":{\"type\":0,\"list_id\":0},\"darwin_tags\":[]}', '1413356738', '1413356738');
INSERT INTO `x5tour_weibo` VALUES ('16', '3', '1', 'vivo冯永杰', '20141016', '3766359484029434', null, '安静的听歌党', 'Hi-Fi#K歌之王X5#首次在智能终端设备上搭载全球专业级卡拉OK数字环绕声信号处理芯片YAMAHA YSS205X，绝佳的音乐体验由此产生，让我无处不OK。我是安静的听歌党，K歌众生相，你是哪一种？来参加X5新品体验之旅，赢取X5手机等大奖。 http://activity.v.vivogeek.com/x5tour/', '{\"created_at\":\"Thu Oct 16 17:58:59 +0800 2014\",\"id\":3.7663594840294e+15,\"mid\":\"3766359484029434\",\"idstr\":\"3766359484029434\",\"text\":\"Hi-Fi#K\\u6b4c\\u4e4b\\u738bX5#\\u9996\\u6b21\\u5728\\u667a\\u80fd\\u7ec8\\u7aef\\u8bbe\\u5907\\u4e0a\\u642d\\u8f7d\\u5168\\u7403\\u4e13\\u4e1a\\u7ea7\\u5361\\u62c9OK\\u6570\\u5b57\\u73af\\u7ed5\\u58f0\\u4fe1\\u53f7\\u5904\\u7406\\u82af\\u7247YAMAHA YSS205X\\uff0c\\u7edd\\u4f73\\u7684\\u97f3\\u4e50\\u4f53\\u9a8c\\u7531\\u6b64\\u4ea7\\u751f\\uff0c\\u8ba9\\u6211\\u65e0\\u5904\\u4e0dOK\\u3002\\u6211\\u662f\\u5b89\\u9759\\u7684\\u542c\\u6b4c\\u515a\\uff0cK\\u6b4c\\u4f17\\u751f\\u76f8\\uff0c\\u4f60\\u662f\\u54ea\\u4e00\\u79cd\\uff1f\\u6765\\u53c2\\u52a0X5\\u65b0\\u54c1\\u4f53\\u9a8c\\u4e4b\\u65c5\\uff0c\\u8d62\\u53d6X5\\u624b\\u673a\\u7b49\\u5927\\u5956\\u3002 http:\\/\\/t.cn\\/RhFN1sm\",\"source\":\"<a href=\\\"http:\\/\\/app.weibo.com\\/t\\/feed\\/1rdpS2\\\" rel=\\\"nofollow\\\">vivo\\u667a\\u80fd\\u624b\\u673aXplay<\\/a>\",\"source_type\":1,\"favorited\":false,\"truncated\":false,\"in_reply_to_status_id\":\"\",\"in_reply_to_user_id\":\"\",\"in_reply_to_screen_name\":\"\",\"pic_urls\":[],\"geo\":null,\"user\":{\"id\":5119209005,\"idstr\":\"5119209005\",\"class\":1,\"screen_name\":\"vivo\\u51af\\u6c38\\u6770\",\"name\":\"vivo\\u51af\\u6c38\\u6770\",\"province\":\"44\",\"city\":\"3\",\"location\":\"\\u5e7f\\u4e1c \\u6df1\\u5733\",\"description\":\"\",\"url\":\"\",\"profile_image_url\":\"http:\\/\\/tp2.sinaimg.cn\\/5119209005\\/50\\/5696384742\\/1\",\"profile_url\":\"u\\/5119209005\",\"domain\":\"\",\"weihao\":\"\",\"gender\":\"m\",\"followers_count\":5,\"friends_count\":55,\"pagefriends_count\":0,\"statuses_count\":50,\"favourites_count\":0,\"created_at\":\"Sun Apr 20 14:33:43 +0800 2014\",\"following\":false,\"allow_all_act_msg\":false,\"geo_enabled\":true,\"verified\":false,\"verified_type\":-1,\"remark\":\"\",\"ptype\":0,\"allow_all_comment\":true,\"avatar_large\":\"http:\\/\\/tp2.sinaimg.cn\\/5119209005\\/180\\/5696384742\\/1\",\"avatar_hd\":\"http:\\/\\/ww4.sinaimg.cn\\/crop.0.0.180.180.1024\\/005ArG7bjw1egw3mkip6fj3050050dfy.jpg\",\"verified_reason\":\"\",\"verified_trade\":\"\",\"verified_reason_url\":\"\",\"verified_source\":\"\",\"verified_source_url\":\"\",\"follow_me\":false,\"online_status\":0,\"bi_followers_count\":1,\"lang\":\"zh-cn\",\"star\":0,\"mbtype\":0,\"mbrank\":0,\"block_word\":0,\"block_app\":0,\"credit_score\":0},\"reposts_count\":0,\"comments_count\":0,\"attitudes_count\":0,\"mlevel\":0,\"visible\":{\"type\":0,\"list_id\":0},\"darwin_tags\":[]}', '1413453558', '1413453558');
INSERT INTO `x5tour_weibo` VALUES ('17', '2', '1', 'vivo冯永杰', '20141016', '3766359509211147', null, '极速4G网络，看电影，传文件，畅享未来速度', 'Hi-Fi#K歌之王X5#搭载8种经典音效，专业实时耳返。我最喜欢X5的是极速4G网络，看电影，传文件，畅享未来速度。快来说出你最喜欢X5的地方，赢取手机大奖。 http://activity.v.vivogeek.com/x5tour/', '{\"created_at\":\"Thu Oct 16 17:59:06 +0800 2014\",\"id\":3.7663595092111e+15,\"mid\":\"3766359509211147\",\"idstr\":\"3766359509211147\",\"text\":\"Hi-Fi#K\\u6b4c\\u4e4b\\u738bX5#\\u642d\\u8f7d8\\u79cd\\u7ecf\\u5178\\u97f3\\u6548\\uff0c\\u4e13\\u4e1a\\u5b9e\\u65f6\\u8033\\u8fd4\\u3002\\u6211\\u6700\\u559c\\u6b22X5\\u7684\\u662f\\u6781\\u901f4G\\u7f51\\u7edc\\uff0c\\u770b\\u7535\\u5f71\\uff0c\\u4f20\\u6587\\u4ef6\\uff0c\\u7545\\u4eab\\u672a\\u6765\\u901f\\u5ea6\\u3002\\u5feb\\u6765\\u8bf4\\u51fa\\u4f60\\u6700\\u559c\\u6b22X5\\u7684\\u5730\\u65b9\\uff0c\\u8d62\\u53d6\\u624b\\u673a\\u5927\\u5956\\u3002 http:\\/\\/t.cn\\/RhFN1sm\",\"source\":\"<a href=\\\"http:\\/\\/app.weibo.com\\/t\\/feed\\/1rdpS2\\\" rel=\\\"nofollow\\\">vivo\\u667a\\u80fd\\u624b\\u673aXplay<\\/a>\",\"source_type\":1,\"favorited\":false,\"truncated\":false,\"in_reply_to_status_id\":\"\",\"in_reply_to_user_id\":\"\",\"in_reply_to_screen_name\":\"\",\"pic_urls\":[],\"geo\":null,\"user\":{\"id\":5119209005,\"idstr\":\"5119209005\",\"class\":1,\"screen_name\":\"vivo\\u51af\\u6c38\\u6770\",\"name\":\"vivo\\u51af\\u6c38\\u6770\",\"province\":\"44\",\"city\":\"3\",\"location\":\"\\u5e7f\\u4e1c \\u6df1\\u5733\",\"description\":\"\",\"url\":\"\",\"profile_image_url\":\"http:\\/\\/tp2.sinaimg.cn\\/5119209005\\/50\\/5696384742\\/1\",\"profile_url\":\"u\\/5119209005\",\"domain\":\"\",\"weihao\":\"\",\"gender\":\"m\",\"followers_count\":5,\"friends_count\":55,\"pagefriends_count\":0,\"statuses_count\":50,\"favourites_count\":0,\"created_at\":\"Sun Apr 20 14:33:43 +0800 2014\",\"following\":false,\"allow_all_act_msg\":false,\"geo_enabled\":true,\"verified\":false,\"verified_type\":-1,\"remark\":\"\",\"ptype\":0,\"allow_all_comment\":true,\"avatar_large\":\"http:\\/\\/tp2.sinaimg.cn\\/5119209005\\/180\\/5696384742\\/1\",\"avatar_hd\":\"http:\\/\\/ww4.sinaimg.cn\\/crop.0.0.180.180.1024\\/005ArG7bjw1egw3mkip6fj3050050dfy.jpg\",\"verified_reason\":\"\",\"verified_trade\":\"\",\"verified_reason_url\":\"\",\"verified_source\":\"\",\"verified_source_url\":\"\",\"follow_me\":false,\"online_status\":0,\"bi_followers_count\":1,\"lang\":\"zh-cn\",\"star\":0,\"mbtype\":0,\"mbrank\":0,\"block_word\":0,\"block_app\":0,\"credit_score\":0},\"reposts_count\":0,\"comments_count\":0,\"attitudes_count\":0,\"mlevel\":0,\"visible\":{\"type\":0,\"list_id\":0},\"darwin_tags\":[]}', '1413453565', '1413453565');
INSERT INTO `x5tour_weibo` VALUES ('18', '2', '4', '夢X啦哆', '20141017', '3766698068813666', null, '专业K歌系统，随时随地，想唱就唱', 'Hi-Fi#K歌之王X5#搭载8种经典音效，专业实时耳返。我最喜欢X5的是专业K歌系统，随时随地，想唱就唱。快来说出你最喜欢X5的地方，赢取手机大奖。 http://activity.v.vivogeek.com/x5tour/', '{\"created_at\":\"Fri Oct 17 16:24:22 +0800 2014\",\"id\":3.7666980688137e+15,\"mid\":\"3766698068813666\",\"idstr\":\"3766698068813666\",\"text\":\"Hi-Fi#K\\u6b4c\\u4e4b\\u738bX5#\\u642d\\u8f7d8\\u79cd\\u7ecf\\u5178\\u97f3\\u6548\\uff0c\\u4e13\\u4e1a\\u5b9e\\u65f6\\u8033\\u8fd4\\u3002\\u6211\\u6700\\u559c\\u6b22X5\\u7684\\u662f\\u4e13\\u4e1aK\\u6b4c\\u7cfb\\u7edf\\uff0c\\u968f\\u65f6\\u968f\\u5730\\uff0c\\u60f3\\u5531\\u5c31\\u5531\\u3002\\u5feb\\u6765\\u8bf4\\u51fa\\u4f60\\u6700\\u559c\\u6b22X5\\u7684\\u5730\\u65b9\\uff0c\\u8d62\\u53d6\\u624b\\u673a\\u5927\\u5956\\u3002 http:\\/\\/t.cn\\/RhFN1sm\",\"source\":\"<a href=\\\"http:\\/\\/app.weibo.com\\/t\\/feed\\/1rdpS2\\\" rel=\\\"nofollow\\\">vivo\\u667a\\u80fd\\u624b\\u673aXplay<\\/a>\",\"source_type\":1,\"favorited\":false,\"truncated\":false,\"in_reply_to_status_id\":\"\",\"in_reply_to_user_id\":\"\",\"in_reply_to_screen_name\":\"\",\"pic_urls\":[],\"geo\":null,\"user\":{\"id\":1639222335,\"idstr\":\"1639222335\",\"class\":1,\"screen_name\":\"\\u5922X\\u5566\\u54c6\",\"name\":\"\\u5922X\\u5566\\u54c6\",\"province\":\"44\",\"city\":\"3\",\"location\":\"\\u5e7f\\u4e1c \\u6df1\\u5733\",\"description\":\"\\u6c38\\u8fdc20\\u5c81\\u5605\\u5954\\u4e09\\u9ebb\\u7529\\u4f6c\\uff0c\\u9753\\u4ed4\\u8fc7\\u5218\\u5fb7\\u534e\\uff0c\\u6709\\u578b\\u8fc7\\u6881\\u671d\\u4f1f...\",\"url\":\"http:\\/\\/fwkit.info\\/\",\"profile_image_url\":\"http:\\/\\/tp4.sinaimg.cn\\/1639222335\\/50\\/5663944633\\/1\",\"cover_image_phone\":\"http:\\/\\/ww1.sinaimg.cn\\/crop.0.0.640.640.640\\/6cf8d7ebjw1ehfr4xa8psj20hs0hsgpg.jpg\",\"profile_url\":\"wengee\",\"domain\":\"wengee\",\"weihao\":\"\",\"gender\":\"m\",\"followers_count\":233,\"friends_count\":225,\"pagefriends_count\":0,\"statuses_count\":1200,\"favourites_count\":13,\"created_at\":\"Fri Aug 28 16:34:51 +0800 2009\",\"following\":false,\"allow_all_act_msg\":false,\"geo_enabled\":true,\"verified\":false,\"verified_type\":-1,\"remark\":\"\",\"ptype\":0,\"allow_all_comment\":true,\"avatar_large\":\"http:\\/\\/tp4.sinaimg.cn\\/1639222335\\/180\\/5663944633\\/1\",\"avatar_hd\":\"http:\\/\\/tp4.sinaimg.cn\\/1639222335\\/180\\/5663944633\\/1\",\"verified_reason\":\"\",\"verified_trade\":\"\",\"verified_reason_url\":\"\",\"verified_source\":\"\",\"verified_source_url\":\"\",\"follow_me\":false,\"online_status\":0,\"bi_followers_count\":47,\"lang\":\"zh-cn\",\"star\":0,\"mbtype\":0,\"mbrank\":0,\"block_word\":0,\"block_app\":0,\"credit_score\":0},\"reposts_count\":0,\"comments_count\":0,\"attitudes_count\":0,\"mlevel\":0,\"visible\":{\"type\":0,\"list_id\":0},\"darwin_tags\":[]}', '1413534262', '1413534262');
INSERT INTO `x5tour_weibo` VALUES ('19', '5', '1', 'vivo冯永杰', '20141018', '3767008124012335', null, '啦啦啦，我是卖报的小行家 ', 'Hi-Fi#K歌之王X5#连上音箱，手机瞬间变身麦克风，随时随地停不下来。我要用X5表达我现在的生活状态啦啦啦，我是卖报的小行家 。分享爱，赢手机。 http://activity.v.vivogeek.com/x5tour/', '{\"created_at\":\"Sat Oct 18 12:56:26 +0800 2014\",\"id\":3.7670081240123e+15,\"mid\":\"3767008124012335\",\"idstr\":\"3767008124012335\",\"text\":\"Hi-Fi#K\\u6b4c\\u4e4b\\u738bX5#\\u8fde\\u4e0a\\u97f3\\u7bb1\\uff0c\\u624b\\u673a\\u77ac\\u95f4\\u53d8\\u8eab\\u9ea6\\u514b\\u98ce\\uff0c\\u968f\\u65f6\\u968f\\u5730\\u505c\\u4e0d\\u4e0b\\u6765\\u3002\\u6211\\u8981\\u7528X5\\u8868\\u8fbe\\u6211\\u73b0\\u5728\\u7684\\u751f\\u6d3b\\u72b6\\u6001\\u5566\\u5566\\u5566\\uff0c\\u6211\\u662f\\u5356\\u62a5\\u7684\\u5c0f\\u884c\\u5bb6\\u00a0\\u3002\\u5206\\u4eab\\u7231\\uff0c\\u8d62\\u624b\\u673a\\u3002 http:\\/\\/t.cn\\/RhFN1sm\",\"source\":\"<a href=\\\"http:\\/\\/app.weibo.com\\/t\\/feed\\/1rdpS2\\\" rel=\\\"nofollow\\\">vivo\\u667a\\u80fd\\u624b\\u673aXplay<\\/a>\",\"source_type\":1,\"favorited\":false,\"truncated\":false,\"in_reply_to_status_id\":\"\",\"in_reply_to_user_id\":\"\",\"in_reply_to_screen_name\":\"\",\"pic_urls\":[],\"geo\":null,\"user\":{\"id\":5119209005,\"idstr\":\"5119209005\",\"class\":1,\"screen_name\":\"vivo\\u51af\\u6c38\\u6770\",\"name\":\"vivo\\u51af\\u6c38\\u6770\",\"province\":\"44\",\"city\":\"3\",\"location\":\"\\u5e7f\\u4e1c \\u6df1\\u5733\",\"description\":\"\",\"url\":\"\",\"profile_image_url\":\"http:\\/\\/tp2.sinaimg.cn\\/5119209005\\/50\\/5696384742\\/1\",\"profile_url\":\"u\\/5119209005\",\"domain\":\"\",\"weihao\":\"\",\"gender\":\"m\",\"followers_count\":5,\"friends_count\":55,\"pagefriends_count\":0,\"statuses_count\":50,\"favourites_count\":0,\"created_at\":\"Sun Apr 20 14:33:43 +0800 2014\",\"following\":false,\"allow_all_act_msg\":false,\"geo_enabled\":true,\"verified\":false,\"verified_type\":-1,\"remark\":\"\",\"ptype\":0,\"allow_all_comment\":true,\"avatar_large\":\"http:\\/\\/tp2.sinaimg.cn\\/5119209005\\/180\\/5696384742\\/1\",\"avatar_hd\":\"http:\\/\\/ww4.sinaimg.cn\\/crop.0.0.180.180.1024\\/005ArG7bjw1egw3mkip6fj3050050dfy.jpg\",\"verified_reason\":\"\",\"verified_trade\":\"\",\"verified_reason_url\":\"\",\"verified_source\":\"\",\"verified_source_url\":\"\",\"follow_me\":false,\"online_status\":0,\"bi_followers_count\":1,\"lang\":\"zh-cn\",\"star\":0,\"mbtype\":0,\"mbrank\":0,\"block_word\":0,\"block_app\":0,\"credit_score\":0},\"reposts_count\":0,\"comments_count\":0,\"attitudes_count\":0,\"mlevel\":0,\"visible\":{\"type\":0,\"list_id\":0},\"darwin_tags\":[]}', '1413608188', '1413608188');
INSERT INTO `x5tour_weibo` VALUES ('20', '4', '1', 'vivo冯永杰', '20141018', '3767081294315656', null, '1|2014/10-18/14136256325442372036cf9.jpg', 'Hi-Fi#K歌之王X5#实时消除手机中歌曲原音部分，让我“唱”通无阻，这个feel倍儿爽。独乐乐不如众乐乐，快来和我一起晒K歌囧照，惊喜大奖等你拿！ http://activity.v.vivogeek.com/x5tour/', '{\"created_at\":\"Sat Oct 18 17:47:12 +0800 2014\",\"id\":3.7670812943157e+15,\"mid\":\"3767081294315656\",\"idstr\":\"3767081294315656\",\"text\":\"Hi-Fi#K\\u6b4c\\u4e4b\\u738bX5#\\u5b9e\\u65f6\\u6d88\\u9664\\u624b\\u673a\\u4e2d\\u6b4c\\u66f2\\u539f\\u97f3\\u90e8\\u5206\\uff0c\\u8ba9\\u6211\\u201c\\u5531\\u201d\\u901a\\u65e0\\u963b\\uff0c\\u8fd9\\u4e2afeel\\u500d\\u513f\\u723d\\u3002\\u72ec\\u4e50\\u4e50\\u4e0d\\u5982\\u4f17\\u4e50\\u4e50\\uff0c\\u5feb\\u6765\\u548c\\u6211\\u4e00\\u8d77\\u6652K\\u6b4c\\u56e7\\u7167\\uff0c\\u60ca\\u559c\\u5927\\u5956\\u7b49\\u4f60\\u62ff\\uff01 http:\\/\\/t.cn\\/RhFN1sm\",\"source\":\"<a href=\\\"http:\\/\\/app.weibo.com\\/t\\/feed\\/1rdpS2\\\" rel=\\\"nofollow\\\">vivo\\u667a\\u80fd\\u624b\\u673aXplay<\\/a>\",\"source_type\":1,\"favorited\":false,\"truncated\":false,\"in_reply_to_status_id\":\"\",\"in_reply_to_user_id\":\"\",\"in_reply_to_screen_name\":\"\",\"pic_urls\":[{\"thumbnail_pic\":\"http:\\/\\/ww1.sinaimg.cn\\/thumbnail\\/005ArG7bjw1elfgf6wh1zj30ci08cac7.jpg\"}],\"thumbnail_pic\":\"http:\\/\\/ww1.sinaimg.cn\\/thumbnail\\/005ArG7bjw1elfgf6wh1zj30ci08cac7.jpg\",\"bmiddle_pic\":\"http:\\/\\/ww1.sinaimg.cn\\/bmiddle\\/005ArG7bjw1elfgf6wh1zj30ci08cac7.jpg\",\"original_pic\":\"http:\\/\\/ww1.sinaimg.cn\\/large\\/005ArG7bjw1elfgf6wh1zj30ci08cac7.jpg\",\"geo\":null,\"user\":{\"id\":5119209005,\"idstr\":\"5119209005\",\"class\":1,\"screen_name\":\"vivo\\u51af\\u6c38\\u6770\",\"name\":\"vivo\\u51af\\u6c38\\u6770\",\"province\":\"44\",\"city\":\"3\",\"location\":\"\\u5e7f\\u4e1c \\u6df1\\u5733\",\"description\":\"\",\"url\":\"\",\"profile_image_url\":\"http:\\/\\/tp2.sinaimg.cn\\/5119209005\\/50\\/5696384742\\/1\",\"profile_url\":\"u\\/5119209005\",\"domain\":\"\",\"weihao\":\"\",\"gender\":\"m\",\"followers_count\":5,\"friends_count\":55,\"pagefriends_count\":0,\"statuses_count\":50,\"favourites_count\":0,\"created_at\":\"Sun Apr 20 14:33:43 +0800 2014\",\"following\":false,\"allow_all_act_msg\":false,\"geo_enabled\":true,\"verified\":false,\"verified_type\":-1,\"remark\":\"\",\"ptype\":0,\"allow_all_comment\":true,\"avatar_large\":\"http:\\/\\/tp2.sinaimg.cn\\/5119209005\\/180\\/5696384742\\/1\",\"avatar_hd\":\"http:\\/\\/ww4.sinaimg.cn\\/crop.0.0.180.180.1024\\/005ArG7bjw1egw3mkip6fj3050050dfy.jpg\",\"verified_reason\":\"\",\"verified_trade\":\"\",\"verified_reason_url\":\"\",\"verified_source\":\"\",\"verified_source_url\":\"\",\"follow_me\":false,\"online_status\":0,\"bi_followers_count\":1,\"lang\":\"zh-cn\",\"star\":0,\"mbtype\":0,\"mbrank\":0,\"block_word\":0,\"block_app\":0,\"credit_score\":0},\"reposts_count\":0,\"comments_count\":0,\"attitudes_count\":0,\"mlevel\":0,\"visible\":{\"type\":0,\"list_id\":0},\"darwin_tags\":[]}', '1413625632', '1413625632');
INSERT INTO `x5tour_weibo` VALUES ('21', '4', '1', 'vivo冯永杰', '20141018', '3767082083106659', null, '2|2014/10-18/1413625819544237db4f28f.png', 'Hi-Fi#K歌之王X5#实时消除手机中歌曲原音部分，让我“唱”通无阻，这个feel倍儿爽。独乐乐不如众乐乐，快来和我一起晒K歌囧照，惊喜大奖等你拿！ http://activity.v.vivogeek.com/x5tour/', '{\"created_at\":\"Sat Oct 18 17:50:20 +0800 2014\",\"id\":3.7670820831067e+15,\"mid\":\"3767082083106659\",\"idstr\":\"3767082083106659\",\"text\":\"Hi-Fi#K\\u6b4c\\u4e4b\\u738bX5#\\u5b9e\\u65f6\\u6d88\\u9664\\u624b\\u673a\\u4e2d\\u6b4c\\u66f2\\u539f\\u97f3\\u90e8\\u5206\\uff0c\\u8ba9\\u6211\\u201c\\u5531\\u201d\\u901a\\u65e0\\u963b\\uff0c\\u8fd9\\u4e2afeel\\u500d\\u513f\\u723d\\u3002\\u72ec\\u4e50\\u4e50\\u4e0d\\u5982\\u4f17\\u4e50\\u4e50\\uff0c\\u5feb\\u6765\\u548c\\u6211\\u4e00\\u8d77\\u6652K\\u6b4c\\u56e7\\u7167\\uff0c\\u60ca\\u559c\\u5927\\u5956\\u7b49\\u4f60\\u62ff\\uff01 http:\\/\\/t.cn\\/RhFN1sm\",\"source\":\"<a href=\\\"http:\\/\\/app.weibo.com\\/t\\/feed\\/1rdpS2\\\" rel=\\\"nofollow\\\">vivo\\u667a\\u80fd\\u624b\\u673aXplay<\\/a>\",\"source_type\":1,\"favorited\":false,\"truncated\":false,\"in_reply_to_status_id\":\"\",\"in_reply_to_user_id\":\"\",\"in_reply_to_screen_name\":\"\",\"pic_urls\":[{\"thumbnail_pic\":\"http:\\/\\/ww4.sinaimg.cn\\/thumbnail\\/005ArG7bjw1elfgigbmfsj309606v0tb.jpg\"}],\"thumbnail_pic\":\"http:\\/\\/ww4.sinaimg.cn\\/thumbnail\\/005ArG7bjw1elfgigbmfsj309606v0tb.jpg\",\"bmiddle_pic\":\"http:\\/\\/ww4.sinaimg.cn\\/bmiddle\\/005ArG7bjw1elfgigbmfsj309606v0tb.jpg\",\"original_pic\":\"http:\\/\\/ww4.sinaimg.cn\\/large\\/005ArG7bjw1elfgigbmfsj309606v0tb.jpg\",\"geo\":null,\"user\":{\"id\":5119209005,\"idstr\":\"5119209005\",\"class\":1,\"screen_name\":\"vivo\\u51af\\u6c38\\u6770\",\"name\":\"vivo\\u51af\\u6c38\\u6770\",\"province\":\"44\",\"city\":\"3\",\"location\":\"\\u5e7f\\u4e1c \\u6df1\\u5733\",\"description\":\"\",\"url\":\"\",\"profile_image_url\":\"http:\\/\\/tp2.sinaimg.cn\\/5119209005\\/50\\/5696384742\\/1\",\"profile_url\":\"u\\/5119209005\",\"domain\":\"\",\"weihao\":\"\",\"gender\":\"m\",\"followers_count\":5,\"friends_count\":55,\"pagefriends_count\":0,\"statuses_count\":50,\"favourites_count\":0,\"created_at\":\"Sun Apr 20 14:33:43 +0800 2014\",\"following\":false,\"allow_all_act_msg\":false,\"geo_enabled\":true,\"verified\":false,\"verified_type\":-1,\"remark\":\"\",\"ptype\":0,\"allow_all_comment\":true,\"avatar_large\":\"http:\\/\\/tp2.sinaimg.cn\\/5119209005\\/180\\/5696384742\\/1\",\"avatar_hd\":\"http:\\/\\/ww4.sinaimg.cn\\/crop.0.0.180.180.1024\\/005ArG7bjw1egw3mkip6fj3050050dfy.jpg\",\"verified_reason\":\"\",\"verified_trade\":\"\",\"verified_reason_url\":\"\",\"verified_source\":\"\",\"verified_source_url\":\"\",\"follow_me\":false,\"online_status\":0,\"bi_followers_count\":1,\"lang\":\"zh-cn\",\"star\":0,\"mbtype\":0,\"mbrank\":0,\"block_word\":0,\"block_app\":0,\"credit_score\":0},\"reposts_count\":0,\"comments_count\":0,\"attitudes_count\":0,\"mlevel\":0,\"visible\":{\"type\":0,\"list_id\":0},\"darwin_tags\":[]}', '1413625819', '1413625819');
INSERT INTO `x5tour_weibo` VALUES ('22', '4', '1', 'vivo冯永杰', '20141018', '3767084901593297', null, '3|2014/10-18/141362647554423a6b78888.jpg', 'Hi-Fi#K歌之王X5#实时消除手机中歌曲原音部分，让我“唱”通无阻，这个feel倍儿爽。独乐乐不如众乐乐，快来和我一起晒K歌囧照，惊喜大奖等你拿！ http://activity.v.vivogeek.com/x5tour/', '{\"created_at\":\"Sat Oct 18 18:01:30 +0800 2014\",\"id\":3.7670849015933e+15,\"mid\":\"3767084901593297\",\"idstr\":\"3767084901593297\",\"text\":\"Hi-Fi#K\\u6b4c\\u4e4b\\u738bX5#\\u5b9e\\u65f6\\u6d88\\u9664\\u624b\\u673a\\u4e2d\\u6b4c\\u66f2\\u539f\\u97f3\\u90e8\\u5206\\uff0c\\u8ba9\\u6211\\u201c\\u5531\\u201d\\u901a\\u65e0\\u963b\\uff0c\\u8fd9\\u4e2afeel\\u500d\\u513f\\u723d\\u3002\\u72ec\\u4e50\\u4e50\\u4e0d\\u5982\\u4f17\\u4e50\\u4e50\\uff0c\\u5feb\\u6765\\u548c\\u6211\\u4e00\\u8d77\\u6652K\\u6b4c\\u56e7\\u7167\\uff0c\\u60ca\\u559c\\u5927\\u5956\\u7b49\\u4f60\\u62ff\\uff01 http:\\/\\/t.cn\\/RhFN1sm\",\"source\":\"<a href=\\\"http:\\/\\/app.weibo.com\\/t\\/feed\\/1rdpS2\\\" rel=\\\"nofollow\\\">vivo\\u667a\\u80fd\\u624b\\u673aXplay<\\/a>\",\"source_type\":1,\"favorited\":false,\"truncated\":false,\"in_reply_to_status_id\":\"\",\"in_reply_to_user_id\":\"\",\"in_reply_to_screen_name\":\"\",\"pic_urls\":[{\"thumbnail_pic\":\"http:\\/\\/ww3.sinaimg.cn\\/thumbnail\\/005ArG7bjw1elfgu3ejdoj31kw1661kx.jpg\"}],\"thumbnail_pic\":\"http:\\/\\/ww3.sinaimg.cn\\/thumbnail\\/005ArG7bjw1elfgu3ejdoj31kw1661kx.jpg\",\"bmiddle_pic\":\"http:\\/\\/ww3.sinaimg.cn\\/bmiddle\\/005ArG7bjw1elfgu3ejdoj31kw1661kx.jpg\",\"original_pic\":\"http:\\/\\/ww3.sinaimg.cn\\/large\\/005ArG7bjw1elfgu3ejdoj31kw1661kx.jpg\",\"geo\":null,\"user\":{\"id\":5119209005,\"idstr\":\"5119209005\",\"class\":1,\"screen_name\":\"vivo\\u51af\\u6c38\\u6770\",\"name\":\"vivo\\u51af\\u6c38\\u6770\",\"province\":\"44\",\"city\":\"3\",\"location\":\"\\u5e7f\\u4e1c \\u6df1\\u5733\",\"description\":\"\",\"url\":\"\",\"profile_image_url\":\"http:\\/\\/tp2.sinaimg.cn\\/5119209005\\/50\\/5696384742\\/1\",\"profile_url\":\"u\\/5119209005\",\"domain\":\"\",\"weihao\":\"\",\"gender\":\"m\",\"followers_count\":5,\"friends_count\":55,\"pagefriends_count\":0,\"statuses_count\":50,\"favourites_count\":0,\"created_at\":\"Sun Apr 20 14:33:43 +0800 2014\",\"following\":false,\"allow_all_act_msg\":false,\"geo_enabled\":true,\"verified\":false,\"verified_type\":-1,\"remark\":\"\",\"ptype\":0,\"allow_all_comment\":true,\"avatar_large\":\"http:\\/\\/tp2.sinaimg.cn\\/5119209005\\/180\\/5696384742\\/1\",\"avatar_hd\":\"http:\\/\\/ww4.sinaimg.cn\\/crop.0.0.180.180.1024\\/005ArG7bjw1egw3mkip6fj3050050dfy.jpg\",\"verified_reason\":\"\",\"verified_trade\":\"\",\"verified_reason_url\":\"\",\"verified_source\":\"\",\"verified_source_url\":\"\",\"follow_me\":false,\"online_status\":0,\"bi_followers_count\":1,\"lang\":\"zh-cn\",\"star\":0,\"mbtype\":0,\"mbrank\":0,\"block_word\":0,\"block_app\":0,\"credit_score\":0},\"reposts_count\":0,\"comments_count\":0,\"attitudes_count\":0,\"mlevel\":0,\"visible\":{\"type\":0,\"list_id\":0},\"darwin_tags\":[]}', '1413626475', '1413626475');
INSERT INTO `x5tour_weibo` VALUES ('23', '4', '1', 'vivo冯永杰', '20141018', '3767085262195376', null, '4|2014/10-18/141362656454423ac442983.jpg', 'Hi-Fi#K歌之王X5#实时消除手机中歌曲原音部分，让我“唱”通无阻，这个feel倍儿爽。独乐乐不如众乐乐，快来和我一起晒K歌囧照，惊喜大奖等你拿！ http://activity.v.vivogeek.com/x5tour/', '{\"created_at\":\"Sat Oct 18 18:02:57 +0800 2014\",\"id\":3.7670852621954e+15,\"mid\":\"3767085262195376\",\"idstr\":\"3767085262195376\",\"text\":\"Hi-Fi#K\\u6b4c\\u4e4b\\u738bX5#\\u5b9e\\u65f6\\u6d88\\u9664\\u624b\\u673a\\u4e2d\\u6b4c\\u66f2\\u539f\\u97f3\\u90e8\\u5206\\uff0c\\u8ba9\\u6211\\u201c\\u5531\\u201d\\u901a\\u65e0\\u963b\\uff0c\\u8fd9\\u4e2afeel\\u500d\\u513f\\u723d\\u3002\\u72ec\\u4e50\\u4e50\\u4e0d\\u5982\\u4f17\\u4e50\\u4e50\\uff0c\\u5feb\\u6765\\u548c\\u6211\\u4e00\\u8d77\\u6652K\\u6b4c\\u56e7\\u7167\\uff0c\\u60ca\\u559c\\u5927\\u5956\\u7b49\\u4f60\\u62ff\\uff01 http:\\/\\/t.cn\\/RhFN1sm\",\"source\":\"<a href=\\\"http:\\/\\/app.weibo.com\\/t\\/feed\\/1rdpS2\\\" rel=\\\"nofollow\\\">vivo\\u667a\\u80fd\\u624b\\u673aXplay<\\/a>\",\"source_type\":1,\"favorited\":false,\"truncated\":false,\"in_reply_to_status_id\":\"\",\"in_reply_to_user_id\":\"\",\"in_reply_to_screen_name\":\"\",\"pic_urls\":[{\"thumbnail_pic\":\"http:\\/\\/ww2.sinaimg.cn\\/thumbnail\\/005ArG7bjw1elfgvl7b3zj31kw24qhdt.jpg\"}],\"thumbnail_pic\":\"http:\\/\\/ww2.sinaimg.cn\\/thumbnail\\/005ArG7bjw1elfgvl7b3zj31kw24qhdt.jpg\",\"bmiddle_pic\":\"http:\\/\\/ww2.sinaimg.cn\\/bmiddle\\/005ArG7bjw1elfgvl7b3zj31kw24qhdt.jpg\",\"original_pic\":\"http:\\/\\/ww2.sinaimg.cn\\/large\\/005ArG7bjw1elfgvl7b3zj31kw24qhdt.jpg\",\"geo\":null,\"user\":{\"id\":5119209005,\"idstr\":\"5119209005\",\"class\":1,\"screen_name\":\"vivo\\u51af\\u6c38\\u6770\",\"name\":\"vivo\\u51af\\u6c38\\u6770\",\"province\":\"44\",\"city\":\"3\",\"location\":\"\\u5e7f\\u4e1c \\u6df1\\u5733\",\"description\":\"\",\"url\":\"\",\"profile_image_url\":\"http:\\/\\/tp2.sinaimg.cn\\/5119209005\\/50\\/5696384742\\/1\",\"profile_url\":\"u\\/5119209005\",\"domain\":\"\",\"weihao\":\"\",\"gender\":\"m\",\"followers_count\":5,\"friends_count\":55,\"pagefriends_count\":0,\"statuses_count\":50,\"favourites_count\":0,\"created_at\":\"Sun Apr 20 14:33:43 +0800 2014\",\"following\":false,\"allow_all_act_msg\":false,\"geo_enabled\":true,\"verified\":false,\"verified_type\":-1,\"remark\":\"\",\"ptype\":0,\"allow_all_comment\":true,\"avatar_large\":\"http:\\/\\/tp2.sinaimg.cn\\/5119209005\\/180\\/5696384742\\/1\",\"avatar_hd\":\"http:\\/\\/ww4.sinaimg.cn\\/crop.0.0.180.180.1024\\/005ArG7bjw1egw3mkip6fj3050050dfy.jpg\",\"verified_reason\":\"\",\"verified_trade\":\"\",\"verified_reason_url\":\"\",\"verified_source\":\"\",\"verified_source_url\":\"\",\"follow_me\":false,\"online_status\":0,\"bi_followers_count\":1,\"lang\":\"zh-cn\",\"star\":0,\"mbtype\":0,\"mbrank\":0,\"block_word\":0,\"block_app\":0,\"credit_score\":0},\"reposts_count\":0,\"comments_count\":0,\"attitudes_count\":0,\"mlevel\":0,\"visible\":{\"type\":0,\"list_id\":0},\"darwin_tags\":[]}', '1413626564', '1413626564');
INSERT INTO `x5tour_weibo` VALUES ('24', '4', '1', 'vivo冯永杰', '20141018', '3767092748328021', null, '5|2014/10-18/1413628363544241cb87f75.jpg', 'Hi-Fi#K歌之王X5#实时消除手机中歌曲原音部分，让我“唱”通无阻，这个feel倍儿爽。独乐乐不如众乐乐，快来和我一起晒K歌囧照，惊喜大奖等你拿！ http://activity.v.vivogeek.com/x5tour/', '{\"created_at\":\"Sat Oct 18 18:32:42 +0800 2014\",\"id\":3.767092748328e+15,\"mid\":\"3767092748328021\",\"idstr\":\"3767092748328021\",\"text\":\"Hi-Fi#K\\u6b4c\\u4e4b\\u738bX5#\\u5b9e\\u65f6\\u6d88\\u9664\\u624b\\u673a\\u4e2d\\u6b4c\\u66f2\\u539f\\u97f3\\u90e8\\u5206\\uff0c\\u8ba9\\u6211\\u201c\\u5531\\u201d\\u901a\\u65e0\\u963b\\uff0c\\u8fd9\\u4e2afeel\\u500d\\u513f\\u723d\\u3002\\u72ec\\u4e50\\u4e50\\u4e0d\\u5982\\u4f17\\u4e50\\u4e50\\uff0c\\u5feb\\u6765\\u548c\\u6211\\u4e00\\u8d77\\u6652K\\u6b4c\\u56e7\\u7167\\uff0c\\u60ca\\u559c\\u5927\\u5956\\u7b49\\u4f60\\u62ff\\uff01 http:\\/\\/t.cn\\/RhFN1sm\",\"source\":\"<a href=\\\"http:\\/\\/app.weibo.com\\/t\\/feed\\/1rdpS2\\\" rel=\\\"nofollow\\\">vivo\\u667a\\u80fd\\u624b\\u673aXplay<\\/a>\",\"source_type\":1,\"favorited\":false,\"truncated\":false,\"in_reply_to_status_id\":\"\",\"in_reply_to_user_id\":\"\",\"in_reply_to_screen_name\":\"\",\"pic_urls\":[{\"thumbnail_pic\":\"http:\\/\\/ww1.sinaimg.cn\\/thumbnail\\/005ArG7bjw1elfhqk4lx8j30ci08cac7.jpg\"}],\"thumbnail_pic\":\"http:\\/\\/ww1.sinaimg.cn\\/thumbnail\\/005ArG7bjw1elfhqk4lx8j30ci08cac7.jpg\",\"bmiddle_pic\":\"http:\\/\\/ww1.sinaimg.cn\\/bmiddle\\/005ArG7bjw1elfhqk4lx8j30ci08cac7.jpg\",\"original_pic\":\"http:\\/\\/ww1.sinaimg.cn\\/large\\/005ArG7bjw1elfhqk4lx8j30ci08cac7.jpg\",\"geo\":null,\"user\":{\"id\":5119209005,\"idstr\":\"5119209005\",\"class\":1,\"screen_name\":\"vivo\\u51af\\u6c38\\u6770\",\"name\":\"vivo\\u51af\\u6c38\\u6770\",\"province\":\"44\",\"city\":\"3\",\"location\":\"\\u5e7f\\u4e1c \\u6df1\\u5733\",\"description\":\"\",\"url\":\"\",\"profile_image_url\":\"http:\\/\\/tp2.sinaimg.cn\\/5119209005\\/50\\/5696384742\\/1\",\"profile_url\":\"u\\/5119209005\",\"domain\":\"\",\"weihao\":\"\",\"gender\":\"m\",\"followers_count\":5,\"friends_count\":55,\"pagefriends_count\":0,\"statuses_count\":50,\"favourites_count\":0,\"created_at\":\"Sun Apr 20 14:33:43 +0800 2014\",\"following\":false,\"allow_all_act_msg\":false,\"geo_enabled\":true,\"verified\":false,\"verified_type\":-1,\"remark\":\"\",\"ptype\":0,\"allow_all_comment\":true,\"avatar_large\":\"http:\\/\\/tp2.sinaimg.cn\\/5119209005\\/180\\/5696384742\\/1\",\"avatar_hd\":\"http:\\/\\/ww4.sinaimg.cn\\/crop.0.0.180.180.1024\\/005ArG7bjw1egw3mkip6fj3050050dfy.jpg\",\"verified_reason\":\"\",\"verified_trade\":\"\",\"verified_reason_url\":\"\",\"verified_source\":\"\",\"verified_source_url\":\"\",\"follow_me\":false,\"online_status\":0,\"bi_followers_count\":1,\"lang\":\"zh-cn\",\"star\":0,\"mbtype\":0,\"mbrank\":0,\"block_word\":0,\"block_app\":0,\"credit_score\":0},\"reposts_count\":0,\"comments_count\":0,\"attitudes_count\":0,\"mlevel\":0,\"visible\":{\"type\":0,\"list_id\":0},\"darwin_tags\":[]}', '1413628363', '1413628363');
INSERT INTO `x5tour_weibo` VALUES ('25', '4', '1', 'vivo冯永杰', '20141018', '3767092870376803', null, '6|2014/10-18/1413628383544241df40bb5.png', 'Hi-Fi#K歌之王X5#实时消除手机中歌曲原音部分，让我“唱”通无阻，这个feel倍儿爽。独乐乐不如众乐乐，快来和我一起晒K歌囧照，惊喜大奖等你拿！ http://activity.v.vivogeek.com/x5tour/', '{\"created_at\":\"Sat Oct 18 18:33:10 +0800 2014\",\"id\":3.7670928703768e+15,\"mid\":\"3767092870376803\",\"idstr\":\"3767092870376803\",\"text\":\"Hi-Fi#K\\u6b4c\\u4e4b\\u738bX5#\\u5b9e\\u65f6\\u6d88\\u9664\\u624b\\u673a\\u4e2d\\u6b4c\\u66f2\\u539f\\u97f3\\u90e8\\u5206\\uff0c\\u8ba9\\u6211\\u201c\\u5531\\u201d\\u901a\\u65e0\\u963b\\uff0c\\u8fd9\\u4e2afeel\\u500d\\u513f\\u723d\\u3002\\u72ec\\u4e50\\u4e50\\u4e0d\\u5982\\u4f17\\u4e50\\u4e50\\uff0c\\u5feb\\u6765\\u548c\\u6211\\u4e00\\u8d77\\u6652K\\u6b4c\\u56e7\\u7167\\uff0c\\u60ca\\u559c\\u5927\\u5956\\u7b49\\u4f60\\u62ff\\uff01 http:\\/\\/t.cn\\/RhFN1sm\",\"source\":\"<a href=\\\"http:\\/\\/app.weibo.com\\/t\\/feed\\/1rdpS2\\\" rel=\\\"nofollow\\\">vivo\\u667a\\u80fd\\u624b\\u673aXplay<\\/a>\",\"source_type\":1,\"favorited\":false,\"truncated\":false,\"in_reply_to_status_id\":\"\",\"in_reply_to_user_id\":\"\",\"in_reply_to_screen_name\":\"\",\"pic_urls\":[{\"thumbnail_pic\":\"http:\\/\\/ww4.sinaimg.cn\\/thumbnail\\/005ArG7bjw1elfhr1x6gxj30v90wsdqu.jpg\"}],\"thumbnail_pic\":\"http:\\/\\/ww4.sinaimg.cn\\/thumbnail\\/005ArG7bjw1elfhr1x6gxj30v90wsdqu.jpg\",\"bmiddle_pic\":\"http:\\/\\/ww4.sinaimg.cn\\/bmiddle\\/005ArG7bjw1elfhr1x6gxj30v90wsdqu.jpg\",\"original_pic\":\"http:\\/\\/ww4.sinaimg.cn\\/large\\/005ArG7bjw1elfhr1x6gxj30v90wsdqu.jpg\",\"geo\":null,\"user\":{\"id\":5119209005,\"idstr\":\"5119209005\",\"class\":1,\"screen_name\":\"vivo\\u51af\\u6c38\\u6770\",\"name\":\"vivo\\u51af\\u6c38\\u6770\",\"province\":\"44\",\"city\":\"3\",\"location\":\"\\u5e7f\\u4e1c \\u6df1\\u5733\",\"description\":\"\",\"url\":\"\",\"profile_image_url\":\"http:\\/\\/tp2.sinaimg.cn\\/5119209005\\/50\\/5696384742\\/1\",\"profile_url\":\"u\\/5119209005\",\"domain\":\"\",\"weihao\":\"\",\"gender\":\"m\",\"followers_count\":5,\"friends_count\":55,\"pagefriends_count\":0,\"statuses_count\":50,\"favourites_count\":0,\"created_at\":\"Sun Apr 20 14:33:43 +0800 2014\",\"following\":false,\"allow_all_act_msg\":false,\"geo_enabled\":true,\"verified\":false,\"verified_type\":-1,\"remark\":\"\",\"ptype\":0,\"allow_all_comment\":true,\"avatar_large\":\"http:\\/\\/tp2.sinaimg.cn\\/5119209005\\/180\\/5696384742\\/1\",\"avatar_hd\":\"http:\\/\\/ww4.sinaimg.cn\\/crop.0.0.180.180.1024\\/005ArG7bjw1egw3mkip6fj3050050dfy.jpg\",\"verified_reason\":\"\",\"verified_trade\":\"\",\"verified_reason_url\":\"\",\"verified_source\":\"\",\"verified_source_url\":\"\",\"follow_me\":false,\"online_status\":0,\"bi_followers_count\":1,\"lang\":\"zh-cn\",\"star\":0,\"mbtype\":0,\"mbrank\":0,\"block_word\":0,\"block_app\":0,\"credit_score\":0},\"reposts_count\":0,\"comments_count\":0,\"attitudes_count\":0,\"mlevel\":0,\"visible\":{\"type\":0,\"list_id\":0},\"darwin_tags\":[]}', '1413628383', '1413628383');
INSERT INTO `x5tour_weibo` VALUES ('26', '4', '1', '神圣的测试员', '20141103', '3772780288077917', null, '7|2014/11-03/14149843855456f2c111996.png', 'Hi-Fi#K歌之王X5#实时消除手机中歌曲原音部分，让我“唱”通无阻，这个feel倍儿爽。独乐乐不如众乐乐，快来和我一起晒K歌囧照，惊喜大奖等你拿！ http://activity.v.vivogeek.com/x5tour/', '{\"created_at\":\"Mon Nov 03 11:12:58 +0800 2014\",\"id\":3.7727802880779e+15,\"mid\":\"3772780288077917\",\"idstr\":\"3772780288077917\",\"text\":\"Hi-Fi#K\\u6b4c\\u4e4b\\u738bX5#\\u5b9e\\u65f6\\u6d88\\u9664\\u624b\\u673a\\u4e2d\\u6b4c\\u66f2\\u539f\\u97f3\\u90e8\\u5206\\uff0c\\u8ba9\\u6211\\u201c\\u5531\\u201d\\u901a\\u65e0\\u963b\\uff0c\\u8fd9\\u4e2afeel\\u500d\\u513f\\u723d\\u3002\\u72ec\\u4e50\\u4e50\\u4e0d\\u5982\\u4f17\\u4e50\\u4e50\\uff0c\\u5feb\\u6765\\u548c\\u6211\\u4e00\\u8d77\\u6652K\\u6b4c\\u56e7\\u7167\\uff0c\\u60ca\\u559c\\u5927\\u5956\\u7b49\\u4f60\\u62ff\\uff01 http:\\/\\/t.cn\\/RhFN1sm\",\"source\":\"<a href=\\\"http:\\/\\/app.weibo.com\\/t\\/feed\\/1rdpS2\\\" rel=\\\"nofollow\\\">vivo\\u667a\\u80fd\\u624b\\u673aXplay<\\/a>\",\"source_type\":1,\"favorited\":false,\"truncated\":false,\"in_reply_to_status_id\":\"\",\"in_reply_to_user_id\":\"\",\"in_reply_to_screen_name\":\"\",\"pic_urls\":[{\"thumbnail_pic\":\"http:\\/\\/ww3.sinaimg.cn\\/thumbnail\\/005ArG7bjw1elxmxxgrbbj30l40kjadk.jpg\"}],\"thumbnail_pic\":\"http:\\/\\/ww3.sinaimg.cn\\/thumbnail\\/005ArG7bjw1elxmxxgrbbj30l40kjadk.jpg\",\"bmiddle_pic\":\"http:\\/\\/ww3.sinaimg.cn\\/bmiddle\\/005ArG7bjw1elxmxxgrbbj30l40kjadk.jpg\",\"original_pic\":\"http:\\/\\/ww3.sinaimg.cn\\/large\\/005ArG7bjw1elxmxxgrbbj30l40kjadk.jpg\",\"geo\":null,\"user\":{\"id\":5119209005,\"idstr\":\"5119209005\",\"class\":1,\"screen_name\":\"\\u795e\\u5723\\u7684\\u6d4b\\u8bd5\\u5458\",\"name\":\"\\u795e\\u5723\\u7684\\u6d4b\\u8bd5\\u5458\",\"province\":\"44\",\"city\":\"3\",\"location\":\"\\u5e7f\\u4e1c \\u6df1\\u5733\",\"description\":\"\",\"url\":\"\",\"profile_image_url\":\"http:\\/\\/tp2.sinaimg.cn\\/5119209005\\/50\\/5696384742\\/1\",\"profile_url\":\"u\\/5119209005\",\"domain\":\"\",\"weihao\":\"\",\"gender\":\"m\",\"followers_count\":7,\"friends_count\":57,\"pagefriends_count\":0,\"statuses_count\":58,\"favourites_count\":0,\"created_at\":\"Sun Apr 20 14:33:43 +0800 2014\",\"following\":false,\"allow_all_act_msg\":false,\"geo_enabled\":true,\"verified\":false,\"verified_type\":-1,\"remark\":\"\",\"ptype\":0,\"allow_all_comment\":true,\"avatar_large\":\"http:\\/\\/tp2.sinaimg.cn\\/5119209005\\/180\\/5696384742\\/1\",\"avatar_hd\":\"http:\\/\\/ww4.sinaimg.cn\\/crop.0.0.180.180.1024\\/005ArG7bjw1egw3mkip6fj3050050dfy.jpg\",\"verified_reason\":\"\",\"verified_trade\":\"\",\"verified_reason_url\":\"\",\"verified_source\":\"\",\"verified_source_url\":\"\",\"follow_me\":false,\"online_status\":0,\"bi_followers_count\":1,\"lang\":\"zh-cn\",\"star\":0,\"mbtype\":0,\"mbrank\":0,\"block_word\":0,\"block_app\":0,\"credit_score\":80},\"reposts_count\":0,\"comments_count\":0,\"attitudes_count\":0,\"mlevel\":0,\"visible\":{\"type\":0,\"list_id\":0},\"darwin_tags\":[]}', '1414984384', '1414984384');

-- ----------------------------
-- Table structure for xianglepai_signin
-- ----------------------------
DROP TABLE IF EXISTS `xianglepai_signin`;
CREATE TABLE `xianglepai_signin` (
  `id` int(11) unsigned NOT NULL AUTO_INCREMENT,
  `userId` int(11) NOT NULL,
  `nickname` varchar(90) DEFAULT NULL,
  `date` varchar(10) DEFAULT NULL,
  `createTime` int(10) NOT NULL,
  `updateTime` int(10) NOT NULL,
  PRIMARY KEY (`id`),
  KEY `userId_date` (`userId`,`date`) USING BTREE
) ENGINE=InnoDB AUTO_INCREMENT=10 DEFAULT CHARSET=utf8;

-- ----------------------------
-- Records of xianglepai_signin
-- ----------------------------
INSERT INTO `xianglepai_signin` VALUES ('1', '1', 'vivo冯永杰', '20141021', '1413862049', '1413862049');
INSERT INTO `xianglepai_signin` VALUES ('2', '1', 'vivo冯永杰', '20141021', '1413862051', '1413862051');
INSERT INTO `xianglepai_signin` VALUES ('3', '1', 'vivo冯永杰', '20141021', '1413862052', '1413862052');
INSERT INTO `xianglepai_signin` VALUES ('4', '1', 'vivo冯永杰', '20141021', '1413862066', '1413862066');
INSERT INTO `xianglepai_signin` VALUES ('5', '3', 'Fung Wing Kit', '20141021', '1413876274', '1413876274');
INSERT INTO `xianglepai_signin` VALUES ('6', '2', '多唠多德', '20141021', '1413878364', '1413878364');
INSERT INTO `xianglepai_signin` VALUES ('7', '1', 'vivo冯永杰', '20141023', '1414049632', '1414049632');
INSERT INTO `xianglepai_signin` VALUES ('8', '1', '神圣的测试员', '20141124', '1416814576', '1416814576');
INSERT INTO `xianglepai_signin` VALUES ('9', '1', '神圣的测试员', '20141210', '1418201098', '1418201098');

-- ----------------------------
-- Table structure for xianglepai_stat
-- ----------------------------
DROP TABLE IF EXISTS `xianglepai_stat`;
CREATE TABLE `xianglepai_stat` (
  `userId` int(11) unsigned NOT NULL,
  `drawTotal` int(11) unsigned NOT NULL DEFAULT '0',
  `drawLeft` int(11) unsigned NOT NULL DEFAULT '0',
  `createTime` int(10) NOT NULL,
  `updateTime` int(10) NOT NULL,
  PRIMARY KEY (`userId`)
) ENGINE=InnoDB DEFAULT CHARSET=utf8;

-- ----------------------------
-- Records of xianglepai_stat
-- ----------------------------
INSERT INTO `xianglepai_stat` VALUES ('1', '21', '14', '1413862026', '1413862026');
INSERT INTO `xianglepai_stat` VALUES ('2', '3', '2', '1413878364', '1413878364');
INSERT INTO `xianglepai_stat` VALUES ('3', '3', '332', '1413876274', '1413876274');

-- ----------------------------
-- Table structure for xshot_photo
-- ----------------------------
DROP TABLE IF EXISTS `xshot_photo`;
CREATE TABLE `xshot_photo` (
  `id` int(11) unsigned NOT NULL AUTO_INCREMENT,
  `filename` varchar(64) NOT NULL,
  `author` varchar(64) DEFAULT NULL,
  `make` varchar(128) DEFAULT NULL,
  `model` varchar(128) DEFAULT NULL,
  `exposureTime` varchar(16) DEFAULT NULL,
  `iso` int(11) DEFAULT NULL,
  `fNumber` varchar(16) DEFAULT NULL,
  `exposureBiasValue` int(11) DEFAULT NULL,
  `exif` text,
  `sort` int(11) NOT NULL DEFAULT '0',
  `createTime` int(10) NOT NULL,
  `updateTime` int(10) NOT NULL,
  PRIMARY KEY (`id`),
  UNIQUE KEY `filename` (`filename`) USING BTREE
) ENGINE=InnoDB AUTO_INCREMENT=42 DEFAULT CHARSET=utf8;

-- ----------------------------
-- Records of xshot_photo
-- ----------------------------
INSERT INTO `xshot_photo` VALUES ('1', '1002.jpg', '@老歌', 'vivo', 'vivo Xshot', '1/120', '100', '1.8', '0', '{\"FileName\":\"1002.jpg\",\"FileDateTime\":1414037302,\"FileSize\":659990,\"FileType\":2,\"MimeType\":\"image\\/jpeg\",\"SectionsFound\":\"ANY_TAG, IFD0, THUMBNAIL, EXIF, GPS\",\"COMPUTED\":{\"html\":\"width=\\\"1000\\\" height=\\\"667\\\"\",\"Height\":667,\"Width\":1000,\"IsColor\":1,\"ByteOrderMotorola\":0,\"ApertureFNumber\":\"f\\/1.8\",\"Thumbnail.FileType\":2,\"Thumbnail.MimeType\":\"image\\/jpeg\"},\"Make\":\"vivo\",\"Model\":\"vivo Xshot\",\"Orientation\":1,\"XResolution\":\"240\\/1\",\"YResolution\":\"240\\/1\",\"ResolutionUnit\":2,\"Software\":\"Adobe Photoshop CC (Windows)\",\"DateTime\":\"2014:06:15 22:53:51\",\"Exif_IFD_Pointer\":216,\"GPS_IFD_Pointer\":460,\"THUMBNAIL\":{\"Compression\":6,\"XResolution\":\"240\\/1\",\"YResolution\":\"240\\/1\",\"ResolutionUnit\":2,\"JPEGInterchangeFormat\":622,\"JPEGInterchangeFormatLength\":4516},\"ExposureTime\":\"1\\/120\",\"FNumber\":\"18\\/10\",\"ISOSpeedRatings\":100,\"ExifVersion\":\"0220\",\"DateTimeOriginal\":\"2014:06:15 19:29:35\",\"DateTimeDigitized\":\"2002:12:08 12:00:00\",\"ShutterSpeedValue\":\"6906891\\/1000000\",\"ApertureValue\":\"1695994\\/1000000\",\"Flash\":16,\"FocalLength\":\"4600\\/1000\",\"ColorSpace\":65535,\"ExifImageWidth\":4160,\"ExifImageLength\":2774,\"GPSTimeStamp\":[\"11\\/1\",\"29\\/1\",\"34\\/1\"],\"GPSDateStamp\":\"2014:06:15\"}', '0', '1414140191', '1414140191');
INSERT INTO `xshot_photo` VALUES ('2', '1003.jpg', '@男丁昕', 'vivo', 'vivo X710L', '1/24', '100', null, '0', '{\"FileName\":\"1003.jpg\",\"FileDateTime\":1414037302,\"FileSize\":280770,\"FileType\":2,\"MimeType\":\"image\\/jpeg\",\"SectionsFound\":\"ANY_TAG, IFD0, THUMBNAIL, EXIF, GPS, INTEROP\",\"COMPUTED\":{\"html\":\"width=\\\"1000\\\" height=\\\"750\\\"\",\"Height\":750,\"Width\":1000,\"IsColor\":1,\"ByteOrderMotorola\":1,\"ApertureFNumber\":\"f\\/1.8\",\"Thumbnail.FileType\":2,\"Thumbnail.MimeType\":\"image\\/jpeg\"},\"Make\":\"vivo\",\"Model\":\"vivo X710L\",\"XResolution\":\"72\\/1\",\"YResolution\":\"72\\/1\",\"ResolutionUnit\":2,\"YCbCrPositioning\":1,\"Exif_IFD_Pointer\":150,\"GPS_IFD_Pointer\":458,\"THUMBNAIL\":{\"Compression\":6,\"XResolution\":\"72\\/1\",\"YResolution\":\"72\\/1\",\"ResolutionUnit\":2,\"JPEGInterchangeFormat\":618,\"JPEGInterchangeFormatLength\":18399},\"ExposureTime\":\"1\\/24\",\"ISOSpeedRatings\":100,\"ExifVersion\":\"0220\",\"DateTimeOriginal\":\"2014:09:04 05:13:54\",\"DateTimeDigitized\":\"2002:12:08 12:00:00\",\"ComponentsConfiguration\":\"\\u0001\\u0002\\u0003\\u0000\",\"ShutterSpeedValue\":\"4584\\/1000\",\"ApertureValue\":\"169\\/100\",\"ExposureBiasValue\":\"0\\/6\",\"Flash\":16,\"FocalLength\":\"4600\\/1000\",\"FlashPixVersion\":\"0100\",\"ColorSpace\":1,\"ExifImageWidth\":4160,\"ExifImageLength\":3120,\"InteroperabilityOffset\":428,\"GPSTimeStamp\":[\"21\\/1\",\"13\\/1\",\"53\\/1\"],\"GPSDateStamp\":\"2014:09:03\",\"InterOperabilityIndex\":\"R98\",\"InterOperabilityVersion\":\"0100\"}', '0', '1414140191', '1414140191');
INSERT INTO `xshot_photo` VALUES ('3', '1004.jpg', '@和平', 'vivo', 'vivo Xshot', '1/2734', '100', null, '0', '{\"FileName\":\"1004.jpg\",\"FileDateTime\":1414037302,\"FileSize\":387587,\"FileType\":2,\"MimeType\":\"image\\/jpeg\",\"SectionsFound\":\"ANY_TAG, IFD0, THUMBNAIL, EXIF, GPS, INTEROP\",\"COMPUTED\":{\"html\":\"width=\\\"1000\\\" height=\\\"682\\\"\",\"Height\":682,\"Width\":1000,\"IsColor\":0,\"ByteOrderMotorola\":1,\"ApertureFNumber\":\"f\\/1.8\",\"Thumbnail.FileType\":2,\"Thumbnail.MimeType\":\"image\\/jpeg\"},\"Make\":\"vivo\",\"Model\":\"vivo Xshot\",\"XResolution\":\"72\\/1\",\"YResolution\":\"72\\/1\",\"ResolutionUnit\":2,\"YCbCrPositioning\":1,\"Exif_IFD_Pointer\":150,\"GPS_IFD_Pointer\":458,\"THUMBNAIL\":{\"Compression\":6,\"XResolution\":\"72\\/1\",\"YResolution\":\"72\\/1\",\"ResolutionUnit\":2,\"JPEGInterchangeFormat\":618,\"JPEGInterchangeFormatLength\":21125},\"ExposureTime\":\"1\\/2734\",\"ISOSpeedRatings\":100,\"ExifVersion\":\"0220\",\"DateTimeOriginal\":\"2014:09:05 14:48:51\",\"DateTimeDigitized\":\"2002:12:08 12:00:00\",\"ComponentsConfiguration\":\"\\u0001\\u0002\\u0003\\u0000\",\"ShutterSpeedValue\":\"11416\\/1000\",\"ApertureValue\":\"169\\/100\",\"ExposureBiasValue\":\"0\\/6\",\"Flash\":16,\"FocalLength\":\"4600\\/1000\",\"FlashPixVersion\":\"0100\",\"ColorSpace\":1,\"ExifImageWidth\":2560,\"ExifImageLength\":1920,\"InteroperabilityOffset\":428,\"GPSTimeStamp\":[\"6\\/1\",\"48\\/1\",\"51\\/1\"],\"GPSDateStamp\":\"2014:09:05\",\"InterOperabilityIndex\":\"R98\",\"InterOperabilityVersion\":\"0100\"}', '0', '1414140191', '1414140191');
INSERT INTO `xshot_photo` VALUES ('4', '1005.jpg', '@飞扬', 'vivo', 'vivo Xshot', '1/566', '100', null, '0', '{\"FileName\":\"1005.jpg\",\"FileDateTime\":1414037302,\"FileSize\":333799,\"FileType\":2,\"MimeType\":\"image\\/jpeg\",\"SectionsFound\":\"ANY_TAG, IFD0, THUMBNAIL, EXIF, GPS, INTEROP\",\"COMPUTED\":{\"html\":\"width=\\\"1000\\\" height=\\\"750\\\"\",\"Height\":750,\"Width\":1000,\"IsColor\":0,\"ByteOrderMotorola\":1,\"ApertureFNumber\":\"f\\/1.8\",\"Thumbnail.FileType\":2,\"Thumbnail.MimeType\":\"image\\/jpeg\"},\"Make\":\"vivo\",\"Model\":\"vivo Xshot\",\"XResolution\":\"72\\/1\",\"YResolution\":\"72\\/1\",\"ResolutionUnit\":2,\"YCbCrPositioning\":1,\"Exif_IFD_Pointer\":150,\"GPS_IFD_Pointer\":458,\"THUMBNAIL\":{\"Compression\":6,\"XResolution\":\"72\\/1\",\"YResolution\":\"72\\/1\",\"ResolutionUnit\":2,\"JPEGInterchangeFormat\":618,\"JPEGInterchangeFormatLength\":21860},\"ExposureTime\":\"1\\/566\",\"ISOSpeedRatings\":100,\"ExifVersion\":\"0220\",\"DateTimeOriginal\":\"2014:07:19 15:10:45\",\"DateTimeDigitized\":\"2002:12:08 12:00:00\",\"ComponentsConfiguration\":\"\\u0001\\u0002\\u0003\\u0000\",\"ShutterSpeedValue\":\"9145\\/1000\",\"ApertureValue\":\"169\\/100\",\"ExposureBiasValue\":\"0\\/6\",\"Flash\":16,\"FocalLength\":\"4600\\/1000\",\"FlashPixVersion\":\"0100\",\"ColorSpace\":1,\"ExifImageWidth\":2560,\"ExifImageLength\":1920,\"InteroperabilityOffset\":428,\"GPSTimeStamp\":[\"7\\/1\",\"10\\/1\",\"45\\/1\"],\"GPSDateStamp\":\"2014:07:19\",\"InterOperabilityIndex\":\"R98\",\"InterOperabilityVersion\":\"0100\"}', '0', '1414140191', '1414140191');
INSERT INTO `xshot_photo` VALUES ('5', '1006.jpg', '@渺茫', 'vivo', 'vivo Xshot', '1/3200', '100', '1.8', '0', '{\"FileName\":\"1006.jpg\",\"FileDateTime\":1414037303,\"FileSize\":439255,\"FileType\":2,\"MimeType\":\"image\\/jpeg\",\"SectionsFound\":\"ANY_TAG, IFD0, THUMBNAIL, EXIF, GPS\",\"COMPUTED\":{\"html\":\"width=\\\"1000\\\" height=\\\"667\\\"\",\"Height\":667,\"Width\":1000,\"IsColor\":0,\"ByteOrderMotorola\":0,\"ApertureFNumber\":\"f\\/1.8\",\"Thumbnail.FileType\":2,\"Thumbnail.MimeType\":\"image\\/jpeg\"},\"Make\":\"vivo\",\"Model\":\"vivo Xshot\",\"Orientation\":1,\"XResolution\":\"240\\/1\",\"YResolution\":\"240\\/1\",\"ResolutionUnit\":2,\"Software\":\"Adobe Photoshop CC (Windows)\",\"DateTime\":\"2014:06:19 10:11:23\",\"Exif_IFD_Pointer\":216,\"GPS_IFD_Pointer\":460,\"THUMBNAIL\":{\"Compression\":6,\"XResolution\":\"240\\/1\",\"YResolution\":\"240\\/1\",\"ResolutionUnit\":2,\"JPEGInterchangeFormat\":622,\"JPEGInterchangeFormatLength\":6772},\"ExposureTime\":\"1\\/3200\",\"FNumber\":\"18\\/10\",\"ISOSpeedRatings\":100,\"ExifVersion\":\"0220\",\"DateTimeOriginal\":\"2014:06:15 13:38:42\",\"DateTimeDigitized\":\"2002:12:08 12:00:00\",\"ShutterSpeedValue\":\"11643856\\/1000000\",\"ApertureValue\":\"1695994\\/1000000\",\"Flash\":16,\"FocalLength\":\"4600\\/1000\",\"ColorSpace\":65535,\"ExifImageWidth\":4083,\"ExifImageLength\":2722,\"GPSTimeStamp\":[\"5\\/1\",\"38\\/1\",\"42\\/1\"],\"GPSDateStamp\":\"2014:06:15\"}', '0', '1414140191', '1414140191');
INSERT INTO `xshot_photo` VALUES ('6', '1013.jpg', '@穆杉伯男', 'vivo', 'vivo Xshot', '1/8700', '101', '1.8', '0', '{\"FileName\":\"1013.jpg\",\"FileDateTime\":1414037306,\"FileSize\":522441,\"FileType\":2,\"MimeType\":\"image\\/jpeg\",\"SectionsFound\":\"ANY_TAG, IFD0, THUMBNAIL, EXIF, GPS\",\"COMPUTED\":{\"html\":\"width=\\\"745\\\" height=\\\"1000\\\"\",\"Height\":1000,\"Width\":745,\"IsColor\":1,\"ByteOrderMotorola\":0,\"ApertureFNumber\":\"f\\/1.8\",\"Thumbnail.FileType\":2,\"Thumbnail.MimeType\":\"image\\/jpeg\"},\"Make\":\"vivo\",\"Model\":\"vivo Xshot\",\"Orientation\":1,\"XResolution\":\"240\\/1\",\"YResolution\":\"240\\/1\",\"ResolutionUnit\":2,\"Software\":\"Adobe Photoshop CS5 Windows\",\"DateTime\":\"2014:08:09 21:21:45\",\"Exif_IFD_Pointer\":216,\"GPS_IFD_Pointer\":460,\"THUMBNAIL\":{\"Compression\":6,\"XResolution\":\"240\\/1\",\"YResolution\":\"240\\/1\",\"ResolutionUnit\":2,\"JPEGInterchangeFormat\":622,\"JPEGInterchangeFormatLength\":11435},\"ExposureTime\":\"1\\/8700\",\"FNumber\":\"18\\/10\",\"ISOSpeedRatings\":101,\"ExifVersion\":\"0220\",\"DateTimeOriginal\":\"2014:07:24 03:01:30\",\"DateTimeDigitized\":\"2002:12:08 12:00:00\",\"ShutterSpeedValue\":\"130868\\/10000\",\"ApertureValue\":\"1695994\\/1000000\",\"Flash\":16,\"FocalLength\":\"4600\\/1000\",\"ColorSpace\":1,\"ExifImageWidth\":2949,\"ExifImageLength\":3957,\"GPSTimeStamp\":[\"6\\/1\",\"1\\/1\",\"29\\/1\"],\"GPSDateStamp\":\"2014:07:24\"}', '0', '1414140191', '1414140191');
INSERT INTO `xshot_photo` VALUES ('7', '1021.jpg', '@悠闲牛仔', 'vivo', 'vivo Xshot', '3/100', '200', '1.8', '0', '{\"FileName\":\"1021.jpg\",\"FileDateTime\":1414037309,\"FileSize\":151680,\"FileType\":2,\"MimeType\":\"image\\/jpeg\",\"SectionsFound\":\"ANY_TAG, IFD0, EXIF, GPS\",\"COMPUTED\":{\"html\":\"width=\\\"1000\\\" height=\\\"750\\\"\",\"Height\":750,\"Width\":1000,\"IsColor\":1,\"ByteOrderMotorola\":0,\"ApertureFNumber\":\"f\\/1.8\"},\"ISOSpeedRatings\":200,\"Orientation\":0,\"Model\":\"vivo Xshot\",\"DateTimeOriginal\":\"2014:08:15 21:51:27\",\"MeteringMode\":65535,\"ImageLength\":3120,\"FocalLength\":\"4600\\/1000\",\"Flash\":16,\"LightSource\":0,\"DateTime\":\"2014:07:19 20:19:29\",\"ExposureTime\":\"3\\/100\",\"FNumber\":\"18\\/10\",\"ImageWidth\":4160,\"Make\":\"vivo\",\"GPS_IFD_Pointer\":288,\"Exif_IFD_Pointer\":449,\"JPEGInterchangeFormat\":479,\"JPEGInterchangeFormatLength\":12542,\"GPSTimeStamp\":[\"12\\/1\",\"19\\/1\",\"28\\/1\"],\"GPSLatitudeRef\":\"N\",\"GPSLongitude\":[\"116\\/1\",\"28\\/1\",\"1\\/1\"],\"GPSLongitudeRef\":\"E\",\"GPSDateStamp\":\"2014:07:19\",\"GPSLatitude\":[\"39\\/1\",\"56\\/1\",\"6\\/1\"]}', '0', '1414140191', '1414140191');
INSERT INTO `xshot_photo` VALUES ('8', '1022.jpg', '@卧松观海', 'vivo', 'vivo X710L', '1/50', '174', null, '-12', '{\"FileName\":\"1022.jpg\",\"FileDateTime\":1414037309,\"FileSize\":165070,\"FileType\":2,\"MimeType\":\"image\\/jpeg\",\"SectionsFound\":\"ANY_TAG, IFD0, THUMBNAIL, EXIF, GPS, INTEROP\",\"COMPUTED\":{\"html\":\"width=\\\"1000\\\" height=\\\"750\\\"\",\"Height\":750,\"Width\":1000,\"IsColor\":1,\"ByteOrderMotorola\":1,\"ApertureFNumber\":\"f\\/1.8\",\"Thumbnail.FileType\":2,\"Thumbnail.MimeType\":\"image\\/jpeg\"},\"Make\":\"vivo\",\"Model\":\"vivo X710L\",\"XResolution\":\"72\\/1\",\"YResolution\":\"72\\/1\",\"ResolutionUnit\":2,\"YCbCrPositioning\":1,\"Exif_IFD_Pointer\":150,\"GPS_IFD_Pointer\":458,\"THUMBNAIL\":{\"Compression\":6,\"XResolution\":\"72\\/1\",\"YResolution\":\"72\\/1\",\"ResolutionUnit\":2,\"JPEGInterchangeFormat\":618,\"JPEGInterchangeFormatLength\":8985},\"ExposureTime\":\"1\\/50\",\"ISOSpeedRatings\":174,\"ExifVersion\":\"0220\",\"DateTimeOriginal\":\"2014:09:02 13:06:41\",\"DateTimeDigitized\":\"2002:12:08 12:00:00\",\"ComponentsConfiguration\":\"\\u0001\\u0002\\u0003\\u0000\",\"ShutterSpeedValue\":\"5643\\/1000\",\"ApertureValue\":\"169\\/100\",\"ExposureBiasValue\":\"-12\\/6\",\"Flash\":16,\"FocalLength\":\"4600\\/1000\",\"FlashPixVersion\":\"0100\",\"ColorSpace\":1,\"ExifImageWidth\":3200,\"ExifImageLength\":2400,\"InteroperabilityOffset\":428,\"GPSTimeStamp\":[\"5\\/1\",\"6\\/1\",\"41\\/1\"],\"GPSDateStamp\":\"2014:09:02\",\"InterOperabilityIndex\":\"R98\",\"InterOperabilityVersion\":\"0100\"}', '0', '1414140191', '1414140191');
INSERT INTO `xshot_photo` VALUES ('9', '1026.jpg', '@鹏霄万里', 'vivo', 'vivo X710L', '32/1', '200', '1.8', '0', '{\"FileName\":\"1026.jpg\",\"FileDateTime\":1414037311,\"FileSize\":237280,\"FileType\":2,\"MimeType\":\"image\\/jpeg\",\"SectionsFound\":\"ANY_TAG, IFD0, THUMBNAIL, EXIF\",\"COMPUTED\":{\"html\":\"width=\\\"1000\\\" height=\\\"750\\\"\",\"Height\":750,\"Width\":1000,\"IsColor\":1,\"ByteOrderMotorola\":0,\"ApertureFNumber\":\"f\\/1.8\",\"Thumbnail.FileType\":2,\"Thumbnail.MimeType\":\"image\\/jpeg\"},\"Make\":\"vivo\",\"Model\":\"vivo X710L\",\"XResolution\":\"240\\/1\",\"YResolution\":\"240\\/1\",\"ResolutionUnit\":2,\"Software\":\"Adobe Photoshop Lightroom 4.4 (Windows)\",\"DateTime\":\"2014:08:08 17:06:34\",\"Exif_IFD_Pointer\":204,\"THUMBNAIL\":{\"Compression\":6,\"XResolution\":\"240\\/1\",\"YResolution\":\"240\\/1\",\"ResolutionUnit\":2,\"JPEGInterchangeFormat\":524,\"JPEGInterchangeFormatLength\":12276},\"ExposureTime\":\"32\\/1\",\"FNumber\":\"18\\/10\",\"ISOSpeedRatings\":200,\"ExifVersion\":\"0230\",\"DateTimeOriginal\":\"2014:08:06 20:19:11\",\"DateTimeDigitized\":\"2014:08:06 20:19:11\",\"ShutterSpeedValue\":\"-5\\/1\",\"ApertureValue\":\"1695994\\/1000000\",\"ExposureBiasValue\":\"0\\/6\",\"Flash\":16,\"FocalLength\":\"4600\\/1000\"}', '0', '1414140191', '1414140191');
INSERT INTO `xshot_photo` VALUES ('10', '1032.jpg', '@jeep杨', 'vivo', 'vivo Xshot', '1/1600', '101', '1.8', '0', '{\"FileName\":\"1032.jpg\",\"FileDateTime\":1414037313,\"FileSize\":341088,\"FileType\":2,\"MimeType\":\"image\\/jpeg\",\"SectionsFound\":\"ANY_TAG, IFD0, THUMBNAIL, EXIF, GPS\",\"COMPUTED\":{\"html\":\"width=\\\"1000\\\" height=\\\"625\\\"\",\"Height\":625,\"Width\":1000,\"IsColor\":1,\"ByteOrderMotorola\":0,\"ApertureFNumber\":\"f\\/1.8\",\"Thumbnail.FileType\":2,\"Thumbnail.MimeType\":\"image\\/jpeg\"},\"Make\":\"vivo\",\"Model\":\"vivo Xshot\",\"Orientation\":1,\"XResolution\":\"300\\/1\",\"YResolution\":\"300\\/1\",\"ResolutionUnit\":2,\"Software\":\"Adobe Photoshop CC 2014 (Windows)\",\"DateTime\":\"2014:06:19 13:08:10\",\"Exif_IFD_Pointer\":220,\"GPS_IFD_Pointer\":464,\"THUMBNAIL\":{\"Compression\":6,\"XResolution\":\"300\\/1\",\"YResolution\":\"300\\/1\",\"ResolutionUnit\":2,\"JPEGInterchangeFormat\":626,\"JPEGInterchangeFormatLength\":6176},\"ExposureTime\":\"1\\/1600\",\"FNumber\":\"18\\/10\",\"ISOSpeedRatings\":101,\"ExifVersion\":\"0220\",\"DateTimeOriginal\":\"2014:06:14 10:43:23\",\"DateTimeDigitized\":\"2002:12:08 12:00:00\",\"ShutterSpeedValue\":\"10643856\\/1000000\",\"ApertureValue\":\"1695994\\/1000000\",\"Flash\":16,\"FocalLength\":\"4600\\/1000\",\"ColorSpace\":1,\"ExifImageWidth\":4160,\"ExifImageLength\":2600,\"GPSTimeStamp\":[\"2\\/1\",\"43\\/1\",\"22\\/1\"],\"GPSDateStamp\":\"2014:06:14\"}', '0', '1414140191', '1414140191');
INSERT INTO `xshot_photo` VALUES ('11', '1034.jpg', '@jeep杨', 'vivo', 'vivo Xshot', '1/5037', '100', null, '0', '{\"FileName\":\"1034.jpg\",\"FileDateTime\":1414037313,\"FileSize\":136443,\"FileType\":2,\"MimeType\":\"image\\/jpeg\",\"SectionsFound\":\"ANY_TAG, IFD0, EXIF, GPS, INTEROP\",\"COMPUTED\":{\"html\":\"width=\\\"1000\\\" height=\\\"667\\\"\",\"Height\":667,\"Width\":1000,\"IsColor\":1,\"ByteOrderMotorola\":1,\"ApertureFNumber\":\"f\\/1.8\"},\"Make\":\"vivo\",\"Model\":\"vivo Xshot\",\"XResolution\":\"72\\/1\",\"YResolution\":\"72\\/1\",\"ResolutionUnit\":2,\"Software\":\"Snapseed 1.6\",\"DateTime\":\"2014:06:29 05:16:32\",\"YCbCrPositioning\":1,\"Exif_IFD_Pointer\":207,\"GPS_IFD_Pointer\":465,\"ExposureTime\":\"1\\/5037\",\"ISOSpeedRatings\":100,\"ExifVersion\":\"0220\",\"DateTimeOriginal\":\"2014:06:29 05:13:04\",\"DateTimeDigitized\":\"2002:12:08 12:00:00\",\"ComponentsConfiguration\":\"\\u0001\\u0002\\u0003\\u0000\",\"ShutterSpeedValue\":\"12298\\/1000\",\"ApertureValue\":\"169\\/100\",\"Flash\":16,\"FocalLength\":\"4600\\/1000\",\"FlashPixVersion\":\"0100\",\"ColorSpace\":1,\"ExifImageWidth\":3191,\"ExifImageLength\":2127,\"InteroperabilityOffset\":530,\"GPSTimeStamp\":[\"21\\/1\",\"13\\/1\",\"3\\/1\"],\"GPSDateStamp\":\"2014:06:28\",\"InterOperabilityIndex\":\"R98\",\"InterOperabilityVersion\":\"0100\"}', '0', '1414140191', '1414140191');
INSERT INTO `xshot_photo` VALUES ('12', '1036.jpg', '@jeep杨', 'vivo', 'vivo Xshot', '1/493', '100', null, '0', '{\"FileName\":\"1036.jpg\",\"FileDateTime\":1414037314,\"FileSize\":156028,\"FileType\":2,\"MimeType\":\"image\\/jpeg\",\"SectionsFound\":\"ANY_TAG, IFD0, EXIF, GPS, INTEROP\",\"COMPUTED\":{\"html\":\"width=\\\"1000\\\" height=\\\"750\\\"\",\"Height\":750,\"Width\":1000,\"IsColor\":1,\"ByteOrderMotorola\":1,\"ApertureFNumber\":\"f\\/1.8\"},\"Make\":\"vivo\",\"Model\":\"vivo Xshot\",\"XResolution\":\"72\\/1\",\"YResolution\":\"72\\/1\",\"ResolutionUnit\":2,\"Software\":\"Snapseed 1.6\",\"DateTime\":\"2014:07:02 10:28:12\",\"YCbCrPositioning\":1,\"Exif_IFD_Pointer\":207,\"GPS_IFD_Pointer\":465,\"ExposureTime\":\"1\\/493\",\"ISOSpeedRatings\":100,\"ExifVersion\":\"0220\",\"DateTimeOriginal\":\"2014:07:02 05:31:52\",\"DateTimeDigitized\":\"2002:12:08 12:00:00\",\"ComponentsConfiguration\":\"\\u0001\\u0002\\u0003\\u0000\",\"ShutterSpeedValue\":\"8945\\/1000\",\"ApertureValue\":\"169\\/100\",\"Flash\":16,\"FocalLength\":\"4600\\/1000\",\"FlashPixVersion\":\"0100\",\"ColorSpace\":1,\"ExifImageWidth\":3200,\"ExifImageLength\":2400,\"InteroperabilityOffset\":530,\"GPSTimeStamp\":[\"21\\/1\",\"31\\/1\",\"52\\/1\"],\"GPSDateStamp\":\"2014:07:01\",\"InterOperabilityIndex\":\"R98\",\"InterOperabilityVersion\":\"0100\"}', '0', '1414140191', '1414140191');
INSERT INTO `xshot_photo` VALUES ('13', '2001.jpg', '@椿三十郎', null, null, null, null, null, '0', '{\"FileName\":\"2001.jpg\",\"FileDateTime\":1414037301,\"FileSize\":596414,\"FileType\":2,\"MimeType\":\"image\\/jpeg\",\"SectionsFound\":\"ANY_TAG, IFD0, EXIF\",\"COMPUTED\":{\"html\":\"width=\\\"1000\\\" height=\\\"750\\\"\",\"Height\":750,\"Width\":1000,\"IsColor\":1,\"ByteOrderMotorola\":1},\"Orientation\":1,\"Exif_IFD_Pointer\":38,\"ColorSpace\":1,\"ExifImageWidth\":2048,\"ExifImageLength\":1536}', '0', '1414140191', '1414140191');
INSERT INTO `xshot_photo` VALUES ('14', '2008.jpg', '@幻影骑士苏杭', 'vivo', 'vivo Xshot', '1/33', '187', null, '0', '{\"FileName\":\"2008.jpg\",\"FileDateTime\":1414037304,\"FileSize\":289663,\"FileType\":2,\"MimeType\":\"image\\/jpeg\",\"SectionsFound\":\"ANY_TAG, IFD0, THUMBNAIL, EXIF, GPS, INTEROP\",\"COMPUTED\":{\"html\":\"width=\\\"1000\\\" height=\\\"750\\\"\",\"Height\":750,\"Width\":1000,\"IsColor\":1,\"ByteOrderMotorola\":1,\"ApertureFNumber\":\"f\\/1.8\",\"Thumbnail.FileType\":2,\"Thumbnail.MimeType\":\"image\\/jpeg\"},\"Make\":\"vivo\",\"Model\":\"vivo Xshot\",\"XResolution\":\"72\\/1\",\"YResolution\":\"72\\/1\",\"ResolutionUnit\":2,\"YCbCrPositioning\":1,\"Exif_IFD_Pointer\":150,\"GPS_IFD_Pointer\":438,\"THUMBNAIL\":{\"Compression\":6,\"XResolution\":\"72\\/1\",\"YResolution\":\"72\\/1\",\"ResolutionUnit\":2,\"JPEGInterchangeFormat\":750,\"JPEGInterchangeFormatLength\":17819},\"ExposureTime\":\"1\\/33\",\"ISOSpeedRatings\":187,\"ExifVersion\":\"0220\",\"DateTimeOriginal\":\"2014:06:12 15:30:26\",\"DateTimeDigitized\":\"2002:12:08 12:00:00\",\"ComponentsConfiguration\":\"\\u0001\\u0002\\u0003\\u0000\",\"ShutterSpeedValue\":\"5058\\/1000\",\"ApertureValue\":\"169\\/100\",\"Flash\":16,\"FocalLength\":\"4600\\/1000\",\"FlashPixVersion\":\"0100\",\"ColorSpace\":1,\"ExifImageWidth\":4160,\"ExifImageLength\":3120,\"InteroperabilityOffset\":408,\"GPSLatitudeRef\":\"N\",\"GPSLatitude\":[\"39\\/1\",\"49\\/1\",\"357705\\/10000\"],\"GPSLongitudeRef\":\"E\",\"GPSLongitude\":[\"116\\/1\",\"17\\/1\",\"502331\\/10000\"],\"GPSAltitudeRef\":\"\\u0001\",\"GPSAltitude\":\"147000\\/1000\",\"GPSTimeStamp\":[\"7\\/1\",\"30\\/1\",\"25\\/1\"],\"GPSProcessingMode\":\"ASCII\",\"GPSDateStamp\":\"2014:06:12\",\"InterOperabilityIndex\":\"R98\",\"InterOperabilityVersion\":\"0100\"}', '0', '1414140191', '1414140191');
INSERT INTO `xshot_photo` VALUES ('15', '2012.jpg', '@B-NUT大花生', 'vivo', 'vivo Xshot', '1/2036', '100', null, '0', '{\"FileName\":\"2012.jpg\",\"FileDateTime\":1414037305,\"FileSize\":175410,\"FileType\":2,\"MimeType\":\"image\\/jpeg\",\"SectionsFound\":\"ANY_TAG, IFD0, THUMBNAIL, EXIF, GPS, INTEROP\",\"COMPUTED\":{\"html\":\"width=\\\"750\\\" height=\\\"1000\\\"\",\"Height\":1000,\"Width\":750,\"IsColor\":1,\"ByteOrderMotorola\":1,\"ApertureFNumber\":\"f\\/1.8\",\"Thumbnail.FileType\":2,\"Thumbnail.MimeType\":\"image\\/jpeg\"},\"Make\":\"vivo\",\"Model\":\"vivo Xshot\",\"XResolution\":\"72\\/1\",\"YResolution\":\"72\\/1\",\"ResolutionUnit\":2,\"YCbCrPositioning\":1,\"Exif_IFD_Pointer\":150,\"GPS_IFD_Pointer\":438,\"THUMBNAIL\":{\"Compression\":6,\"XResolution\":\"72\\/1\",\"YResolution\":\"72\\/1\",\"ResolutionUnit\":2,\"JPEGInterchangeFormat\":598,\"JPEGInterchangeFormatLength\":9904},\"ExposureTime\":\"1\\/2036\",\"ISOSpeedRatings\":100,\"ExifVersion\":\"0220\",\"DateTimeOriginal\":\"2014:07:29 18:21:41\",\"DateTimeDigitized\":\"2002:12:08 12:00:00\",\"ComponentsConfiguration\":\"\\u0001\\u0002\\u0003\\u0000\",\"ShutterSpeedValue\":\"10991\\/1000\",\"ApertureValue\":\"169\\/100\",\"Flash\":16,\"FocalLength\":\"4600\\/1000\",\"FlashPixVersion\":\"0100\",\"ColorSpace\":1,\"ExifImageWidth\":3120,\"ExifImageLength\":4160,\"InteroperabilityOffset\":408,\"GPSTimeStamp\":[\"10\\/1\",\"21\\/1\",\"41\\/1\"],\"GPSDateStamp\":\"2014:07:29\",\"InterOperabilityIndex\":\"R98\",\"InterOperabilityVersion\":\"0100\"}', '0', '1414140191', '1414140191');
INSERT INTO `xshot_photo` VALUES ('16', '2015.jpg', '@行序', 'vivo', 'vivo Xshot', '1/100', '153', null, '-6', '{\"FileName\":\"2015.jpg\",\"FileDateTime\":1414037306,\"FileSize\":71898,\"FileType\":2,\"MimeType\":\"image\\/jpeg\",\"SectionsFound\":\"ANY_TAG, IFD0, THUMBNAIL, EXIF, GPS, INTEROP\",\"COMPUTED\":{\"html\":\"width=\\\"1000\\\" height=\\\"750\\\"\",\"Height\":750,\"Width\":1000,\"IsColor\":1,\"ByteOrderMotorola\":1,\"ApertureFNumber\":\"f\\/1.8\",\"Thumbnail.FileType\":2,\"Thumbnail.MimeType\":\"image\\/jpeg\"},\"Make\":\"vivo\",\"Model\":\"vivo Xshot\",\"XResolution\":\"72\\/1\",\"YResolution\":\"72\\/1\",\"ResolutionUnit\":2,\"YCbCrPositioning\":1,\"Exif_IFD_Pointer\":150,\"GPS_IFD_Pointer\":458,\"THUMBNAIL\":{\"Compression\":6,\"XResolution\":\"72\\/1\",\"YResolution\":\"72\\/1\",\"ResolutionUnit\":2,\"JPEGInterchangeFormat\":618,\"JPEGInterchangeFormatLength\":4693},\"ExposureTime\":\"1\\/100\",\"ISOSpeedRatings\":153,\"ExifVersion\":\"0220\",\"DateTimeOriginal\":\"2014:07:12 09:26:02\",\"DateTimeDigitized\":\"2002:12:08 12:00:00\",\"ComponentsConfiguration\":\"\\u0001\\u0002\\u0003\\u0000\",\"ShutterSpeedValue\":\"6643\\/1000\",\"ApertureValue\":\"169\\/100\",\"ExposureBiasValue\":\"-6\\/6\",\"Flash\":16,\"FocalLength\":\"4600\\/1000\",\"FlashPixVersion\":\"0100\",\"ColorSpace\":1,\"ExifImageWidth\":4160,\"ExifImageLength\":3120,\"InteroperabilityOffset\":428,\"GPSTimeStamp\":[\"1\\/1\",\"26\\/1\",\"1\\/1\"],\"GPSDateStamp\":\"2014:07:12\",\"InterOperabilityIndex\":\"R98\",\"InterOperabilityVersion\":\"0100\"}', '0', '1414140191', '1414140191');
INSERT INTO `xshot_photo` VALUES ('17', '2017.jpg', '@搜虎', 'vivo', 'vivo Xshot', '1/322', '100', '1.8', '0', '{\"FileName\":\"2017.jpg\",\"FileDateTime\":1414037307,\"FileSize\":790948,\"FileType\":2,\"MimeType\":\"image\\/jpeg\",\"SectionsFound\":\"ANY_TAG, IFD0, THUMBNAIL, EXIF, GPS, INTEROP\",\"COMPUTED\":{\"html\":\"width=\\\"862\\\" height=\\\"1000\\\"\",\"Height\":1000,\"Width\":862,\"IsColor\":1,\"ByteOrderMotorola\":1,\"ApertureFNumber\":\"f\\/1.8\",\"Thumbnail.FileType\":2,\"Thumbnail.MimeType\":\"image\\/jpeg\"},\"ImageWidth\":3120,\"ImageLength\":4160,\"BitsPerSample\":[8,8,8],\"PhotometricInterpretation\":2,\"Make\":\"vivo\",\"Model\":\"vivo Xshot\",\"Orientation\":1,\"SamplesPerPixel\":3,\"XResolution\":\"72\\/1\",\"YResolution\":\"72\\/1\",\"ResolutionUnit\":2,\"Software\":\"Adobe Photoshop CS6 (Windows)\",\"DateTime\":\"2014:07:11 16:31:23\",\"YCbCrPositioning\":1,\"Exif_IFD_Pointer\":304,\"GPS_IFD_Pointer\":636,\"THUMBNAIL\":{\"Compression\":6,\"XResolution\":\"72\\/1\",\"YResolution\":\"72\\/1\",\"ResolutionUnit\":2,\"JPEGInterchangeFormat\":798,\"JPEGInterchangeFormatLength\":9834},\"ExposureTime\":\"1\\/322\",\"FNumber\":\"18\\/10\",\"ISOSpeedRatings\":100,\"ExifVersion\":\"0220\",\"DateTimeOriginal\":\"2014:07:08 14:56:25\",\"DateTimeDigitized\":\"2002:12:08 12:00:00\",\"ComponentsConfiguration\":\"\\u0001\\u0002\\u0003\\u0000\",\"ShutterSpeedValue\":\"8331\\/1000\",\"ApertureValue\":\"169\\/100\",\"ExposureBiasValue\":\"0\\/6\",\"Flash\":24,\"FocalLength\":\"4600\\/1000\",\"FlashPixVersion\":\"0100\",\"ColorSpace\":1,\"ExifImageWidth\":3120,\"ExifImageLength\":3620,\"InteroperabilityOffset\":604,\"GPSTimeStamp\":[\"6\\/1\",\"56\\/1\",\"25\\/1\"],\"GPSDateStamp\":\"2014:07:08\",\"InterOperabilityIndex\":\"R98\",\"InterOperabilityVersion\":\"0100\"}', '0', '1414140191', '1414140191');
INSERT INTO `xshot_photo` VALUES ('18', '2018.jpg', '@叶子童鞋', 'vivo', 'vivo Xshot', '1/33', '300', '1.8', '0', '{\"FileName\":\"2018.jpg\",\"FileDateTime\":1414037308,\"FileSize\":779363,\"FileType\":2,\"MimeType\":\"image\\/jpeg\",\"SectionsFound\":\"ANY_TAG, IFD0, THUMBNAIL, EXIF, GPS, INTEROP\",\"COMPUTED\":{\"html\":\"width=\\\"703\\\" height=\\\"1000\\\"\",\"Height\":1000,\"Width\":703,\"IsColor\":1,\"ByteOrderMotorola\":1,\"ApertureFNumber\":\"f\\/1.8\",\"UserComment\":\"Processed with VSCOcam with m5 preset\",\"Copyright\":\"COPYRIGHT 2014. ALL RIGHTS RESERVED\",\"Thumbnail.FileType\":2,\"Thumbnail.MimeType\":\"image\\/jpeg\"},\"ImageWidth\":3120,\"ImageLength\":4160,\"BitsPerSample\":[8,8,8],\"PhotometricInterpretation\":2,\"ImageDescription\":\"Processed with VSCOcam with m5 preset\",\"Make\":\"vivo\",\"Model\":\"vivo Xshot\",\"Orientation\":1,\"SamplesPerPixel\":3,\"XResolution\":\"72\\/1\",\"YResolution\":\"72\\/1\",\"ResolutionUnit\":2,\"Software\":\"Adobe Photoshop CS6 (Windows)\",\"DateTime\":\"2014:09:20 12:11:10\",\"YCbCrPositioning\":1,\"Copyright\":\"COPYRIGHT 2014. ALL RIGHTS RESERVED\",\"Exif_IFD_Pointer\":400,\"GPS_IFD_Pointer\":780,\"THUMBNAIL\":{\"Compression\":6,\"XResolution\":\"72\\/1\",\"YResolution\":\"72\\/1\",\"ResolutionUnit\":2,\"JPEGInterchangeFormat\":942,\"JPEGInterchangeFormatLength\":9816},\"ExposureTime\":\"1\\/33\",\"FNumber\":\"18\\/10\",\"ISOSpeedRatings\":300,\"ExifVersion\":\"0220\",\"DateTimeOriginal\":\"2014:08:04 18:37:55\",\"DateTimeDigitized\":\"2002:12:08 12:00:00\",\"ComponentsConfiguration\":\"\\u0001\\u0002\\u0003\\u0000\",\"ShutterSpeedValue\":\"5058\\/1000\",\"ApertureValue\":\"169\\/100\",\"ExposureBiasValue\":\"0\\/6\",\"Flash\":16,\"FocalLength\":\"4600\\/1000\",\"UserComment\":\"Processed with VSCOcam with m5 preset\",\"FlashPixVersion\":\"0100\",\"ColorSpace\":1,\"ExifImageWidth\":2801,\"ExifImageLength\":3985,\"InteroperabilityOffset\":748,\"GPSTimeStamp\":[\"10\\/1\",\"37\\/1\",\"55\\/1\"],\"GPSDateStamp\":\"2014:08:04\",\"InterOperabilityIndex\":\"R98\",\"InterOperabilityVersion\":\"0100\"}', '0', '1414140191', '1414140191');
INSERT INTO `xshot_photo` VALUES ('19', '2019.jpg', '@婧宝宝', null, null, null, null, null, '0', '{\"FileName\":\"2019.jpg\",\"FileDateTime\":1414037308,\"FileSize\":97377,\"FileType\":2,\"MimeType\":\"image\\/jpeg\",\"SectionsFound\":\"\",\"COMPUTED\":{\"html\":\"width=\\\"1000\\\" height=\\\"1000\\\"\",\"Height\":1000,\"Width\":1000,\"IsColor\":0}}', '0', '1414140191', '1414140191');
INSERT INTO `xshot_photo` VALUES ('20', '2020.jpg', '@Pinky黄悦', 'vivo', 'vivo Xshot', '1/33', '200', null, '0', '{\"FileName\":\"2020.jpg\",\"FileDateTime\":1414037308,\"FileSize\":475034,\"FileType\":2,\"MimeType\":\"image\\/jpeg\",\"SectionsFound\":\"ANY_TAG, IFD0, THUMBNAIL, EXIF, GPS, INTEROP\",\"COMPUTED\":{\"html\":\"width=\\\"750\\\" height=\\\"1000\\\"\",\"Height\":1000,\"Width\":750,\"IsColor\":1,\"ByteOrderMotorola\":1,\"ApertureFNumber\":\"f\\/1.8\",\"UserComment\":\"Processed with VSCOcam with g3 preset\",\"Copyright\":\"COPYRIGHT 2014. ALL RIGHTS RESERVED\"},\"Software\":\"VSCOcam Android Version: v2.4 (105)\",\"GPS_IFD_Pointer\":633,\"Copyright\":\"COPYRIGHT 2014. ALL RIGHTS RESERVED\",\"Model\":\"vivo Xshot\",\"Exif_IFD_Pointer\":296,\"YCbCrPositioning\":1,\"YResolution\":\"72\\/1\",\"ResolutionUnit\":2,\"XResolution\":\"72\\/1\",\"ImageDescription\":\"Processed with VSCOcam with g3 preset\",\"Make\":\"vivo\",\"THUMBNAIL\":{\"YResolution\":\"72\\/1\",\"ResolutionUnit\":2,\"XResolution\":\"72\\/1\",\"Compression\":6},\"ApertureValue\":\"169\\/100\",\"InteroperabilityOffset\":603,\"DateTimeDigitized\":\"2002:12:08 12:00:00\",\"ShutterSpeedValue\":\"5058\\/1000\",\"ColorSpace\":1,\"DateTimeOriginal\":\"2014:07:15 14:50:28\",\"FlashPixVersion\":\"0100\",\"ExifImageLength\":4160,\"ExifVersion\":\"0220\",\"ExifImageWidth\":3120,\"FocalLength\":\"4600\\/1000\",\"Flash\":16,\"UserComment\":\"Processed with VSCOcam with g3 preset\",\"ExposureTime\":\"1\\/33\",\"ISOSpeedRatings\":200,\"ComponentsConfiguration\":\"\\u0001\\u0002\\u0003\\u0000\",\"GPSDateStamp\":\"2014:07:15\",\"GPSTimeStamp\":[\"6\\/1\",\"50\\/1\",\"28\\/1\"],\"InterOperabilityIndex\":\"R98\",\"InterOperabilityVersion\":\"0100\"}', '0', '1414140191', '1414140191');
INSERT INTO `xshot_photo` VALUES ('21', '2024.jpg', '@灰の太郎', 'vivo', 'vivo Xshot', '1/100', '167', null, '0', '{\"FileName\":\"2024.jpg\",\"FileDateTime\":1414037310,\"FileSize\":158914,\"FileType\":2,\"MimeType\":\"image\\/jpeg\",\"SectionsFound\":\"ANY_TAG, IFD0, THUMBNAIL, EXIF, GPS, INTEROP\",\"COMPUTED\":{\"html\":\"width=\\\"750\\\" height=\\\"1000\\\"\",\"Height\":1000,\"Width\":750,\"IsColor\":1,\"ByteOrderMotorola\":1,\"ApertureFNumber\":\"f\\/1.8\",\"Thumbnail.FileType\":2,\"Thumbnail.MimeType\":\"image\\/jpeg\"},\"Make\":\"vivo\",\"Model\":\"vivo Xshot\",\"XResolution\":\"72\\/1\",\"YResolution\":\"72\\/1\",\"ResolutionUnit\":2,\"YCbCrPositioning\":1,\"Exif_IFD_Pointer\":150,\"GPS_IFD_Pointer\":438,\"THUMBNAIL\":{\"Compression\":6,\"XResolution\":\"72\\/1\",\"YResolution\":\"72\\/1\",\"ResolutionUnit\":2,\"JPEGInterchangeFormat\":598,\"JPEGInterchangeFormatLength\":6430},\"ExposureTime\":\"1\\/100\",\"ISOSpeedRatings\":167,\"ExifVersion\":\"0220\",\"DateTimeOriginal\":\"2014:06:09 19:48:50\",\"DateTimeDigitized\":\"2002:12:08 12:00:00\",\"ComponentsConfiguration\":\"\\u0001\\u0002\\u0003\\u0000\",\"ShutterSpeedValue\":\"6643\\/1000\",\"ApertureValue\":\"169\\/100\",\"Flash\":16,\"FocalLength\":\"4600\\/1000\",\"FlashPixVersion\":\"0100\",\"ColorSpace\":1,\"ExifImageWidth\":3120,\"ExifImageLength\":4160,\"InteroperabilityOffset\":408,\"GPSTimeStamp\":[\"11\\/1\",\"48\\/1\",\"50\\/1\"],\"GPSDateStamp\":\"2014:06:09\",\"InterOperabilityIndex\":\"R98\",\"InterOperabilityVersion\":\"0100\"}', '0', '1414140191', '1414140191');
INSERT INTO `xshot_photo` VALUES ('22', '2025.jpg', '@米镜Nano', 'vivo', 'vivo Xshot', '1/127', '100', null, '0', '{\"FileName\":\"2025.jpg\",\"FileDateTime\":1414037310,\"FileSize\":127495,\"FileType\":2,\"MimeType\":\"image\\/jpeg\",\"SectionsFound\":\"ANY_TAG, IFD0, THUMBNAIL, EXIF, GPS, INTEROP\",\"COMPUTED\":{\"html\":\"width=\\\"1000\\\" height=\\\"750\\\"\",\"Height\":750,\"Width\":1000,\"IsColor\":1,\"ByteOrderMotorola\":1,\"ApertureFNumber\":\"f\\/1.8\",\"Thumbnail.FileType\":2,\"Thumbnail.MimeType\":\"image\\/jpeg\"},\"Make\":\"vivo\",\"Model\":\"vivo Xshot\",\"XResolution\":\"72\\/1\",\"YResolution\":\"72\\/1\",\"ResolutionUnit\":2,\"YCbCrPositioning\":1,\"Exif_IFD_Pointer\":150,\"GPS_IFD_Pointer\":458,\"THUMBNAIL\":{\"Compression\":6,\"XResolution\":\"72\\/1\",\"YResolution\":\"72\\/1\",\"ResolutionUnit\":2,\"JPEGInterchangeFormat\":770,\"JPEGInterchangeFormatLength\":5851},\"ExposureTime\":\"1\\/127\",\"ISOSpeedRatings\":100,\"ExifVersion\":\"0220\",\"DateTimeOriginal\":\"2014:07:30 18:57:52\",\"DateTimeDigitized\":\"2002:12:08 12:00:00\",\"ComponentsConfiguration\":\"\\u0001\\u0002\\u0003\\u0000\",\"ShutterSpeedValue\":\"6993\\/1000\",\"ApertureValue\":\"169\\/100\",\"ExposureBiasValue\":\"0\\/6\",\"Flash\":16,\"FocalLength\":\"4600\\/1000\",\"FlashPixVersion\":\"0100\",\"ColorSpace\":1,\"ExifImageWidth\":4160,\"ExifImageLength\":3120,\"InteroperabilityOffset\":428,\"GPSLatitudeRef\":\"N\",\"GPSLatitude\":[\"25\\/1\",\"2\\/1\",\"496907\\/10000\"],\"GPSLongitudeRef\":\"E\",\"GPSLongitude\":[\"102\\/1\",\"45\\/1\",\"377655\\/10000\"],\"GPSAltitudeRef\":\"\\u0000\",\"GPSAltitude\":\"1921000\\/1000\",\"GPSTimeStamp\":[\"10\\/1\",\"57\\/1\",\"52\\/1\"],\"GPSProcessingMode\":\"ASCII\",\"GPSDateStamp\":\"2014:07:30\",\"InterOperabilityIndex\":\"R98\",\"InterOperabilityVersion\":\"0100\"}', '0', '1414140191', '1414140191');
INSERT INTO `xshot_photo` VALUES ('23', '2029.jpg', '@刻木头的镜头', 'vivo', 'vivo Xshot', '1/50', '100', null, '0', '{\"FileName\":\"2029.jpg\",\"FileDateTime\":1414037312,\"FileSize\":213956,\"FileType\":2,\"MimeType\":\"image\\/jpeg\",\"SectionsFound\":\"ANY_TAG, IFD0, EXIF, GPS, INTEROP\",\"COMPUTED\":{\"html\":\"width=\\\"1000\\\" height=\\\"750\\\"\",\"Height\":750,\"Width\":1000,\"IsColor\":1,\"ByteOrderMotorola\":1,\"ApertureFNumber\":\"f\\/1.8\"},\"Make\":\"vivo\",\"Model\":\"vivo Xshot\",\"XResolution\":\"72\\/1\",\"YResolution\":\"72\\/1\",\"ResolutionUnit\":2,\"Software\":\"Snapseed 1.6\",\"DateTime\":\"2014:09:05 00:51:27\",\"YCbCrPositioning\":1,\"Exif_IFD_Pointer\":207,\"GPS_IFD_Pointer\":465,\"ExposureTime\":\"1\\/50\",\"ISOSpeedRatings\":100,\"ExifVersion\":\"0220\",\"DateTimeOriginal\":\"2014:09:04 19:51:59\",\"DateTimeDigitized\":\"2002:12:08 12:00:00\",\"ComponentsConfiguration\":\"\\u0001\\u0002\\u0003\\u0000\",\"ShutterSpeedValue\":\"5643\\/1000\",\"ApertureValue\":\"169\\/100\",\"Flash\":16,\"FocalLength\":\"4600\\/1000\",\"FlashPixVersion\":\"0100\",\"ColorSpace\":1,\"ExifImageWidth\":3200,\"ExifImageLength\":2400,\"InteroperabilityOffset\":530,\"GPSTimeStamp\":[\"11\\/1\",\"51\\/1\",\"59\\/1\"],\"GPSDateStamp\":\"2014:09:04\",\"InterOperabilityIndex\":\"R98\",\"InterOperabilityVersion\":\"0100\"}', '0', '1414140191', '1414140191');
INSERT INTO `xshot_photo` VALUES ('24', '2041.jpg', '@jeep杨', 'vivo', 'vivo Xshot', '1/1250', '100', null, '0', '{\"FileName\":\"2041.jpg\",\"FileDateTime\":1414037315,\"FileSize\":248552,\"FileType\":2,\"MimeType\":\"image\\/jpeg\",\"SectionsFound\":\"ANY_TAG, IFD0, THUMBNAIL, EXIF, GPS, INTEROP\",\"COMPUTED\":{\"html\":\"width=\\\"750\\\" height=\\\"1000\\\"\",\"Height\":1000,\"Width\":750,\"IsColor\":1,\"ByteOrderMotorola\":1,\"ApertureFNumber\":\"f\\/1.8\",\"Thumbnail.FileType\":2,\"Thumbnail.MimeType\":\"image\\/jpeg\"},\"Make\":\"vivo\",\"Model\":\"vivo Xshot\",\"XResolution\":\"72\\/1\",\"YResolution\":\"72\\/1\",\"ResolutionUnit\":2,\"YCbCrPositioning\":1,\"Exif_IFD_Pointer\":150,\"GPS_IFD_Pointer\":438,\"THUMBNAIL\":{\"Compression\":6,\"XResolution\":\"72\\/1\",\"YResolution\":\"72\\/1\",\"ResolutionUnit\":2,\"JPEGInterchangeFormat\":598,\"JPEGInterchangeFormatLength\":17033},\"ExposureTime\":\"1\\/1250\",\"ISOSpeedRatings\":100,\"ExifVersion\":\"0220\",\"DateTimeOriginal\":\"2014:07:04 06:06:24\",\"DateTimeDigitized\":\"2002:12:08 12:00:00\",\"ComponentsConfiguration\":\"\\u0001\\u0002\\u0003\\u0000\",\"ShutterSpeedValue\":\"10287\\/1000\",\"ApertureValue\":\"169\\/100\",\"Flash\":9,\"FocalLength\":\"4600\\/1000\",\"FlashPixVersion\":\"0100\",\"ColorSpace\":1,\"ExifImageWidth\":2400,\"ExifImageLength\":3200,\"InteroperabilityOffset\":408,\"GPSTimeStamp\":[\"22\\/1\",\"6\\/1\",\"24\\/1\"],\"GPSDateStamp\":\"2014:07:03\",\"InterOperabilityIndex\":\"R98\",\"InterOperabilityVersion\":\"0100\"}', '0', '1414140191', '1414140191');
INSERT INTO `xshot_photo` VALUES ('25', '3007.jpg', '@任紫玉ziyu', 'vivo', 'vivo X710L', '1/33', '200', null, '0', '{\"FileName\":\"3007.jpg\",\"FileDateTime\":1414037303,\"FileSize\":368903,\"FileType\":2,\"MimeType\":\"image\\/jpeg\",\"SectionsFound\":\"ANY_TAG, IFD0, THUMBNAIL, EXIF, GPS, INTEROP\",\"COMPUTED\":{\"html\":\"width=\\\"1000\\\" height=\\\"750\\\"\",\"Height\":750,\"Width\":1000,\"IsColor\":1,\"ByteOrderMotorola\":1,\"ApertureFNumber\":\"f\\/1.8\",\"Thumbnail.FileType\":2,\"Thumbnail.MimeType\":\"image\\/jpeg\"},\"Make\":\"vivo\",\"Model\":\"vivo X710L\",\"XResolution\":\"72\\/1\",\"YResolution\":\"72\\/1\",\"ResolutionUnit\":2,\"YCbCrPositioning\":1,\"Exif_IFD_Pointer\":150,\"GPS_IFD_Pointer\":458,\"THUMBNAIL\":{\"Compression\":6,\"XResolution\":\"72\\/1\",\"YResolution\":\"72\\/1\",\"ResolutionUnit\":2,\"JPEGInterchangeFormat\":770,\"JPEGInterchangeFormatLength\":20841},\"ExposureTime\":\"1\\/33\",\"ISOSpeedRatings\":200,\"ExifVersion\":\"0220\",\"DateTimeOriginal\":\"2014:08:27 07:32:10\",\"DateTimeDigitized\":\"2002:12:08 12:00:00\",\"ComponentsConfiguration\":\"\\u0001\\u0002\\u0003\\u0000\",\"ShutterSpeedValue\":\"5058\\/1000\",\"ApertureValue\":\"169\\/100\",\"ExposureBiasValue\":\"0\\/6\",\"Flash\":16,\"FocalLength\":\"4600\\/1000\",\"FlashPixVersion\":\"0100\",\"ColorSpace\":1,\"ExifImageWidth\":4160,\"ExifImageLength\":3120,\"InteroperabilityOffset\":428,\"GPSLatitudeRef\":\"N\",\"GPSLatitude\":[\"14\\/1\",\"21\\/1\",\"441046\\/10000\"],\"GPSLongitudeRef\":\"E\",\"GPSLongitude\":[\"100\\/1\",\"33\\/1\",\"275866\\/10000\"],\"GPSAltitudeRef\":\"\\u0001\",\"GPSAltitude\":\"21000\\/1000\",\"GPSTimeStamp\":[\"0\\/1\",\"32\\/1\",\"10\\/1\"],\"GPSProcessingMode\":\"ASCII\",\"GPSDateStamp\":\"2014:08:27\",\"InterOperabilityIndex\":\"R98\",\"InterOperabilityVersion\":\"0100\"}', '0', '1414140191', '1414140191');
INSERT INTO `xshot_photo` VALUES ('26', '3009.jpg', '@麦小权_MAC', 'vivo', 'vivo X710L', '1/33', '328', null, '0', '{\"FileName\":\"3009.jpg\",\"FileDateTime\":1414037304,\"FileSize\":283658,\"FileType\":2,\"MimeType\":\"image\\/jpeg\",\"SectionsFound\":\"ANY_TAG, IFD0, EXIF, GPS, INTEROP\",\"COMPUTED\":{\"html\":\"width=\\\"1000\\\" height=\\\"750\\\"\",\"Height\":750,\"Width\":1000,\"IsColor\":1,\"ByteOrderMotorola\":1,\"ApertureFNumber\":\"f\\/1.8\"},\"Make\":\"vivo\",\"Model\":\"vivo X710L\",\"XResolution\":\"72\\/1\",\"YResolution\":\"72\\/1\",\"ResolutionUnit\":2,\"Software\":\"Snapseed 1.6\",\"DateTime\":\"2014:08:24 13:06:55\",\"YCbCrPositioning\":1,\"Exif_IFD_Pointer\":207,\"GPS_IFD_Pointer\":485,\"ExposureTime\":\"1\\/33\",\"ISOSpeedRatings\":328,\"ExifVersion\":\"0220\",\"DateTimeOriginal\":\"2014:08:24 12:28:24\",\"DateTimeDigitized\":\"2002:12:08 12:00:00\",\"ComponentsConfiguration\":\"\\u0001\\u0002\\u0003\\u0000\",\"ShutterSpeedValue\":\"5058\\/1000\",\"ApertureValue\":\"169\\/100\",\"ExposureBiasValue\":\"0\\/6\",\"Flash\":24,\"FocalLength\":\"4600\\/1000\",\"FlashPixVersion\":\"0100\",\"ColorSpace\":1,\"ExifImageWidth\":4071,\"ExifImageLength\":3054,\"InteroperabilityOffset\":702,\"GPSLatitudeRef\":\"N\",\"GPSLatitude\":[\"39\\/1\",\"53\\/1\",\"221713\\/10000\"],\"GPSLongitudeRef\":\"E\",\"GPSLongitude\":[\"116\\/1\",\"27\\/1\",\"269604\\/10000\"],\"GPSAltitudeRef\":\"\\u0000\",\"GPSAltitude\":\"82000\\/1000\",\"GPSTimeStamp\":[\"4\\/1\",\"28\\/1\",\"24\\/1\"],\"GPSProcessingMode\":\"ASCII\",\"GPSDateStamp\":\"2014:08:24\",\"InterOperabilityIndex\":\"R98\",\"InterOperabilityVersion\":\"0100\"}', '0', '1414140191', '1414140191');
INSERT INTO `xshot_photo` VALUES ('27', '3010.jpg', '@清清', 'vivo', 'vivo Xshot', '16777216/5033164', '36865', null, '0', '{\"FileName\":\"3010.jpg\",\"FileDateTime\":1414037304,\"FileSize\":449498,\"FileType\":2,\"MimeType\":\"image\\/jpeg\",\"SectionsFound\":\"ANY_TAG, IFD0, THUMBNAIL, EXIF, GPS, INTEROP\",\"COMPUTED\":{\"html\":\"width=\\\"750\\\" height=\\\"1000\\\"\",\"Height\":1000,\"Width\":750,\"IsColor\":1,\"ByteOrderMotorola\":0,\"ApertureFNumber\":\"f\\/1.8\",\"UserComment\":\"Processed with VSCOcam with m3 preset\",\"UserCommentEncoding\":\"ASCII\",\"Copyright\":\"COPYRIGHT 2014. ALL RIGHTS RESERVED\"},\"ImageDescription\":\"Processed with VSCOcam with m3 preset\",\"Make\":\"vivo\",\"Model\":\"vivo Xshot\",\"XResolution\":\"72\\/1\",\"YResolution\":\"72\\/1\",\"ResolutionUnit\":512,\"Software\":\"VSCOcam Android Version: v2.3.1 (87) \",\"DateTime\":\"2014:06:28 21:20:21\",\"YCbCrPositioning\":256,\"Copyright\":\"COPYRIGHT 2014. ALL RIGHTS RESERVED\",\"Exif_IFD_Pointer\":336,\"GPS_IFD_Pointer\":904,\"THUMBNAIL\":{\"Compression\":1536,\"XResolution\":\"72\\/1\",\"YResolution\":\"72\\/1\",\"ResolutionUnit\":512},\"Orientation\":256,\"ExposureTime\":\"16777216\\/503316480\",\"ISOSpeedRatings\":36865,\"ExifVersion\":\"0220\",\"DateTimeOriginal\":\"2014:06:28 17:54:08\",\"DateTimeDigitized\":\"2002:12:08 12:00:00\",\"ComponentsConfiguration\":\"\\u0001\\u0002\\u0003\\u0000\",\"ShutterSpeedValue\":\"705888256\\/-402456576\",\"ApertureValue\":\"-1459617792\\/1677721600\",\"ExposureBiasValue\":\"0\\/100663296\",\"Flash\":4096,\"FocalLength\":\"-133103616\\/-402456576\",\"UserComment\":\"ASCII\\u0000\\u0000\\u0000Processed with VSCOcam with m3 preset\",\"FlashPixVersion\":\"0100\",\"ColorSpace\":256,\"ExifImageWidth\":806092800,\"ExifImageLength\":1074790400,\"InteroperabilityOffset\":872,\"InterOperabilityIndex\":\"R98\",\"InterOperabilityVersion\":\"0100\"}', '0', '1414140191', '1414140191');
INSERT INTO `xshot_photo` VALUES ('28', '3011.jpg', '@千里', 'vivo', 'vivo Xshot', '1/1994', '100', null, '0', '{\"FileName\":\"3011.jpg\",\"FileDateTime\":1414037305,\"FileSize\":495474,\"FileType\":2,\"MimeType\":\"image\\/jpeg\",\"SectionsFound\":\"ANY_TAG, IFD0, THUMBNAIL, EXIF, GPS, INTEROP\",\"COMPUTED\":{\"html\":\"width=\\\"1000\\\" height=\\\"563\\\"\",\"Height\":563,\"Width\":1000,\"IsColor\":1,\"ByteOrderMotorola\":1,\"ApertureFNumber\":\"f\\/1.8\",\"Thumbnail.FileType\":2,\"Thumbnail.MimeType\":\"image\\/jpeg\"},\"Make\":\"vivo\",\"Model\":\"vivo Xshot\",\"Orientation\":1,\"XResolution\":\"72\\/1\",\"YResolution\":\"72\\/1\",\"ResolutionUnit\":2,\"Software\":\"Adobe Photoshop CS4 Windows\",\"DateTime\":\"2014:09:01 09:29:56\",\"YCbCrPositioning\":1,\"Exif_IFD_Pointer\":236,\"GPS_IFD_Pointer\":548,\"THUMBNAIL\":{\"Compression\":6,\"XResolution\":\"72\\/1\",\"YResolution\":\"72\\/1\",\"ResolutionUnit\":2,\"JPEGInterchangeFormat\":710,\"JPEGInterchangeFormatLength\":4905},\"ExposureTime\":\"1\\/1994\",\"ISOSpeedRatings\":100,\"ExifVersion\":\"0220\",\"DateTimeOriginal\":\"2014:08:31 11:35:10\",\"DateTimeDigitized\":\"2002:12:08 12:00:00\",\"ComponentsConfiguration\":\"\\u0001\\u0002\\u0003\\u0000\",\"ShutterSpeedValue\":\"10961\\/1000\",\"ApertureValue\":\"169\\/100\",\"ExposureBiasValue\":\"0\\/6\",\"Flash\":16,\"FocalLength\":\"4600\\/1000\",\"FlashPixVersion\":\"0100\",\"ColorSpace\":1,\"ExifImageWidth\":4160,\"ExifImageLength\":2340,\"InteroperabilityOffset\":516,\"GPSTimeStamp\":[\"3\\/1\",\"35\\/1\",\"10\\/1\"],\"GPSDateStamp\":\"2014:08:31\",\"InterOperabilityIndex\":\"R98\",\"InterOperabilityVersion\":\"0100\"}', '0', '1414140191', '1414140191');
INSERT INTO `xshot_photo` VALUES ('29', '3014.jpg', '@子丘', 'vivo', 'vivo X710L', '1/100', '100', null, '0', '{\"FileName\":\"3014.jpg\",\"FileDateTime\":1414037306,\"FileSize\":186329,\"FileType\":2,\"MimeType\":\"image\\/jpeg\",\"SectionsFound\":\"ANY_TAG, IFD0, THUMBNAIL, EXIF, GPS, INTEROP\",\"COMPUTED\":{\"html\":\"width=\\\"1000\\\" height=\\\"750\\\"\",\"Height\":750,\"Width\":1000,\"IsColor\":1,\"ByteOrderMotorola\":1,\"ApertureFNumber\":\"f\\/1.8\",\"Thumbnail.FileType\":2,\"Thumbnail.MimeType\":\"image\\/jpeg\"},\"Make\":\"vivo\",\"Model\":\"vivo X710L\",\"XResolution\":\"72\\/1\",\"YResolution\":\"72\\/1\",\"ResolutionUnit\":2,\"YCbCrPositioning\":1,\"Exif_IFD_Pointer\":150,\"GPS_IFD_Pointer\":458,\"THUMBNAIL\":{\"Compression\":6,\"XResolution\":\"72\\/1\",\"YResolution\":\"72\\/1\",\"ResolutionUnit\":2,\"JPEGInterchangeFormat\":618,\"JPEGInterchangeFormatLength\":11204},\"ExposureTime\":\"1\\/100\",\"ISOSpeedRatings\":100,\"ExifVersion\":\"0220\",\"DateTimeOriginal\":\"2014:08:06 19:18:32\",\"DateTimeDigitized\":\"2002:12:08 12:00:00\",\"ComponentsConfiguration\":\"\\u0001\\u0002\\u0003\\u0000\",\"ShutterSpeedValue\":\"6643\\/1000\",\"ApertureValue\":\"169\\/100\",\"ExposureBiasValue\":\"0\\/6\",\"Flash\":16,\"FocalLength\":\"4600\\/1000\",\"FlashPixVersion\":\"0100\",\"ColorSpace\":1,\"ExifImageWidth\":4160,\"ExifImageLength\":3120,\"InteroperabilityOffset\":428,\"GPSTimeStamp\":[\"11\\/1\",\"18\\/1\",\"32\\/1\"],\"GPSDateStamp\":\"2014:08:06\",\"InterOperabilityIndex\":\"R98\",\"InterOperabilityVersion\":\"0100\"}', '0', '1414140191', '1414140191');
INSERT INTO `xshot_photo` VALUES ('30', '3016.jpg', '@高丽黛', 'vivo', 'vivo Xshot', '1/35', '100', '1.8', '0', '{\"FileName\":\"3016.jpg\",\"FileDateTime\":1414037307,\"FileSize\":791304,\"FileType\":2,\"MimeType\":\"image\\/jpeg\",\"SectionsFound\":\"ANY_TAG, IFD0, THUMBNAIL, EXIF, GPS\",\"COMPUTED\":{\"html\":\"width=\\\"1000\\\" height=\\\"750\\\"\",\"Height\":750,\"Width\":1000,\"IsColor\":1,\"ByteOrderMotorola\":0,\"ApertureFNumber\":\"f\\/1.8\",\"Thumbnail.FileType\":2,\"Thumbnail.MimeType\":\"image\\/jpeg\"},\"Make\":\"vivo\",\"Model\":\"vivo Xshot\",\"Orientation\":1,\"XResolution\":\"240\\/1\",\"YResolution\":\"240\\/1\",\"ResolutionUnit\":2,\"Software\":\"Adobe Photoshop CS6 (Windows)\",\"DateTime\":\"2014:08:14 12:40:16\",\"Exif_IFD_Pointer\":216,\"GPS_IFD_Pointer\":480,\"THUMBNAIL\":{\"Compression\":6,\"XResolution\":\"240\\/1\",\"YResolution\":\"240\\/1\",\"ResolutionUnit\":2,\"JPEGInterchangeFormat\":642,\"JPEGInterchangeFormatLength\":12178},\"ExposureTime\":\"1\\/35\",\"FNumber\":\"18\\/10\",\"ISOSpeedRatings\":100,\"ExifVersion\":\"0220\",\"DateTimeOriginal\":\"2014:07:22 11:39:41\",\"DateTimeDigitized\":\"2002:12:08 12:00:00\",\"ShutterSpeedValue\":\"5129283\\/1000000\",\"ApertureValue\":\"1695994\\/1000000\",\"ExposureBiasValue\":\"0\\/10000\",\"Flash\":16,\"FocalLength\":\"4600\\/1000\",\"ColorSpace\":65535,\"ExifImageWidth\":4160,\"ExifImageLength\":3120,\"GPSTimeStamp\":[\"7\\/1\",\"39\\/1\",\"40\\/1\"],\"GPSDateStamp\":\"2014:07:22\"}', '0', '1414140191', '1414140191');
INSERT INTO `xshot_photo` VALUES ('31', '3023.jpg', '@古风徽韵', 'vivo', 'vivo X710L', '1/100', '100', null, '0', '{\"FileName\":\"3023.jpg\",\"FileDateTime\":1414037310,\"FileSize\":534167,\"FileType\":2,\"MimeType\":\"image\\/jpeg\",\"SectionsFound\":\"ANY_TAG, IFD0, THUMBNAIL, EXIF, GPS, INTEROP\",\"COMPUTED\":{\"html\":\"width=\\\"1000\\\" height=\\\"750\\\"\",\"Height\":750,\"Width\":1000,\"IsColor\":1,\"ByteOrderMotorola\":1,\"ApertureFNumber\":\"f\\/1.8\",\"Thumbnail.FileType\":2,\"Thumbnail.MimeType\":\"image\\/jpeg\"},\"Make\":\"vivo\",\"Model\":\"vivo X710L\",\"Orientation\":1,\"XResolution\":\"72\\/1\",\"YResolution\":\"72\\/1\",\"ResolutionUnit\":2,\"Software\":\"Adobe Photoshop CS3 Windows\",\"DateTime\":\"2014:09:21 14:21:24\",\"YCbCrPositioning\":1,\"Exif_IFD_Pointer\":236,\"GPS_IFD_Pointer\":548,\"THUMBNAIL\":{\"Compression\":6,\"XResolution\":\"72\\/1\",\"YResolution\":\"72\\/1\",\"ResolutionUnit\":2,\"JPEGInterchangeFormat\":710,\"JPEGInterchangeFormatLength\":5578},\"ExposureTime\":\"1\\/100\",\"ISOSpeedRatings\":100,\"ExifVersion\":\"0220\",\"DateTimeOriginal\":\"2014:09:06 07:24:11\",\"DateTimeDigitized\":\"2002:12:08 12:00:00\",\"ComponentsConfiguration\":\"\\u0001\\u0002\\u0003\\u0000\",\"ShutterSpeedValue\":\"6643\\/1000\",\"ApertureValue\":\"169\\/100\",\"ExposureBiasValue\":\"0\\/6\",\"Flash\":16,\"FocalLength\":\"4600\\/1000\",\"FlashPixVersion\":\"0100\",\"ColorSpace\":1,\"ExifImageWidth\":4160,\"ExifImageLength\":3120,\"InteroperabilityOffset\":516,\"GPSTimeStamp\":[\"23\\/1\",\"24\\/1\",\"11\\/1\"],\"GPSDateStamp\":\"2014:09:05\",\"InterOperabilityIndex\":\"R98\",\"InterOperabilityVersion\":\"0100\"}', '0', '1414140191', '1414140191');
INSERT INTO `xshot_photo` VALUES ('32', '3027.jpg', '@西城秋色', 'vivo', 'vivo X710L', '32/1', '200', '1.8', '0', '{\"FileName\":\"3027.jpg\",\"FileDateTime\":1414037311,\"FileSize\":113725,\"FileType\":2,\"MimeType\":\"image\\/jpeg\",\"SectionsFound\":\"ANY_TAG, IFD0, EXIF, GPS\",\"COMPUTED\":{\"html\":\"width=\\\"1000\\\" height=\\\"750\\\"\",\"Height\":750,\"Width\":1000,\"IsColor\":1,\"ByteOrderMotorola\":0,\"ApertureFNumber\":\"f\\/1.8\"},\"ISOSpeedRatings\":200,\"Orientation\":1,\"Model\":\"vivo X710L\",\"MeteringMode\":65535,\"ImageLength\":3120,\"FocalLength\":\"4600\\/1000\",\"Flash\":16,\"LightSource\":0,\"DateTime\":\"2014:09:04 00:21:33\",\"ExposureTime\":\"32\\/1\",\"FNumber\":\"18\\/10\",\"ImageWidth\":4160,\"Make\":\"vivo\",\"GPS_IFD_Pointer\":256,\"Exif_IFD_Pointer\":321,\"JPEGInterchangeFormat\":351,\"JPEGInterchangeFormatLength\":4100,\"GPSTimeStamp\":[\"16\\/1\",\"21\\/1\",\"1\\/1\"],\"GPSDateStamp\":\"2014:09:03\"}', '0', '1414140191', '1414140191');
INSERT INTO `xshot_photo` VALUES ('33', '3031.jpg', '@jeep杨', 'vivo', 'vivo Xshot', '1/3300', '100', null, '0', '{\"FileName\":\"3031.jpg\",\"FileDateTime\":1414037312,\"FileSize\":388933,\"FileType\":2,\"MimeType\":\"image\\/jpeg\",\"SectionsFound\":\"ANY_TAG, IFD0, EXIF, GPS, INTEROP\",\"COMPUTED\":{\"html\":\"width=\\\"750\\\" height=\\\"1000\\\"\",\"Height\":1000,\"Width\":750,\"IsColor\":1,\"ByteOrderMotorola\":1,\"ApertureFNumber\":\"f\\/1.8\"},\"Make\":\"vivo\",\"Model\":\"vivo Xshot\",\"XResolution\":\"72\\/1\",\"YResolution\":\"72\\/1\",\"ResolutionUnit\":2,\"Software\":\"Snapseed 1.6\",\"DateTime\":\"2014:06:13 17:49:57\",\"YCbCrPositioning\":1,\"Exif_IFD_Pointer\":207,\"GPS_IFD_Pointer\":465,\"ExposureTime\":\"1\\/3300\",\"ISOSpeedRatings\":100,\"ExifVersion\":\"0220\",\"DateTimeOriginal\":\"2014:06:13 17:31:43\",\"DateTimeDigitized\":\"2002:12:08 12:00:00\",\"ComponentsConfiguration\":\"\\u0001\\u0002\\u0003\\u0000\",\"ShutterSpeedValue\":\"11688\\/1000\",\"ApertureValue\":\"169\\/100\",\"Flash\":16,\"FocalLength\":\"4600\\/1000\",\"FlashPixVersion\":\"0100\",\"ColorSpace\":1,\"ExifImageWidth\":3120,\"ExifImageLength\":4160,\"InteroperabilityOffset\":530,\"GPSTimeStamp\":[\"9\\/1\",\"31\\/1\",\"41\\/1\"],\"GPSDateStamp\":\"2014:06:13\",\"InterOperabilityIndex\":\"R98\",\"InterOperabilityVersion\":\"0100\"}', '0', '1414140191', '1414140191');
INSERT INTO `xshot_photo` VALUES ('34', '3035.jpg', '@jeep杨', 'vivo', 'vivo Xshot', '1/106', '368', null, '0', '{\"FileName\":\"3035.jpg\",\"FileDateTime\":1414037314,\"FileSize\":183667,\"FileType\":2,\"MimeType\":\"image\\/jpeg\",\"SectionsFound\":\"ANY_TAG, IFD0, EXIF, GPS, INTEROP\",\"COMPUTED\":{\"html\":\"width=\\\"1000\\\" height=\\\"750\\\"\",\"Height\":750,\"Width\":1000,\"IsColor\":1,\"ByteOrderMotorola\":1,\"ApertureFNumber\":\"f\\/1.8\"},\"Make\":\"vivo\",\"Model\":\"vivo Xshot\",\"XResolution\":\"72\\/1\",\"YResolution\":\"72\\/1\",\"ResolutionUnit\":2,\"Software\":\"Snapseed 1.6\",\"DateTime\":\"2014:07:01 20:10:17\",\"YCbCrPositioning\":1,\"Exif_IFD_Pointer\":207,\"GPS_IFD_Pointer\":465,\"ExposureTime\":\"1\\/106\",\"ISOSpeedRatings\":368,\"ExifVersion\":\"0220\",\"DateTimeOriginal\":\"2014:07:01 19:58:48\",\"DateTimeDigitized\":\"2002:12:08 12:00:00\",\"ComponentsConfiguration\":\"\\u0001\\u0002\\u0003\\u0000\",\"ShutterSpeedValue\":\"6726\\/1000\",\"ApertureValue\":\"169\\/100\",\"Flash\":16,\"FocalLength\":\"4600\\/1000\",\"FlashPixVersion\":\"0100\",\"ColorSpace\":1,\"ExifImageWidth\":3200,\"ExifImageLength\":2400,\"InteroperabilityOffset\":530,\"GPSTimeStamp\":[\"11\\/1\",\"58\\/1\",\"47\\/1\"],\"GPSDateStamp\":\"2014:07:01\",\"InterOperabilityIndex\":\"R98\",\"InterOperabilityVersion\":\"0100\"}', '0', '1414140191', '1414140191');
INSERT INTO `xshot_photo` VALUES ('35', '3037.jpg', '@jeep杨', 'vivo', 'vivo Xshot', '1/642', '100', null, '0', '{\"FileName\":\"3037.jpg\",\"FileDateTime\":1414037314,\"FileSize\":331826,\"FileType\":2,\"MimeType\":\"image\\/jpeg\",\"SectionsFound\":\"ANY_TAG, IFD0, EXIF, GPS, INTEROP\",\"COMPUTED\":{\"html\":\"width=\\\"1000\\\" height=\\\"1000\\\"\",\"Height\":1000,\"Width\":1000,\"IsColor\":1,\"ByteOrderMotorola\":1,\"ApertureFNumber\":\"f\\/1.8\"},\"Make\":\"vivo\",\"Model\":\"vivo Xshot\",\"XResolution\":\"72\\/1\",\"YResolution\":\"72\\/1\",\"ResolutionUnit\":2,\"Software\":\"Snapseed 1.6\",\"DateTime\":\"2014:07:02 22:07:18\",\"YCbCrPositioning\":1,\"Exif_IFD_Pointer\":207,\"GPS_IFD_Pointer\":465,\"ExposureTime\":\"1\\/642\",\"ISOSpeedRatings\":100,\"ExifVersion\":\"0220\",\"DateTimeOriginal\":\"2014:07:02 19:22:59\",\"DateTimeDigitized\":\"2002:12:08 12:00:00\",\"ComponentsConfiguration\":\"\\u0001\\u0002\\u0003\\u0000\",\"ShutterSpeedValue\":\"9327\\/1000\",\"ApertureValue\":\"169\\/100\",\"Flash\":16,\"FocalLength\":\"4600\\/1000\",\"FlashPixVersion\":\"0100\",\"ColorSpace\":1,\"ExifImageWidth\":2400,\"ExifImageLength\":2400,\"InteroperabilityOffset\":530,\"GPSTimeStamp\":[\"11\\/1\",\"22\\/1\",\"58\\/1\"],\"GPSDateStamp\":\"2014:07:02\",\"InterOperabilityIndex\":\"R98\",\"InterOperabilityVersion\":\"0100\"}', '0', '1414140191', '1414140191');
INSERT INTO `xshot_photo` VALUES ('36', '3040.jpg', '@jeep杨', 'vivo', 'vivo Xshot', '1/1026', '100', null, '0', '{\"FileName\":\"3040.jpg\",\"FileDateTime\":1414037315,\"FileSize\":358169,\"FileType\":2,\"MimeType\":\"image\\/jpeg\",\"SectionsFound\":\"ANY_TAG, IFD0, THUMBNAIL, EXIF, GPS, INTEROP\",\"COMPUTED\":{\"html\":\"width=\\\"1000\\\" height=\\\"750\\\"\",\"Height\":750,\"Width\":1000,\"IsColor\":1,\"ByteOrderMotorola\":1,\"ApertureFNumber\":\"f\\/1.8\",\"Thumbnail.FileType\":2,\"Thumbnail.MimeType\":\"image\\/jpeg\"},\"Make\":\"vivo\",\"Model\":\"vivo Xshot\",\"XResolution\":\"72\\/1\",\"YResolution\":\"72\\/1\",\"ResolutionUnit\":2,\"YCbCrPositioning\":1,\"Exif_IFD_Pointer\":150,\"GPS_IFD_Pointer\":438,\"THUMBNAIL\":{\"Compression\":6,\"XResolution\":\"72\\/1\",\"YResolution\":\"72\\/1\",\"ResolutionUnit\":2,\"JPEGInterchangeFormat\":598,\"JPEGInterchangeFormatLength\":21697},\"ExposureTime\":\"1\\/1026\",\"ISOSpeedRatings\":100,\"ExifVersion\":\"0220\",\"DateTimeOriginal\":\"2014:07:04 06:01:08\",\"DateTimeDigitized\":\"2002:12:08 12:00:00\",\"ComponentsConfiguration\":\"\\u0001\\u0002\\u0003\\u0000\",\"ShutterSpeedValue\":\"10002\\/1000\",\"ApertureValue\":\"169\\/100\",\"Flash\":9,\"FocalLength\":\"4600\\/1000\",\"FlashPixVersion\":\"0100\",\"ColorSpace\":1,\"ExifImageWidth\":3200,\"ExifImageLength\":2400,\"InteroperabilityOffset\":408,\"GPSTimeStamp\":[\"22\\/1\",\"1\\/1\",\"7\\/1\"],\"GPSDateStamp\":\"2014:07:03\",\"InterOperabilityIndex\":\"R98\",\"InterOperabilityVersion\":\"0100\"}', '0', '1414140191', '1414140191');
INSERT INTO `xshot_photo` VALUES ('37', '4030.jpg', '@jeep杨', null, null, null, null, null, '0', '{\"FileName\":\"4030.jpg\",\"FileDateTime\":1414037312,\"FileSize\":214057,\"FileType\":2,\"MimeType\":\"image\\/jpeg\",\"SectionsFound\":\"ANY_TAG, IFD0, EXIF\",\"COMPUTED\":{\"html\":\"width=\\\"1000\\\" height=\\\"407\\\"\",\"Height\":407,\"Width\":1000,\"IsColor\":1,\"ByteOrderMotorola\":1},\"Orientation\":1,\"Software\":\"Microsoft Windows Photo Viewer 6.3.9600.16384\",\"DateTime\":\"2014:10:23 12:04:44\",\"Exif_IFD_Pointer\":2200,\"UndefinedTag:0xEA1C\":null,\"ExifVersion\":\"0210\",\"ComponentsConfiguration\":\"0021\",\"FlashPixVersion\":\"0100\",\"ColorSpace\":1,\"ExifImageWidth\":6048,\"ExifImageLength\":2464}', '0', '1414140191', '1414140191');
INSERT INTO `xshot_photo` VALUES ('38', '4033.jpg', '@jeep杨', null, null, null, null, null, '0', '{\"FileName\":\"4033.jpg\",\"FileDateTime\":1414037313,\"FileSize\":232190,\"FileType\":2,\"MimeType\":\"image\\/jpeg\",\"SectionsFound\":\"ANY_TAG, IFD0, THUMBNAIL, EXIF\",\"COMPUTED\":{\"html\":\"width=\\\"1000\\\" height=\\\"513\\\"\",\"Height\":513,\"Width\":1000,\"IsColor\":1,\"ByteOrderMotorola\":0,\"Thumbnail.FileType\":2,\"Thumbnail.MimeType\":\"image\\/jpeg\"},\"Orientation\":1,\"XResolution\":\"300\\/1\",\"YResolution\":\"300\\/1\",\"ResolutionUnit\":2,\"Software\":\"Adobe Photoshop CC 2014 (Windows)\",\"DateTime\":\"2014:06:19 13:01:04\",\"Exif_IFD_Pointer\":168,\"THUMBNAIL\":{\"Compression\":6,\"XResolution\":\"300\\/1\",\"YResolution\":\"300\\/1\",\"ResolutionUnit\":2,\"JPEGInterchangeFormat\":330,\"JPEGInterchangeFormatLength\":4215},\"ExifVersion\":\"0210\",\"SubSecTime\":\"967\",\"ColorSpace\":1,\"ExifImageWidth\":4864,\"ExifImageLength\":2496}', '0', '1414140191', '1414140191');
INSERT INTO `xshot_photo` VALUES ('39', '4038.jpg', '@jeep杨', 'vivo', 'vivo Xshot', '1/220', '100', null, '0', '{\"FileName\":\"4038.jpg\",\"FileDateTime\":1414037314,\"FileSize\":286739,\"FileType\":2,\"MimeType\":\"image\\/jpeg\",\"SectionsFound\":\"ANY_TAG, IFD0, THUMBNAIL, EXIF, GPS, INTEROP\",\"COMPUTED\":{\"html\":\"width=\\\"1000\\\" height=\\\"750\\\"\",\"Height\":750,\"Width\":1000,\"IsColor\":1,\"ByteOrderMotorola\":1,\"ApertureFNumber\":\"f\\/1.8\",\"Thumbnail.FileType\":2,\"Thumbnail.MimeType\":\"image\\/jpeg\"},\"Make\":\"vivo\",\"Model\":\"vivo Xshot\",\"XResolution\":\"72\\/1\",\"YResolution\":\"72\\/1\",\"ResolutionUnit\":2,\"YCbCrPositioning\":1,\"Exif_IFD_Pointer\":150,\"GPS_IFD_Pointer\":438,\"THUMBNAIL\":{\"Compression\":6,\"XResolution\":\"72\\/1\",\"YResolution\":\"72\\/1\",\"ResolutionUnit\":2,\"JPEGInterchangeFormat\":598,\"JPEGInterchangeFormatLength\":18511},\"ExposureTime\":\"1\\/220\",\"ISOSpeedRatings\":100,\"ExifVersion\":\"0220\",\"DateTimeOriginal\":\"2014:07:04 05:57:20\",\"DateTimeDigitized\":\"2002:12:08 12:00:00\",\"ComponentsConfiguration\":\"\\u0001\\u0002\\u0003\\u0000\",\"ShutterSpeedValue\":\"7781\\/1000\",\"ApertureValue\":\"169\\/100\",\"Flash\":16,\"FocalLength\":\"4600\\/1000\",\"FlashPixVersion\":\"0100\",\"ColorSpace\":1,\"ExifImageWidth\":3200,\"ExifImageLength\":2400,\"InteroperabilityOffset\":408,\"GPSTimeStamp\":[\"21\\/1\",\"57\\/1\",\"20\\/1\"],\"GPSDateStamp\":\"2014:07:03\",\"InterOperabilityIndex\":\"R98\",\"InterOperabilityVersion\":\"0100\"}', '0', '1414140191', '1414140191');
INSERT INTO `xshot_photo` VALUES ('40', '4039.jpg', '@jeep杨', 'vivo', 'vivo Xshot', '1/2271', '102', null, '0', '{\"FileName\":\"4039.jpg\",\"FileDateTime\":1414037315,\"FileSize\":239135,\"FileType\":2,\"MimeType\":\"image\\/jpeg\",\"SectionsFound\":\"ANY_TAG, IFD0, THUMBNAIL, EXIF, GPS, INTEROP\",\"COMPUTED\":{\"html\":\"width=\\\"750\\\" height=\\\"1000\\\"\",\"Height\":1000,\"Width\":750,\"IsColor\":1,\"ByteOrderMotorola\":1,\"ApertureFNumber\":\"f\\/1.8\",\"Thumbnail.FileType\":2,\"Thumbnail.MimeType\":\"image\\/jpeg\"},\"Make\":\"vivo\",\"Model\":\"vivo Xshot\",\"XResolution\":\"72\\/1\",\"YResolution\":\"72\\/1\",\"ResolutionUnit\":2,\"YCbCrPositioning\":1,\"Exif_IFD_Pointer\":150,\"GPS_IFD_Pointer\":438,\"THUMBNAIL\":{\"Compression\":6,\"XResolution\":\"72\\/1\",\"YResolution\":\"72\\/1\",\"ResolutionUnit\":2,\"JPEGInterchangeFormat\":598,\"JPEGInterchangeFormatLength\":11151},\"ExposureTime\":\"1\\/2271\",\"ISOSpeedRatings\":102,\"ExifVersion\":\"0220\",\"DateTimeOriginal\":\"2014:07:04 05:59:07\",\"DateTimeDigitized\":\"2002:12:08 12:00:00\",\"ComponentsConfiguration\":\"\\u0001\\u0002\\u0003\\u0000\",\"ShutterSpeedValue\":\"11149\\/1000\",\"ApertureValue\":\"169\\/100\",\"Flash\":9,\"FocalLength\":\"4600\\/1000\",\"FlashPixVersion\":\"0100\",\"ColorSpace\":1,\"ExifImageWidth\":2400,\"ExifImageLength\":3200,\"InteroperabilityOffset\":408,\"GPSTimeStamp\":[\"21\\/1\",\"59\\/1\",\"6\\/1\"],\"GPSDateStamp\":\"2014:07:03\",\"InterOperabilityIndex\":\"R98\",\"InterOperabilityVersion\":\"0100\"}', '0', '1414140191', '1414140191');
INSERT INTO `xshot_photo` VALUES ('41', '4042.jpg', '@jeep杨', 'vivo', 'vivo Xshot', '1/1250', '100', null, '0', '{\"FileName\":\"4042.jpg\",\"FileDateTime\":1414037316,\"FileSize\":284475,\"FileType\":2,\"MimeType\":\"image\\/jpeg\",\"SectionsFound\":\"ANY_TAG, IFD0, THUMBNAIL, EXIF, GPS, INTEROP\",\"COMPUTED\":{\"html\":\"width=\\\"1000\\\" height=\\\"750\\\"\",\"Height\":750,\"Width\":1000,\"IsColor\":1,\"ByteOrderMotorola\":1,\"ApertureFNumber\":\"f\\/1.8\",\"Thumbnail.FileType\":2,\"Thumbnail.MimeType\":\"image\\/jpeg\"},\"Make\":\"vivo\",\"Model\":\"vivo Xshot\",\"XResolution\":\"72\\/1\",\"YResolution\":\"72\\/1\",\"ResolutionUnit\":2,\"YCbCrPositioning\":1,\"Exif_IFD_Pointer\":150,\"GPS_IFD_Pointer\":438,\"THUMBNAIL\":{\"Compression\":6,\"XResolution\":\"72\\/1\",\"YResolution\":\"72\\/1\",\"ResolutionUnit\":2,\"JPEGInterchangeFormat\":598,\"JPEGInterchangeFormatLength\":17949},\"ExposureTime\":\"1\\/1250\",\"ISOSpeedRatings\":100,\"ExifVersion\":\"0220\",\"DateTimeOriginal\":\"2014:07:04 06:07:28\",\"DateTimeDigitized\":\"2002:12:08 12:00:00\",\"ComponentsConfiguration\":\"\\u0001\\u0002\\u0003\\u0000\",\"ShutterSpeedValue\":\"10287\\/1000\",\"ApertureValue\":\"169\\/100\",\"Flash\":9,\"FocalLength\":\"4600\\/1000\",\"FlashPixVersion\":\"0100\",\"ColorSpace\":1,\"ExifImageWidth\":3200,\"ExifImageLength\":2400,\"InteroperabilityOffset\":408,\"GPSTimeStamp\":[\"22\\/1\",\"7\\/1\",\"28\\/1\"],\"GPSDateStamp\":\"2014:07:03\",\"InterOperabilityIndex\":\"R98\",\"InterOperabilityVersion\":\"0100\"}', '0', '1414140191', '1414140191');
